path_id	rank	pmid	year	relevance_grade	classification_reason	low_relevance_causes	detected_signals	title	abstract
Q1_database_algorithm_instability	1	42484860	2026	B	Contains a usable database or algorithm reliability observation.	generic_limitation_or_sensitivity_word	docking_only;functional_mediation;method_weak;network_pharmacology	Integrative systems biology and transcriptomic database analysis (GEPIA2 and TNMplot) uncover HRAS-driven anticancer mechanisms of anthraquinones in liver cancer.	Liver cancer, primarily hepatocellular carcinoma (HCC), remains a major contributor to global cancer mortality, underscoring the need for effective targeted therapies. This study employed an integrative systems biology and transcriptomic approach to investigate the anticancer potential of anthraquinones targeting HRAS in liver cancer. Putative targets of anthraquinones were predicted using Digep-Pred, while liver cancer-associated genes were retrieved from GeneCards, yielding 215 overlapping targets. Protein-protein interaction (PPI) network analysis identified key hub genes, including AKT1, TP53, and HRAS. Gene Ontology and KEGG pathway enrichment analyses revealed significant involvement of PI3K-Akt, MAPK, and Ras signaling pathways, highlighting their roles in tumor progression and therapeutic modulation. Network pharmacology further established HRAS as a central regulatory node. Pan-cancer transcriptomic profiling using GEPIA2 and TNMplot demonstrated significant overexpression and dysregulation of HRAS across multiple cancers, including liver cancer, with strong associations to tumor progression and prognosis. Genomic analysis via cBioPortal revealed mutation hotspots and copy-number-dependent expression patterns influencing HRAS activity. Molecular docking studies indicated that anthraquinones, particularly citreorosein, exhibited strong binding affinity (- 7.431) toward the HRAS active site through key interactions with SER17, LYS16, GLY13, THR35, and GLU31, outperforming standard drugs such as sorafenib. Molecular dynamics simulations confirmed the stability of the HRAS-citreorosein complex, with low RMSD values indicating minimal conformational deviation and stable binding. Dynamic cross-correlation analysis revealed coordinated residue motions and balanced correlated anticorrelated dynamics, supporting structural integrity. Collectively, these findings highlight HRAS as a promising therapeutic target and anthraquinones as potential candidates for liver cancer treatment.
Q1_database_algorithm_instability	2	42447091	2026	B	Contains a usable database or algorithm reliability observation.	generic_limitation_or_sensitivity_word	method_weak;network_pharmacology	Association between the combination of GABAergic agents and SSRIs at the first clinical visit and depressive symptom trajectories: A study using group-based trajectory modeling and Apriori algorithm.	Depression is a leading cause of disability, with limited efficacy of current treatments: 30% - 40% of major depressive disorder patients fail first-line therapy, and relapse rates remain high. Combination pharmacotherapy shows promise, but real-world evidence on initial treatment strategies and longitudinal symptom trajectories is lacking. We conducted a longitudinal analysis of electronic health records from 1,876 patients who visited the Shanghai Mental Health Center between November 2021 and April 2023. Group-based trajectory modeling (GBTM) classified patients into subgroups based on PHQ-9 score trajectories. The Apriori algorithm identified common medication mechanism combinations for the first visit. Multinomial logistic regression evaluated associations between medication groups and trajectory subgroups. General linear modeling examined SDS score improvement. Network pharmacology was conducted as an exploratory analysis to investigate potential biological context. Three PHQ-9 trajectory groups were identified: Rapid Decline (29.96%), Gradual Decline (30.76%), and Worsening (39.28%). The Worsening Group had lower initial PHQ-9 scores but showed progressive severity elevation. Four medication mechanism combination groups were identified including GABAergic agents alone (GABA), selective serotonin reuptake inhibitors alone (SSRIs), GABA+SSRIs combination, and Others. GABA+SSRIs was the most frequent combination (31.02%). Compared with GABA+SSRIs, patients in the SSRIs group (OR adj, 1.809; 95% CI, 1.196 - 2.736) had significantly higher odds of belonging to the Worsening Group (P = 0.005). In the supplementary SDS analysis, GABA monotherapy was associated with significantly less symptom improvement than GABA+SSRIs (β = -1.790, 95% CI: -3.320, -0.258). Network analysis identified 33 intersecting targets between GABA+SSRIs and depression, enriched in neurotransmission and synaptic plasticity pathways. Overall, the combination of GABAergic agents and SSRIs at the first clinical visit was associated with a more favorable PHQ-9 trajectory group than SSRIs monotherapy. These findings may inform future prospective and mechanistic studies on medication mechanism combinations in depression treatment.
Q1_database_algorithm_instability	3	42518339	2026	B	Contains a usable database or algorithm reliability observation.	generic_limitation_or_sensitivity_word	method_weak;network_pharmacology	SSRIs-induced liver injury adverse events: a data-based retrospective study and investigation of potential toxicological mechanisms.	AIM: To systematically evaluate safety signals of selective serotonin reuptake inhibitors (SSRIs) associated with drug-induced liver injury (DILI) using the FAERS database, and to explore potential toxicological mechanisms through drug-gene interaction network analysis. METHODS: Adverse event data for six SSRIs (2013-2023) were extracted from FAERS. Descriptive analysis and disproportionality signal detection (ROR, BCPNN) were performed. Time to DILI onset and factors influencing mortality were analyzed. Network pharmacology explored drug-gene interactions. Due to the absence of individual-level clinical data in FAERS, we could not apply the updated RUCAM, the gold standard for DILI causality assessment. RESULTS: DILI reports were most frequent in patients aged 18-64 years and in females. Sertraline had the highest number of reports; fluvoxamine the fewest. Common signals across SSRIs included hepatocellular injury and necrosis. Fluoxetine showed unique signals for hepatic steatosis, paroxetine for chronic active hepatitis, and sertraline for severe liver failure (e.g., primary biliary cholangitis, hemorrhagic hepatic cyst). Median time to onset was within the first month of treatment. Age 18-44 years (OR = 3.03, 95% CI: 1.12-8.18) and low body weight ≤60 kg (OR = 0.45, 95% CI: 0.18-1.14) were significant predictors of mortality. Network analysis suggested shared mechanisms (e.g., CYP450 dysfunction, apoptosis dysregulation) and drug-specific pathways (e.g., PI3K-Akt for sertraline, IL-17 signaling for fluoxetine/fluvoxamine). CONCLUSION: DILI safety signals for SSRIs are most frequent within the first month of treatment, particularly in female patients. Considerable variability in hepatotoxicity profiles among SSRIs supports drug-specific monitoring. These hypothesis-generating findings provide a basis for personalized risk assessment and require confirmation in prospective studies.
Q1_database_algorithm_instability	4	42440762	2026	B	Contains a usable database or algorithm reliability observation.	generic_limitation_or_sensitivity_word	method_weak;network_pharmacology	Post-marketing safety of lecanemab: a real-world study based on FAERS database, multicenter cohort and network pharmacology.	INTRODUCTION: Lecanemab is a monoclonal antibody targeting amyloid-beta (Aβ) approved for treating Alzheimer's disease (AD) with mild cognitive impairment or mild dementia. Continuous monitoring of its real-world safety profile remains essential. This study aimed to analyze lecanemab-related adverse events (AEs) using the FDA Adverse Event Reporting System (FAERS) database and a multicenter cohort, and explored mechanisms via network pharmacology. METHODS: We conducted an updated disproportionality analysis of FAERS data from 2023 to 2024 to identify disproportionate reporting signals (SDRs). A multicenter retrospective cohort study was performed, including lecanemab users from June 2024 to February 2025. Data were collected from electronic medical records of five tertiary hospitals. AEs were identified and influencing factors of AE occurrence were analyzed. Additionally, a drug-gene interaction network was constructed to explore potential mechanisms. RESULTS: In the FAERS analysis of 2,764 AEs from 1,389 lecanemab users, 12 of 41 positive SDRs were prioritized, with 75% (9/12) being nervous system disorders, primarily amyloid-related imaging abnormalities (ARIA). In the cohort study, 29.05% (43/148) of patients experienced AEs, with infusion-related reactions being most common. Age was identified as a risk factor for AE occurrence [OR (95% CI): 1.109 (1.011-1.215), P = 0.028], while pre-treatment significantly reduced AE incidence. Gene enrichment analysis suggested potential links between lecanemab-related genes and AEs. DISCUSSION: This study provides real-world evidence on the risk profile of lecanemab, highlighting the importance of continued safety monitoring. These findings may inform discussions about the risks associated with anti-amyloid treatments and warrant further confirmation in large-scale prospective studies.
Q1_database_algorithm_instability	5	42264128	2026	B	Contains a usable database or algorithm reliability observation.	docking_or_MD_misread_as_empirical_validation;generic_limitation_or_sensitivity_word	docking_only;method_weak;network_pharmacology	Fluoxetine-associated adverse event signals with a focus on seizure: A study based on the FAERS database, network pharmacology, and molecular docking.	OBJECTIVE: To evaluate fluoxetine-associated adverse event reporting signals in the FDA Adverse Event Reporting System (FAERS), focusing on seizure, and to explore potential biological plausibility using network pharmacology and molecular docking. METHODS: FAERS reports with fluoxetine as the suspected drug were extracted. Clinical characteristics, adverse event profiles, seriousness, outcomes, and time-to-onset were analyzed. Disproportionality analysis was performed using reporting odds ratio (ROR). Overlapping targets between fluoxetine and seizure were identified, followed by GO/KEGG enrichment, PPI analysis, and molecular docking. RESULTS: Females accounted for 58.11% of fluoxetine-associated reports, and serious adverse events accounted for 86.45%. Psychiatric disorders and nervous system disorders were the main SOC categories, with RORs of 4.24 and 1.71, respectively. Seizure was reported in 496 cases (0.48%). Most adverse events occurred within 0-30 days, with a median onset of 11 days, while 14.34% occurred after 360 days. Mechanistic analysis identified 37 overlapping targets, mainly enriched in ion transport, neurotransmitter receptor activity, serotonergic and dopaminergic synapses, and inflammatory pathways. MAOA, BDNF, IL1B, CRH, IL6, and NTRK2 were identified as core targets. Docking suggested stable binding of fluoxetine with MAOA and NTRK2. CONCLUSION: Fluoxetine-associated adverse events showed prominent psychiatric and neurological features. Seizure, although infrequent, warrants pharmacovigilance attention. MAOA and NTRK2 may be key candidate targets involved in fluoxetine-associated seizure.
Q1_database_algorithm_instability	6	42216572	2026	D	Does not substantively match the path goal.	network_pharmacology_phrase_not_substantive;generic_limitation_or_sensitivity_word	docking_only;functional_mediation;generic_experiment;measured_exposure;method_weak	Integrative Database-Driven In Silico and In Vitro Study of Anemarrhena asphodeloides Bunge Highlighting Hippeastrine as a Regulator of the HSP90/PI3K/Akt/mTOR Axis in Oral Squamous Cell Carcinoma.	Oral squamous cell carcinoma (OSCC) has a poor prognosis and limited effective therapies. Anemarrhena asphodeloides exhibits anticancer activity, but its efficacy in OSCC treatment remains underexplored. Network and protein-protein interaction analysis identified 275 overlapping targets and 12 hub genes, with HSP90AA1, HSP90AB1, and CASP3 upregulated in OSCC, linked to poorer survival. QSAR modeling, molecular docking, and molecular dynamics simulations demonstrated stable binding of key bioactive compounds with HSP90 and AKT1, highlighting hippeastrine as a promising candidate. ADMET analysis indicated their favorable pharmacokinetic profiles. To validate the therapeutic potential of hippeastrine, in vitro experiments were conducted using the CAL27 and SCC-9 cell lines. CCK-8 assay demonstrated that hippeastrine exerted significant and dose-dependent cytotoxicity against OSCC cells. Furthermore, hippeastrine treatment significantly suppressed colony formation and attenuated cell migration and invasion capabilities. Gene set enrichment analysis of TCGA-HNSC data revealed a positive correlation between HSP90AA1/AB1 expression and PI3K/Akt/mTOR signaling. Western blot analysis confirmed inhibition of the HSP90-PI3K-Akt-mTOR axis by hippeastrine. Moreover, functional rescue experiments with the PI3K activator 740 Y-P successfully reversed the hippeastrine-induced suppression of cell viability and PI3K/Akt phosphorylation. These findings indicate that hippeastrine exerts anti-OSCC effects by targeting the HSP90/PI3K/Akt/mTOR pathway, highlighting it as a novel therapeutic agent against OSCC.
Q1_database_algorithm_instability	7	42097324	2026	D	Does not substantively match the path goal.	network_pharmacology_phrase_not_substantive	method_strong;method_weak	Mixed exposure to brominated flame retardants adversely affects vaccine-induced antibody titers: Risk prioritization and benchmark dose modeling.	The association between brominated flame retardant (BFRs) exposure and measles, mumps, and rubella vaccine (MMR) antibody responses was investigated using the National Health and Nutrition Examination Survey (2003-2004). Using multivariate linear regression and restricted cubic spline (RCS) model, we found significant inverse association between single BFR exposure (BB-153 and BDE-100) and mumps antibody levels (P < 0.05). Mixed BFR exposure synergistically reduced antibody levels across mumps and rubella vaccines, with BB-153 identified as the dominant contributor for mumps (PIP = 0.460). Benchmark dose modeling revealed immunotoxicity thresholds for a 10% antibody reduction: BB-153 (BMDL10 = 46.73 pg/g serum) for mumps, BDE-153 (BMDL10 = 258.27 pg/g serum) for rubella. While the exposure levels of most people in this study were below these thresholds, dose-response trends were still observed at sub-threshold concentrations. Enrichment analyses via Comparative Exploratory functional enrichment analysis suggested that BFR exposure may be associated with immune-related pathways. However, these findings are hypothesis-generating and do not represent definitive mechanistic evidence. Further experimental studies are needed to validate these potential biological mechanisms. Sensitivity analyses confirmed robust associations, and independent toxic effects were observed in females. This is the first study to examine the relationship between BFR exposure and MMR vaccine effects, highlighting the need for enhanced monitoring and a revised framework for assessing immunotoxicity.
Q1_database_algorithm_instability	8	42113694	2026	A	Direct database, algorithm, coverage, overlap, benchmark, or reproducibility evidence.	docking_or_MD_misread_as_empirical_validation	docking_only;method_strong;method_weak;network_pharmacology	Reproducible Computational Workflow for Drug Discovery to Standardize Network Pharmacology and Molecular Docking Analyses.	Network pharmacology and molecular docking are widely applied in drug discovery, yet fragmented workflows and inconsistent operations frequently undermine result reproducibility. Here, a standardized protocol integrating these approaches into a reproducible framework for drug screening and mechanism exploration is described, with the workflow organized into three sequential phases: data preparation, computational analysis, and validation. In the preparation phase, compound libraries from public databases are filtered via Absorption, Distribution, Metabolism, Excretion, and Toxicity (ADMET) criteria, including oral bioavailability, drug-likeness, and toxicity prediction, while potential therapeutic targets are obtained through target prediction and integration of disease-related databases to comprehensively identify drug-disease interaction candidates. In the computational analysis phase, overlapping targets undergo Gene Ontology (GO) and Kyoto Encyclopedia of Genes and Genomes (KEGG) enrichment analyses and protein-protein interaction network topological analysis to identify core targets; molecular docking is configured with two standardized optional strategies with distinct advantages. The two-step progressive strategy employs AutoDock Vina for high-throughput preliminary screening of the compound library, followed by precise re-docking with YASARA, which eliminates false positives from high-throughput screening and generates protein-ligand complexes natively compatible with subsequent YASARA molecular dynamics (MD) simulations to avoid structural deviations caused by cross-software format conversion. The one-step strategy completes the full docking process via YASARA alone, which simplifies the operation workflow, improves experimental efficiency, and is fully applicable for specific research goals. In the validation phase, standardized MD simulations evaluate ligand-protein complex stability via core metrics of root mean square deviation (RMSD) and root mean square fluctuation (RMSF). This unified, reproducible pipeline enhances the reliability of network pharmacology and docking studies and facilitates cross-study comparisons in computational drug discovery.
Q1_database_algorithm_instability	9	42078472	2026	B	Contains a usable database or algorithm reliability observation.	generic_limitation_or_sensitivity_word	method_weak;network_pharmacology	Kidney adverse events associated with calcineurin inhibitors: a real-world study based on the FAERS database and network pharmacology.	OBJECTIVE: This study utilized FDA Adverse Event Reporting System (FAERS) data and network pharmacology methods to evaluate the risk of renal adverse events (AEs) associated with calcineurin inhibitors (CNIs), providing guidance for safe drug use. METHOD: By analyzing FAERS data from 2004 to 2024, we identified renal AEs associated with CNI therapy. We employed imbalance analysis (report odds ratio [ROR], proportion of reports ratio [PRR], MGPS, and Bayesian confidence propagation neural network [BCPNN]) to detect signals and explored drug-gene interaction networks to investigate potential mechanisms. RESULTS: Revealed significant associations between cyclosporine, tacrolimus, and voclosporin with renal injury, with voclosporin showing stronger correlations (ROR = 5.24, PRR = 4.85, EBGM05 = 4.85, IC025 = 2.28) but lower mortality rates. Network pharmacology analysis suggested that cyclosporine, tacrolimus, and everolimus may exert their toxic effects by acting on core genes. CONCLUSION: The widespread use of CNIs raises concerns about their renal safety. This study provides new evidence from real-world data indicating differences in renal toxicity risk and mechanisms among calcineurin inhibitors (CNIs), underscoring the importance of pharmacovigilance strategies for patients with autoimmune diseases.
Q1_database_algorithm_instability	10	41801966	2026	B	Contains a usable database or algorithm reliability observation.	generic_limitation_or_sensitivity_word	method_weak;network_pharmacology	Leukotriene receptor antagonists and eosinophilic granulomatosis with polyangiitis: a disproportionality analysis from FAERS, JADER, CVAR databases integrated with network pharmacology.	OBJECTIVE: The relationship between leukotriene receptor antagonists (LTRAs) usage and the subsequent occurrence of eosinophilic granulomatosis with polyangiitis (EGPA) remained highly polarizing and controversial in previous studies. We aimed to investigate the risk of EGPA caused by LTRAs and the potential toxicological mechanisms of LTRAs-related EGPA. METHODS: In this real-world pharmacovigilance study, we collected adverse event (AE) reports of EGPA associated with LTRAs use from the U.S. FDA Adverse Event Reporting System (FAERS), Japanese Adverse Drug Event Reporting (JADER), and Canadian Vigilance Adverse Reaction (CVAR) databases. The reporting odds ratio (ROR), proportional reporting ratio (PRR), information component (IC), and empirical Bayesian geometric mean (EBGM) were calculated to quantify the strength of the association between LTRAs and EGPA. The Weibull shape parameter (WSP) test was applied to analyze time-to-onset profiles of EGPA toxicity. Network pharmacology analysis was subsequently performed to identify the central genes to determine the potential mechanisms underlying LTRAs-induced EGPA. RESULTS: LTRAs, including montelukast, zafirlukast, and pranlukast, exhibited a strong association with EGPA in three databases (the lower limit of 95% confidence interval (CI) for ROR > 1, PRR > 2 with χ2 values ≥4, EBGM05 > 2, and IC025 > 0). After excluding corticosteroids as concomitant medication, montelukast remained significantly associated with EGPA in the FAERS database. The median time-to-onset of EGPA associated with LTRAs was 233 (range: 76-660) days, and the WSP test indicated LTRAs had early failure-type profiles. We isolated 81 interactive target genes linking LTRAs to EGPA. Several central genes, including SRC, PTGS2, EDN1, HMOX1, KDR, and OCLN, were revealed via protein-protein interactions analysis and molecular complex detection (MCODE) algorithm. CONCLUSION: Our study revealed LTRAs could increase the risk of EGPA, and initially explored potential genes and mechanisms of LTRAs-induced EGPA. It is helpful for clinicians to be alerted to the risk of EGPA during LTRAs administration.
Q1_database_algorithm_instability	11	39604807	2026	B	Contains a usable database or algorithm reliability observation.	docking_or_MD_misread_as_empirical_validation;generic_limitation_or_sensitivity_word	docking_only;method_weak;network_pharmacology	An integrated analysis of network pharmacology and GEO database to decode the active component and the underlying mechanism of Yiwei decoction in non-small cell lung cancer.	"Treating non‑small‑cell lung cancer (NSCLC) is challenging and demands therapies with minimal side effects to enhance patient quality of life. Yiwei Decoction (YWD) shows potential for NSCLC treatment,but further research is necessary for full comprehension about active compounds, molecular targets, and mechanisms. Using TCMSP and BATMAN‑TCM, the study identified YWD's active components and targets, and analyzed NSCLC differential genes from the GEO database.NSCLC targets from GeneCard, NCBI, and DisGeNET were combined with differential genes to identify component targets. A PPI network showed overlapping targets, while GO and KEGG analyses assessed relevant pathways. Molecular docking validated the connection between the main compound and core target in the ""active ingredient‑target‑pathway"" network. The study identified 193 targets for 20 active YWD components and 197 NSCLC‑related targets, with 14 overlaps.GO analysis revealed that YWD affects 146 biological processes, including cell proliferation and protein kinase binding. KEGG analysis identified 58 pathways related to inflammation, cell survival, and cancer, clarifying YWD's role in NSCLC treatment. Network analysis and molecular docking indicated that n‑coumaroyltyramine and quercetin effectively bind to CCND1 and EGFR, underscoring their therapeutic contributions. The study suggests that YWD may target CCND1, EGFR, and TP53, impacting HIF‑1, JAK‑STAT, and other stress‑related pathways in NSCLC."
Q1_database_algorithm_instability	12	41800093	2026	D	Does not substantively match the path goal.	network_pharmacology_phrase_not_substantive	context;method_strong;method_weak	Rethinking network analysis in ethnopharmacology: a multi-omics and AI roadmap to overcome conceptual and methodological biases.	"Network analysis (NA) is a widely used computational tool for exploring the complex systems of interactions in ethnopharmacology, aiming to predict potential targets and generate mechanistic hypotheses. However, the predictive validity and biological relevance of its outputs are constrained by a pervasive methodological bottleneck: the recurrent identification of a narrow set of molecules-such as quercetin-across disparate natural products and diseases. Through a systematic analysis of 1,038 network-based studies, we establish ""homogeneity"" as a coherent, multi-level pattern, from ""Flavonoid Centrality"" to a ""Hub-Target Core"" and restricted ""Canonical Pathways,"" transcending specific remedies or diseases. We conceptualize this as a self-reinforcing ""convergent discovery pipeline,"" in which initial database biases are amplified by context-insensitive analytical approaches. Empirical evidence shows that integrating contextual experimental or multi-omics data mitigates homogeneity. To break this cycle and align network analysis more closely with pharmacological best practices, we propose an integrated framework that shifts from database dependency to empirically driven data acquisition, leverages bias-aware artificial intelligence for curation and prioritization, and advances dynamic, context-specific network modeling. This framework provides a clear roadmap to disrupt methodological inertia and steer network-based research in ethnopharmacology toward a more robust, diverse, and pharmacologically and clinically relevant future."
Q1_database_algorithm_instability	13	41657773	2025	D	Does not substantively match the path goal.	network_pharmacology_phrase_not_substantive;generic_in_vivo_in_vitro_or_validation_without_target_test;generic_limitation_or_sensitivity_word	context;generic_experiment;method_weak	GRAYU: graph-based database integrating Ayurvedic formulations, medicinal plants, phytochemicals and diseases.	INTRODUCTION: The translation of India's extensive traditional knowledge on indigenous medicinal plants into modern therapeutic solutions is contingent upon a systematic framework. While traditional Indian medicine offers a rich source of therapeutic leads, this knowledge is often not structured for modern computational analysis, creating a barrier to systematic drug discovery. METHODS: To this end, we present GRAYU, a curated and comprehensive online database that integrates data across multiple categories, connecting 1,039 traditional formulations to 12,743 indigenous plants, 129,542 phytochemicals, and 13,480 indicated diseases. RESULTS: GRAYU provides insights into 1,370,257 plant-phytochemical, 116,531 plant-disease, 2,389 plant-formulation, and 4,087 formulation-disease associations. We show potential applications on phytochemical analogs, sustainable plant substitution, and disease-network analysis, highlighting the potential of integrative graphs to decode shared molecular signatures and therapeutic networks across traditional Ayurvedic formulations. DISCUSSION: GRAYU represents a user-friendly resource for researchers to investigate complex bio-associations and formulate novel therapeutic hypotheses, with insights from traditional Indian medicine. GRAYU organises reported associations and computational relationships and can hint at mechanistic causality or biological activity; however, all outputs require contextual interpretation and further experimental validation. The database is available at https://caps.ncbs.res.in/GRAYU/.
Q1_database_algorithm_instability	14	41546862	2026	C	Uses the field terminology but does not directly compare data or algorithms.	generic_in_vivo_in_vitro_or_validation_without_target_test;docking_or_MD_misread_as_empirical_validation;generic_limitation_or_sensitivity_word	docking_only;generic_experiment;network_pharmacology	Elucidating the molecular mechanism of Bazhen decoction in the treatment of liver cancer: an integrated approach using network pharmacology, cancer databases, molecular docking, and experimental validation.	OBJECTIVES: To investigate the Bazhen decoction (BZD) mechanism in the treatment of liver cancer (LC). METHODS: Integrative approach combining network pharmacology, HPLC, molecular docking, public cancer databases, and MTT colorimetric assay to elucidate the pharmacological mechanisms of BZD against LC. KEY FINDINGS: We identified 647 common targets between BZD and LC, with PPI analysis revealing SRC, PIK3CA, AKT1, HSP90AA1, and STAT3 as core targets. KEGG pathway analysis further highlighted PI3K-AKT, MAPK, HIF-1, and Rap1 signaling pathways as critical mechanisms mediating BZD's therapeutic effects. Notably, validation using cancer databases showed that many core targets exhibit differential messenger RNA (mRNA) and protein expression between LC and normal tissues, with their expression levels significantly associated with the overall survival of LC patients. Molecular docking analysis revealed strong binding affinities between the majority of core compounds and their corresponding core targets. HPLC analysis was performed using neochlorogenic acid, chlorogenic acid, cryptochlorogenic acid, ferulic acid, and senkyunolide I as reference standards. MTT assays confirmed that BZD significantly inhibited the proliferation of HepG2 and Huh7 cells in a time- and dose-dependent manner. CONCLUSIONS: BZD exerts anti-LC effects through multi-target regulation, particularly involving AKT1, PIK3CA, SRC, and HSP90AA1, as well as suppression of the PI3K-AKT signaling pathway. These findings provide a mechanistic basis for its potential clinical application in LC therapy and warrant further in vivo investigation.
Q1_database_algorithm_instability	15	41346143	2026	B	Contains a usable database or algorithm reliability observation.	generic_in_vivo_in_vitro_or_validation_without_target_test;generic_limitation_or_sensitivity_word	generic_experiment;method_weak;network_pharmacology	Beyond the Database: Integration of Network Pharmacology and UHPLC-QTOF-MS/MS to Reveal the Neuroprotective Potential of Bai Mi Decoction in Stroke Therapy.	"Network pharmacology is instrumental in understanding how TCM works by targeting specific pathways. This study examines different mechanisms using three network pharmacology approaches, focusing on the TCM ""Bai Mi Decoction"" (BMD). The neuroprotective effects of BMD were evaluated in a middle cerebral artery occlusion-reperfusion (MCAO/R) rat model. The composition of BMD extract (BMDE) and its components in brain (BMDB) were analyzed using UHPLC-QTOF-MS/MS, alongside documented constituents from the database (BMDD). A network pharmacological analysis was conducted to explore the similarities and differences in BMD's neuroprotective mechanisms. BMD showed a strong neuroprotective effect in MCAO/R rats, as indicated by lower neurological deficit scores, smaller cerebellar infarct sizes, and improved histopathological changes. Analysis identified 45, 11, and 22 components in BMDE, BMDB, and BMDD, respectively, with 29, 26, and 23 potential therapeutic targets. However, most database-listed compounds were not found in actual samples. Functional enrichment and pathway network analysis showed that BMDE and BMDB shared the most targets. MAPK1 was the only common target across all groups, targeted by crocetin, the sole shared compound. BMD proved highly effective in MCAO/R rats, with compounds found in BMD extracts or in vivo better reflecting the actual pharmacological mechanisms than database-derived ones."
Q1_database_algorithm_instability	16	41031498	2026	B	Contains a usable database or algorithm reliability observation.	generic_in_vivo_in_vitro_or_validation_without_target_test;docking_or_MD_misread_as_empirical_validation;generic_limitation_or_sensitivity_word	context;docking_only;generic_experiment;method_weak;network_pharmacology	Mechanistic Insights into Shenfu Injection for COVID-19-Induced ARDS: A Combined Analysis of GEO Database, Network Pharmacology, and Molecular Docking.	INTRODUCTION: Acute respiratory distress syndrome (ARDS) is a severe and life-threatening complication of COVID-19, for which no specific antiviral treatment currently exists. Shenfu Injection (SFI), a traditional Chinese medicine formulation, has shown clinical promise in improving respiratory function and reducing mortality in ARDS patients. However, its underlying molecular mechanisms remain poorly understood. METHODS: A combined network pharmacology and bioinformatics approach was used to elucidate the potential mechanisms of SFI against COVID-19-induced ARDS. SFI-related targets were identified through multiple public databases, followed by Gene Ontology (GO) and KEGG pathway enrichment analyses. Gene expression data from GEO datasets (GSE171110 and GSE273149) were used to identify differentially expressed genes in COVID-19-induced ARDS, which were then intersected with SFI targets. Molecular docking was performed to evaluate the binding affinities between major active compounds in SFI and core viral proteins, including 3CLpro, RdRp, and ACE2. RESULTS: A total of 398 SFI-associated targets were identified, with key targets including SRC, MAPK1, MAPK3, PIK3R1, and STAT3. Active compounds such as Gomisin B, Deoxyharringtonine, Ginsenoside-Rh4_qt, Suchilactone, and Celabenzine were highlighted. Enrichment analyses identified 2,883 GO terms and 219 KEGG pathways (p < 0.05), primarily involving the PI3K-Akt, MAPK, TNF, NF-κB, and apoptosis signaling pathways. GEO data analysis confirmed the involvement of these pathways in COVID-19-induced ARDS. Molecular docking showed strong binding affinities, particularly between Ginsenoside-Rh4_qt and 3CLpro/ACE2, and Celabenzine with RdRp. DISCUSSION: The findings suggest that SFI exerts therapeutic effects through modulation of key inflammatory and immune pathways and by direct interaction with SARS-CoV-2 viral proteins. This multi-target mechanism aligns with the pharmacological characteristics of traditional Chinese medicine. However, further experimental validation is required to confirm these computational predictions and assess clinical relevance. CONCLUSION: This study provides mechanistic insights into how SFI may alleviate COVID-19-induced ARDS via modulation of critical signaling pathways and interaction with viral targets, offering a theoretical foundation for its clinical application in the management of severe COVID-19 cases.
Q1_database_algorithm_instability	17	41355494	2025	C	Uses the field terminology but does not directly compare data or algorithms.	generic_limitation_or_sensitivity_word	network_pharmacology	Optimisation of wheatgrass extraction using composite weighting-response surface methodology with phytochemical profiling and network pharmacology-based target prediction.	Wheatgrass is not only rich in nutrients but also highly medicinal. In this study, ethanol - assisted ultrasonic extraction technology was used to prepare wheatgrass extracts. The composite weighting method and response surface design were innovatively applied to comprehensively evaluate the extraction process based on total phenolic content, total flavonoid content and DPPH•scavenging rate, and A549 cell growth inhibition rate. Results showed the optimal extraction condition was the ethanol volume fraction 39.56%, liquid-to-solid ratio 40.11 mL/g, and time 42.21 min, with a comprehensive scoring of 64.04%. The 20 bioactive compounds in the optimal extract that met the criteria were selected for further network pharmacological analysis. The analysis suggested that wheatgrass extract exerts its antioxidant and anti-non-small cell lung cancer (NSCLC) activities primarily through the phosphatidylinositol 3-kinase (PI3K)/AKT signalling and epidermal growth factor receptor (EGFR) tyrosine kinase inhibitor resistance pathways.
Q1_database_algorithm_instability	18	41323824	2025	B	Contains a usable database or algorithm reliability observation.	generic_limitation_or_sensitivity_word	context;method_weak;network_pharmacology	Food-Herb Dual-Function in Astragali Radix-Poria-Rheum: Network Pharmacology and Database Mining for Diabetic Kidney Disease Mechanisms Exploration.	The growing demand for functional foods derived from medicinal-edible homologous resources offers a promising strategy to address the chronic metabolic dysregulation underlying diabetic kidney disease (DKD), particularly in patients requiring long-term pharmacological interventions. DKD, a metabolic disorder-driven complication of diabetes, is characterized by chronic hyperglycemia, insulin resistance (IR), and systemic metabolic dysregulation, necessitating novel dietary approaches to complement conventional therapies. To systematically explore the therapeutic potential of medicinal-edible homologous herbs in DKD management, this study retrieved clinical literature from the China National Knowledge Infrastructure (CNKI) database, focusing on traditional Chinese medicines (CHMs) with dual dietary and therapeutic functions. By integrating data mining techniques (frequency analysis, attribute-flavor analysis, herb-pair co-occurrence networks, and cluster analysis) with expert clinical consensus, we prioritized the identification of core medicinal-edible homologous combinations that align with DKD's metabolic pathology. This multi-dimensional approach revealed Huangqi (Astragali Radix), Fuling (Poria), and Dahuang (Rhei Radix et Rhizoma) (Ast-Por-Rhe) as the most predictive herb combination, highlighting their synergistic role as functional food-derived agents in mitigating DKD progression. Network pharmacology revealed that Ast-Por-Rhe's bioactive components (e.g., isorhamnetin, 7-O-methyleriodictyol) act as dual-purpose nutrients and metabolic regulators, synergistically targeting 38 DKD-associated genes. Functional enrichment analysis demonstrated Ast-Por-Rhe's capacity to restore metabolic homeostasis by alleviating IR through dephosphorylation modulation, while rectifying PI3K-Akt signaling. In a streptozotocin (STZ)-induced DKD rat model, Ast-Por-Rhe supplementation, as a functional food intervention, significantly mitigated renal metabolic dysfunction, evidenced by enhanced IRS1/PI3K/Akt activity, reduced lipid peroxidation, and improved renal fibrosis. These findings position Ast-Por-Rhe as a paradigm of medicinal-edible homologous functional foods that counteract DKD progression through multi-component synergy, specifically targeting IR-driven metabolic perturbations. This study provides a translational roadmap for developing evidence-based dietary strategies using bioactive food components, advancing the application of medicinal-edible resources in metabolic disorder management.
Q1_database_algorithm_instability	19	41074253	2025	B	Contains a usable database or algorithm reliability observation.	generic_in_vivo_in_vitro_or_validation_without_target_test;generic_limitation_or_sensitivity_word	generic_experiment;method_weak;network_pharmacology	Rapid Discovery of Guaiane-Type Sesquiterpenoids with Rare Ring Skeletons from Daphne aurantiaca using Molecular Networking Together with MS-DIAL and Self-Built Database.	Under the guidance of the approach that integrates molecular networking, MS-DIAL and self-built database, 11 undescribed guaiane-type sesquiterpenoids (1-11) along with four known analogs (12-15) were targeted and isolated from Daphne aurantiaca. Among these, dapurant A-B (1-2) were unusual guaiane-type sesquiterpenoid dimers consisting of two guaiane-type sesquiterpenoids with different ring skeletons, and dapurant C-D (3-4) represented rare chlorinated guaiacane-type sesquiterpenoids. Their chemical structures and configurations were established via NMR spectroscopy analysis, computer-assisted structure elucidation methods, density functional theory (DFT) NMR calculations with suitable analysis methods (custom DP4+ analysis, CP3 analysis, MAEΔΔδ), DU8+, electron-capture detector, detection (EC)D calculations, Rh2(OCOCF3)4-induced ECD analysis along with semisynthesis method. The network pharmacology analysis prompted us to explore the cholinesterase inhibitory activity and anti-Aβ aggregation activity of the isolates in vitro and in silico. The bioactivity evaluation results highlighted the prospects of 1, 13, and 14 as novel categories of neurological agents.
Q1_database_algorithm_instability	20	41132654	2025	B	Contains a usable database or algorithm reliability observation.	generic_limitation_or_sensitivity_word	method_weak;network_pharmacology	Safety profile of complement C5 inhibitors and FcRn inhibitors in the treatment of myasthenia gravis: analysis of the FAERS database and disease-gene interaction network.	"OBJECTIVE: To integrate pharmacovigilance and network pharmacology methods for a comprehensive analysis of the potential adverse reactions of complement C5 inhibitors (eculizumab, ravulizumab, zilucoplan) and neonatal Fc receptor (FcRn) inhibitors (efgartigimod, rozanolixizumab), and to explore their toxicity mechanisms, thereby providing a reference for rapidly understanding the safety of these two novel classes of biologics in the treatment of myasthenia gravis (MG). METHODS: We extracted adverse event (AE) reports for these five drugs from the FDA Adverse Event Reporting System (FAERS) database, limited to the period since their FDA approval for the treatment of MG. Reports were further restricted to those where the drug was listed as the primary suspect (PS) and the indication (INDI) was ""MG"". Signal detection was performed using the Reporting Odds Ratio (ROR) method, the UK Medicines and Healthcare products Regulatory Agency (MHRA) method, and the Bayesian Confidence Propagation Neural Network (BCPNN) method. Additionally, network pharmacology was employed to analyze the toxicity mechanisms of the system organ categories (SOCs) specifically associated with complement C5 inhibitors and FcRn inhibitors. RESULTS: Signal detection of AE reports associated with these five drugs revealed previously unlabeled positive signals, including: eculizumab (gastric cancer, embolic stroke), ravulizumab (psoriatic arthropathy, hypoacusis, peripheral vascular disorders), zilucoplan (weight increased, weight decreased), efgartigimod (metastases to liver, hepatic failure, nephrolithiasis, dysuria, Prostatitis, prostate cancer, Angina pectoris, congestive cardiac failure) and rozanolixizumab (vomiting, dyspepsia). However, the gastric cancer, liver metastasis and prostate cancer were reported within the first 30 days, causal associations cannot be established based on the data presented. Potential toxicity analysis was conducted on noteworthy SOCs for complement C5 inhibitors and FcRn inhibitors, revealing key targets and pathways. CONCLUSION: This study elucidated the safety profiles of complement C5 inhibitors and FcRn inhibitors in clinical practice through pharmacovigilance analysis, confirming known adverse reactions and identifying several previously unreported ones. Furthermore, network pharmacology analysis revealed potential mechanisms underlying these adverse reactions. These findings provide valuable insights for monitoring and managing risks during treatment with two novel classes of biologics."
Q1_database_algorithm_instability	21	39730024	2025	C	Uses the field terminology but does not directly compare data or algorithms.	generic_in_vivo_in_vitro_or_validation_without_target_test;generic_limitation_or_sensitivity_word	context;generic_experiment;network_pharmacology	Evaluating current status of network pharmacology for herbal medicine focusing on identifying mechanisms and therapeutic effects.	INTRODUCTION: Network pharmacology has gained significant traction as a tool for identifying the mechanisms and therapeutic effects of herbal medicines. However, despite the usefulness of these approaches, their diversity underscores the critical need for a systematic evaluation to ensure consistency and reliability. OBJECTIVES: We aimed to evaluate the network pharmacological analyses, focusing on identifying the mechanisms and therapeutic effects of herbal medicines. METHODS: We employed a comprehensive approach involving systematic data retrieval, network construction, and analysis. Herbal compounds and their targets were meticulously extracted from five distinct network pharmacology databases to ensure extensive coverage and high data reliability. Advanced network-based methods were used to identify key herbal targets and predict therapeutic effects, thereby enriching the depth and breadth of the analysis. Experimental validation was performed on prostate cancer models to substantiate the computational predictions. RESULTS: The results of the recapitulating task for known herbal ingredient targets revealed distinct patterns in performance and coverage based on network construction and aggregation methods. We performed the same analysis to identify herbal targets and found that network centrality, path counts, and downweighted path counts had their own pros and cons. By comparing network-based methods, we found that considering the impact on the multiscale interactome yielded the highest accuracy in discriminating known therapeutic effects. Using optimal conditions, we successfully identified new indications for herbal medicines and validated these findings through follow-up in vitro and in vivo experiments. CONCLUSION: This study presents the first comprehensive and critical evaluation of the current network pharmacology analyses in the field of herbal medicine and provides valuable guidance for continued advances in the elucidation of the mechanisms and therapeutic effects.
Q1_database_algorithm_instability	22	41029129	2025	B	Contains a usable database or algorithm reliability observation.	docking_or_MD_misread_as_empirical_validation;generic_limitation_or_sensitivity_word	docking_only;method_weak;network_pharmacology	Integrative analysis of Zidan Yinxie capsules for psoriasis treatment: Insights from network pharmacology, molecular dynamics simulation, and GEO database analysis.	The therapeutic efficacy of Zidan Yinxie capsules (ZDYXC) in psoriasis (PSO) has been clinically confirmed, yet its underlying molecular mechanisms remain unclear. We aimed to explore the mechanisms of ZDYXC in the treatment of PSO. To elucidate the mechanisms by which ZDYXC exerts its effects in PSO, active ingredients and their potential targets were first identified using the TCMSP database, while PSO-related genes were collected from several comprehensive databases, including GeneCards, Online Mendelian Inheritance in Man, Pharmacogenetics and Pharmacogenomics Knowledge Base, Therapeutic Target Database, and DrugBank. Common genes between ZDYXC targets and PSO-related genes were then screened, and an integrated network of these targets and active compounds was constructed with Cytoscape 3.10.1 software The Cytoscape Consortium; The Scripps Research Institute, La Jolla). Further analysis of protein-protein interactions among these intersection genes was performed using the STRING 12.0 platform (https://cn.string-db.org/), and hub targets were identified via the CytoNCA 2.1.6 plugin (The Cytoscape Consortium, The Scripps Research Institute, La Jolla). Functional enrichment analysis highlighted the involvement of these genes in immune and inflammation-related pathways. To validate these findings, molecular docking analyses were employed to assess the interactions between key compounds and hub targets, using AutoDock Vina 1.1.2 (The Scripps Research Institute, La Jolla) for binding affinity evaluation and visualization of optimal binding conformations. Additionally, Gromacs 2020 (Royal Institute of Technology, Stockholm, Sweden) was utilized for molecular dynamics simulations to verify the stability of compound-target complexes with the highest binding affinities. The expression and relevance of hub targets were further confirmed through mining GEO datasets, while receiver operating characteristic curve analysis assessed their diagnostic significance in PSO. The study identified 189 active ingredients and 227 targets for ZDYXC, with 148 intersection genes being primarily associated with immune regulation and inflammatory processes. Molecular docking revealed strong affinities between core ZDYXC ingredients, such as vestitol, formononetin, isorhamnetin, kaempferol, luteolin, quercetin, and tanshinone IIA, and hub targets including AKT1, STAT3, ESR1, and TP53. Molecular dynamics confirmed the stability of these interactions. Differential expression and receiver operating characteristic analysis further pointed to STAT3 and ESR1 as hub genes in PSO. This study demonstrates that ZDYXC may treat PSO through multiple ingredients, targets, and pathways, providing a valuable foundation for further mechanistic studies and clinical applications.
Q1_database_algorithm_instability	23	40644888	2025	B	Contains a usable database or algorithm reliability observation.	generic_limitation_or_sensitivity_word	context;measured_exposure;method_weak;network_pharmacology	A systemic investigation of the phytochemical space in polyherbal formulations of India: A curated database.	Medicinal plants have been the baseline of traditional medical practices across the globe. The traditional remedies practiced in India have been documented in ancient books from 5000 years BC. This study presents a systematic investigation of the phytochemical landscape of Indian polyherbal formulations curated from scientific literature. A total of 522 polyherbal formulations comprising 361 medicinal plants as ingredients and 5666 associated phytochemicals were explored. These phytochemicals were analyzed for their physicochemical properties, drug-likeness, pharmacokinetic and pharmacodynamic profiles, structural classification, and other relevant scientific parameters. Besides, for preserving correctness of contents for each formulation, their ingredients, ailments, and methods have been documented both in English and Sanskrit. Additionally, a network pharmacology-based analysis was conducted to explore disease mechanisms and interactions between formulations and medicinal plants, providing deeper insights into their therapeutic potential. The findings of this study have been digitally documented into a user-friendly database, allowing users to explore formulation names, ethnopharmacology features, medicinal plants, and the phytochemical space. We believe this repository will be a valuable resource to the scientific communities and researchers working on drug discovery and design using traditional knowledge.
Q1_database_algorithm_instability	24	40849770	2025	B	Contains a usable database or algorithm reliability observation.	generic_limitation_or_sensitivity_word	method_weak;network_pharmacology	Drug-Induced Insulin Autoimmune Syndrome: A FAERS Database and Network Pharmacology Analysis.	INTRODUCTION: Insulin Autoimmune Syndrome (IAS) is a rare yet clinically significant drug-induced adverse reaction, characterized by hypoglycemic episodes caused by insulin autoantibodies. While individual drug associations are documented in case reports, systematic pharmacovigilance analyses supporting drug-induced IAS are lacking in the literature. This study aims to identify drugs associated with IAS through pharmacovigilance analysis and explore potential molecular mechanisms. METHODS: We conducted a comprehensive analysis of IAS reports in the FDA Adverse Event Reporting System (FAERS) database (2004-2024) using multiple disproportionality analysis methods. Drug-gene interaction networks were constructed using DGIdb, GeneCards, and SwissTarget- Prediction databases, with subsequent protein-protein interaction analysis and pathway enrichment performed using STRING and DAVID databases. RESULTS: Analysis of 228 IAS reports revealed significant associations with 17 medications, 16 of which were not documented in the current IAS literature. Captopril showed the strongest association (ROR: 1777, 95% CI: 1051-3005), followed by thiamazole and clopidogrel. Network analysis identified enrichment in the PI3K-Akt signaling pathway, insulin resistance, and AMPK pathways, suggesting these pathways may play a role in the development of IAS. DISCUSSION: This study identified novel drug associations with IAS, highlighting the high risk of captopril in patients with the HLA-DRB1*0406 genotype, and the need for close monitoring of elderly patients on thiamazole or clopidogrel, particularly for hypoglycemia. Additionally, monitoring PI3K-Akt pathway disruption is crucial, as it may impair Treg function and promote the production of autoantibodies against insulin. CONCLUSIONS: The study identified 17 medications associated with IAS and emphasized the potential role of the PI3K-Akt pathway, recommending avoidance of certain drugs and enhanced monitoring in high-risk patients.
Q1_database_algorithm_instability	25	40446574	2025	B	Contains a usable database or algorithm reliability observation.	docking_or_MD_misread_as_empirical_validation;generic_limitation_or_sensitivity_word	docking_only;method_weak;network_pharmacology	Predicting the molecular mechanism of ginger targeting PRMT1/BTG2 axis to inhibit gastric cancer based on WGCNA and machine algorithms.	OBJECTIVE: The aim of this study was to screen the biomarkers of ginger against gastric cancer (GC) by network pharmacology, WGCNA and machine algorithms. To find the upstream transcription factors and downstream signaling proteins constituting the signaling axis, so as to predict the possible mechanism of action of ginger against GC. METHODS: Ginger was screened for active ingredients and targets through public databases. GC genes were screened using disease database, GEO database and WGCNA. The intersection of the four was taken to obtain the potential core genes. Machine algorithms was used to screen the core genes. Clinical relevance analysis, gene mutation relationship, epigenetic regulation analysis, immune infiltration analysis and molecular docking validation were performed on the core genes. Find its upstream transcription factors and downstream signaling proteins through database. RESULTS: 35 intersecting genes were obtained by databases and WGCNA analysis. Machine algorithms and PPI were combined to finally screen the core gene PRMT1. The upstream transcription factor of PRMT1 was identified as EGR1 and the downstream protein as BTG2 by database and molecular docking. CONCLUSION: In this study, we found that PRMT1 could be used as a biomarker for ginger against GC using network pharmacology, WGCNA and machine algorithms. We hypothesized that ginger may exert antitumor effects through PRMT1/BTG2, providing new insights into the pharmacological mechanism of ginger against GC.
Q1_database_algorithm_instability	26	40441462	2025	B	Contains a usable database or algorithm reliability observation.	generic_in_vivo_in_vitro_or_validation_without_target_test;generic_limitation_or_sensitivity_word	context;generic_experiment;method_weak;network_pharmacology	Excavation of Q-markers from Ba-Zi-Bu-Shen capsule through efficacy evaluation, chemical profile, three-dimensions-overall analysis and anti-osteoporosis bioactivity based on combinatorial algorithm.	ETHNOPHARMACOLOGICAL RELEVANCE: Ba-Zi-Bu-Shen capsule (BZBS), derived from the renowned Wu-Zi-Yan-Zong formulation of the Tang Dynasty, has been used as a kidney-tonifying as well as for the treatment of soreness of the waist and knees. However, there is a lack of quality control methods that can comprehensively reflect the bone regulating activity of the multi-components in BZBS. AIM OF THE STUDY: This study aims to excavate Q-markers from Ba-Zi-Bu-Shen capsule through efficacy evaluation, chemical profile, three-dimensions overall analysis and anti-osteoporosis bioactivity based on a holistic combinatorial algorithm. MATERIALS AND METHODS: Firstly, the effects of BZBS were evaluated through behaviours, biochemical analysis, bone microstructure in the hydrocortisone induced ovariectomized rat model of osteoporosis associated with kidney-yang deficiency (OKYD). Secondly, profiling and identification of the chemical constituents of BZBS in vitro and in vivo were performed by an efficient interpretation approach with automatic matching software and molecular networking using UPLC-Q-TOF-MS. Thirdly, UPLC-QQQ-MS was used to quantify candidate compounds in 10 batches of BZBS. Then, the absorbed candidate compound-target-pathway network was constructed that implied potential therapeutic mechanisms of the candidate compounds on osteoporosis. Based on component analysis, content determination as well as network pharmacology results, a combinatorial algorithm was established to analyze different combinations of absorbed candidate compounds by using R code. Subsequently, the initial Q-markers were selected by taking regression area in content, structural diversity and osteoporosis target diversity of different combinations. Finally, the Q-markers were confirmed by using the activity evaluation system of osteoblast differentiation and mineralization, and osteoclast differentiation. RESULTS: BZBS effectively improved body weight, temperature, behaviours, cAMP/cGMP, hormone levels, and bone microarchitecture (bone mineral density, bone volume/tissue volume, trabecular number, trabecular thickness, structure model index) in OKYD rats. A total of 42 xenobiotics (26 prototypes and 16 metabolites) were characterized from BZBS in OKYD rat plasma. Then, 17 absorbed candidate compounds were selected. Comparison of regression area of 131071 combinations from candidate compounds, the minimalist combination of 8 initial Q-markers (hyperin, osthole, epimedin C, icariin, schisandrin, cuscutamine, magnoflorine and 19α-hydroxyasiatic acid) were selected by covering high content, multiple structures and multiple targets (RA≥0.8×RAmax;CV≤10%). Combined the anti-osteoporosis activity evaluation (osteoblast differentiation and mineralization, and osteoclast differentiation), the above 8 components, featured 7 core chemical structures, were identified as Q-markers of BZBS. CONCLUSION: This work provided a holistic perspective to solve the quality control of TCM preparations.
Q1_database_algorithm_instability	27	40235894	2025	D	Does not substantively match the path goal.	network_pharmacology_phrase_not_substantive;docking_or_MD_misread_as_empirical_validation;generic_limitation_or_sensitivity_word	context;docking_only	Identification of key hub genes associated with anti-gastric cancer effects of lotus plumule based on machine learning algorithms.	BACKGROUND: Lotus plumule and its active components have demonstrated inhibitory effects on gastric cancer (GC). However, the molecular mechanism of lotus plumule against GC remains unclear and requires further investigation. AIM: To identify the key hub genes associated with the anti-GC effects of lotus plumule. METHODS: This study investigated the potential targets of traditional Chinese medicine for inhibiting GC using weighted gene co-expression network analysis and bioinformatics. Initially, the active components and targets of the lotus plumule and the differentially expressed genes associated with GC were identified. Subsequently, a protein-protein interaction network was constructed to elucidate the interactions between drug targets and disease-related genes, facilitating the identification of hub genes within the network. The clinical significance of these hub genes was evaluated, and their upstream transcription factors and downstream targets were identified. The binding ability of a hub gene with its downstream targets was verified using molecular docking technology. Finally, molecular docking was performed to evaluate the binding affinity between the active ingredients of lotus plumule and the hub gene. RESULTS: This study identified 26 genes closely associated with GC. Machine learning analysis and external validation narrowed the list to four genes: Aldo-keto reductase family 1 member B10, fructose-bisphosphatase 1, protein arginine methyltransferase 1, and carbonic anhydrase 9. These genes indicated a strong correlation with anti-GC activity. CONCLUSION: Lotus plumule exhibits anti-GC effects. This study identified four hub genes with potential as novel targets for diagnosing and treating GC, providing innovative perspectives for its clinical management.
Q1_database_algorithm_instability	28	39425661	2025	B	Contains a usable database or algorithm reliability observation.	generic_limitation_or_sensitivity_word	method_weak;network_pharmacology	Ocular adverse events associated with GLP-1 receptor agonists: a real-world study based on the FAERS database and network pharmacology.	OBJECTIVE: This study evaluates the risk of ocular adverse events (AEs) associated with glucagon-like peptide-1 receptor agonists (GLP-1 RAs) using data from the FDA Adverse Event Reporting System (FAERS) and network pharmacology methods. METHODS: FAERS data from 2004 to 2024 were analyzed for ocular AEs linked to GLP-1 RA treatments. Disproportionality analysis (Reporting Odds Ratio, ROR) was used to identify signals, and a drug-gene interaction network explored potential mechanisms. RESULTS: Among 17,785,793 FAERS reports, semaglutide and lixisenatide were significantly associated with ocular AEs, with RORs of 1.25 (95% CI, 1.20-1.31) and 1.96 (95% CI, 1.70-2.27), respectively. Commonly reported AEs included blurred vision, visual impairment, and diabetic retinopathy, with some AEs occurring as early as 10 days after treatment initiation. Gene enrichment analysis highlighted potential links between GLP-1-related genes and ocular AEs. CONCLUSION: The widespread use of GLP-1 RAs has raised concerns regarding their ophthalmic safety. This study contributes new evidence from real-world data, suggesting that semaglutide and lixisenatide are associated with significant risks of ocular AEs. Further experimental studies are warranted to elucidate the underlying mechanisms and confirm these associations.
Q1_database_algorithm_instability	29	40017595	2025	C	Uses the field terminology but does not directly compare data or algorithms.	docking_or_MD_misread_as_empirical_validation;generic_limitation_or_sensitivity_word	docking_only;network_pharmacology	Exploring skin adverse events and mechanisms of apalutamide using data mining algorithms and network pharmacology.	BACKGROUND: Skin adverse events of apalutamide pose a major challenge to its clinical use, particularly the severe and difficult to identify toxic epidermal necrolysis. For the purpose of providing the basis for the clinical monitoring of the administration of apalutamide and further research. This study examined the pathways of apalutamide and Stephen Johnson Syndrome/Toxic Epidermal Necrolysis using network pharmacology and data mining tools to analyze skin adverse events. METHODS: Using the Information Component method and the Reporting Odds Ratio, the relationship between apalutamide and skin adverse events was evaluated. Molecular docking was utilized to explore the potential mechanism of apalutamide and Stephen Johnson Syndrome/toxic epidermal necrolysis. RESULTS: With a median time to onset of all skin adverse events of 55 days, a total of 21 skin-related adverse events were found. Low body weight and advanced age may be major hazards for skin adverse events with apalutamide. The results showed a substantial association between apalutamide and Stephen Johnson Syndrome/toxic epidermal necrolysis, and the mechanism behind this association may be the binding of apalutamide to JAK1 and JAK2. CONCLUSION: Special attention is recommended for skin adverse events when using apalutamide, especially for rapidly progressing and severe adverse events. To confirm the connection between the triad of Janus kinase, apalutamide, and skin adverse events, further research is required in the future.
Q1_database_algorithm_instability	30	39246014	2025	C	Uses the field terminology but does not directly compare data or algorithms.	generic_in_vivo_in_vitro_or_validation_without_target_test;generic_limitation_or_sensitivity_word	generic_experiment;network_pharmacology	Establishing a link between the chemical composition and biological activities of Gladiolus italicus Mill. from the Turkish flora utilizing in vitro, in silico and network pharmacological methodologies.	OBJECTIVES: Five solvent extracts (n-hexane, ethyl acetate, ethanol, ethanol/water (70%), and water) of Gladiolus italicus Mill. from Turkey were evaluated for chemical and biological properties. METHODS: Antioxidant activities, inhibitory properties against key enzymes involved in the etiology of chronic diseases were tested, as well as cytotoxic effects on different cell lines. Chemical characterization was also carried out to determine the most abundant compounds of each extract. RESULTS: The highest total phenolic content (TPC) was observed in the water extract while highest TFC in ethanol/water extract. The most abundant compounds in the extracts were hyperoside (69041.06 mg kg-1), isoquercitrin (46239.49 mg kg-1), delphindin-3,5-diglucoside (42043.81 mg kg-1), myricetin (21486.61 mg kg-1), and kaempferol-3-glucoside (21199.76 mg kg-1). Molecular dynamic (MD) simulations confirmed the structural stability and dynamic conformational integrity of these complexes over a period of 100 ns. In network pharmacology, A total of 657 unique target genes were screened: 52 associated with programmed cell death-1 (PD-1), 85 with vascular endothelial growth factor receptor-2 (VEGFR2), and 130 with fibroblast growth factor receptor-2 (FGFR2), identifying crucial gene interactions for these proteins. Gene ontology (GO) and Kyoto Encyclopedia of Genes and Genomes (KEGG) pathway enrichment analyses were conducted, revealing significant interactions and pathways such as the advanced glycation end products (AGE) and their receptors (RAGE) signaling pathway in diabetic complications and T- helper 17 (Th17) cell differentiation, among others. This elucidation of complex networks involving key genes like AKT Serine/Threonine Kinase 1 (AKT1), MYC proto-oncogene (MYC), tumor protein 53 (TP53), Interleukin 6 (IL6), and tumor necrosis factor (TNF) provides a promising foundation for the development of targeted therapies in the treatment of non-communicable diseases. CONCLUSION: These results show that G. italicus could be a natural source of potent antioxidants and enzyme inhibitors which need to be further explored for the development of biopharmaceuticals.
Q1_database_algorithm_instability	31	40228216	2025	B	Contains a usable database or algorithm reliability observation.	docking_or_MD_misread_as_empirical_validation;generic_limitation_or_sensitivity_word	docking_only;method_weak;network_pharmacology	Mechanistic Study of Chaga Medicinal Mushroom Inonotus obliquus (Agaricomycetes) Phenolic Compounds in the Treatment of Liver Cancer: A Database and Simulation Approach.	Inonotus obliquus is a large fungus with high phenolic content that has demonstrated promising potential for the treatment of liver cancer. However, studies investigating its mechanism of action in the treatment of liver cancer are scarce. To explore its mechanism of action, network pharmacology was used to collect phenolic compounds from I. obliquus, identify potential targets related to liver cancer, and examine their association with relevant signaling pathways. Moreover, molecular docking was conducted to explore the binding abilities between the phenolic compounds of I. obliquus and core targets. Finally, molecular dynamics simulations were performed to assess the binding stability of protein-ligand complexes. A total of 22 phenolic compounds were identified in I. obliquus in the CNKI database. The 10 core targets in the PPI network included VEGFA, CTNNB1, KDR, VAV3, VAV2, CDC42, TP53, CBL, CCND1 and CDK2, all of which were primarily related to tumor angiogenesis, invasion, migration and cell cycle. GO analysis yielded 1487 biological processes, 99 cellular components, and 207 molecular functions. Meanwhile, KEGG enrichment analysis identified 103 signaling pathways, of which the MAPK pathway had the most annotated targets. Additionally, the results of molecular docking indicated that phenolic compounds in I. obliquus could effectively bind to the 10 core targets in the PPI network, with the lowest overall binding energy observed for the target CDK2. Finally, the results of molecular dynamics simulation demonstrated that over 100 ns, the phenolic compounds in I. obliquus, namely hesperetin, quercetin, isorhamnetin-3-O-glucoside, and rutin, could stably bind to the target CDK2. Overall, these findings indicated that phenolic compounds in I. obliquus regulate the proliferative, migratory and invasive abilities of liver cancer cells through multiple targets and signaling pathways. This study provides a scientific reference for the development of I. obliquus phenolic compounds as therapeutic agents for liver cancer.
Q1_database_algorithm_instability	32	38859781	2025	B	Contains a usable database or algorithm reliability observation.	generic_limitation_or_sensitivity_word	measured_exposure;method_weak;network_pharmacology	Diabetes-compound Relationship Identification based on Complex-valued Flexible Neural Tree and Negative Sample Selection Algorithm.	BACKGROUND: Virtual screening (VS) could select possible effective candidates from a large number of organic compounds, which plays an important role in network pharmacology. Virtual screening is a very important step in network pharmacology. OBJECTIVE: The accuracy of screening compounds directly determines the subsequent network construction, target determination and pathway analysis. In order to improve the accuracy of screening the important compounds in herbs for treating diabetes, a novel methodology based on complex-valued flexible neural tree (CVFNT) model and negative sample selection algorithm is presented. METHODS: In our method, diabetes-related targets were obtained by literature search. According to diabetes-related targets, active compounds were searched from the public database. The negative sample selection algorithm based on Tanimoto index was proposed to establish inactive compound set. The CVFNT model optimized was utilized to screen effective candidate compounds. RESULT: Our proposed method performs better than eight classical classifiers in terms of TPR, FPR, Precision, Specificity, F1, AUC and ROC curve. Our method could also predict 18 compounds from Liangxue Sanyu Decoction, which are involved in the treatment of diabetes. CONCLUSION: Our proposed method could effectively improve the identification accuracy of diabetes- related compounds, enhance the performance of network pharmacology analysis, and provide a new idea for drug research and development for the treatment and prevention of diabetes.
Q1_database_algorithm_instability	33	38558274	2024	C	Uses the field terminology but does not directly compare data or algorithms.	generic_in_vivo_in_vitro_or_validation_without_target_test;docking_or_MD_misread_as_empirical_validation;generic_limitation_or_sensitivity_word	docking_only;generic_experiment;network_pharmacology	Assessing the Chemical Profile and Biological Potentials of Tamarix aphylla (L.) H.Karst. and Tamarix senegalensis DC. by In Vitro, In Silico, and Network Methodologies.	The present study aimed to investigate the chemical profile, antioxidant, and enzyme inhibition properties of extracts from fruits and aerial parts (leaves and twigs) of Tamarix aphylla and T. senegalensis. Hexane, dichloromethane, ethyl acetate (EtOAc), and methanol extracts were prepared sequentially by maceration. Results revealed that EtOAc extracts of T. senegalensis and T. aphylla fruits contained the highest total phenolic content (113.74 and 111.21 mg GAE/g) while that of T. senegalensis (38.47 mg RE/g) recorded the highest total flavonoids content. Among the quantified compounds; ellagic, gallic, 3-hydroxybenzoic, caffeic, syringic, p-coumaric acids, isorhamnetin, procyanidin B2, and kaempferol were the most abundant compounds in the two species. EtOAc extracts of the two organs of T. senegalensis in addition to MeOH extract of T. aphylla aerial parts displayed the highest chelating power (21.00-21.30 mg EDTAE/g, p > 0.05). The highest anti-AChE (3.11 mg GALAE/g) and anti-BChE (3.62 mg GALAE/g) activities were recorded from the hexane and EtOAc extracts of T. senegalensis aerial parts and fruits, respectively. EtOAc extracts of the fruits of the two species exerted the highest anti-tyrosinase (anti-Tyr) activity (99.44 and 98.65 mg KAE/g, p > 0.05). Also, the EtOAc extracts of the both organs of the two species exhibited highest anti-glucosidase activity (0.88-0.90 mmol ACAE/g, p > 0.05) while the best anti-α-amylase activity was recorded from the dichloromethane extract of T. senegalensis fruits (0.74 mmol ACAE/g). In this study, network pharmacology was employed to examine the connection between compounds from Tamarix and their potential effectiveness against Alzheimer's disease. The compounds demonstrated potential interactions with pivotal genes including APP, GSK3B, and CDK5, indicating a therapeutic potential. Molecular docking was carried out to understand the binding mode and interaction of the compounds with the target enzymes. Key interactions observed, such as H-bonds, promoted the binding, and weaker ones, such as van der Waals attractions, reinforced it. These findings suggest that these two Tamarix species possess bioactive properties with health-promoting effects.
Q1_database_algorithm_instability	34	39434897	2024	B	Contains a usable database or algorithm reliability observation.	docking_or_MD_misread_as_empirical_validation;generic_limitation_or_sensitivity_word	context;docking_only;method_weak;network_pharmacology	From Life's Essential 8 to metabolic syndrome: insights from NHANES database and network pharmacology analysis of quercetin.	BACKGROUND: Metabolic syndrome (MetS), or syndrome X, is a collection of metabolic illnesses that affect the body's health, particularly insulin resistance and obesity. The prevalence of MetS is on the rise, particularly among younger individuals. Quercetin, a natural flavonoid found in many traditional Chinese medicines, can impact various pathways to disrupt the pathological advancement of MetS with few negative effects. The American Heart Association recently introduced a cardiovascular health assessment termed Life's Essential 8 (LE8), which might impact the treatment of MetS. METHODS: Quercetin targets and their functions in MetS pathways were identified using a network pharmacology method and molecular docking techniques. The study examined quercetin's direct and indirect interactions with proteins linked to the pathogenic processes of MetS. Data were collected regarding the American Heart Association's LE8 cardiovascular health indicators, which include health behaviors (diet, physical activity, nicotine exposure, and sleep) and health factors (body mass index, non-high-density lipoprotein cholesterol, blood glucose, and blood pressure). The study assessed the connection between LE8 and the occurrence of MetS, taking into account dietary quercetin consumption as a variable of interest. RESULTS: The negative correlation between MetS and LE8 indicates that individuals with higher LE8 scores are less likely to develop MetS. Individuals in the fully adjusted highest group (LE8 ≥ 80) demonstrated a 79% lower likelihood of developing MetS than those in the lowest group (OR = 0.21; 95% CI, 0.17-0.26, p < 0.0001). Network pharmacology and molecular docking results show that quercetin may exert its therapeutic effects by modulating various biological response processes, including those related to xenobiotic stimuli, bacterial molecules, lipopolysaccharides, and oxidative stimuli. These processes involve key pathways associated with diabetic complications, such as the AGE-RAGE signaling pathway, pathways related to diabetic complications, and pathways involved in lipids and atherosclerosis. Therefore, quercetin may reduce cardiovascular risk, improve glucose-lipid metabolism, and alleviate insulin resistance and other biological processes by influencing multiple aspects of the lipid profile, blood glucose, and insulin resistance, ultimately impacting the links between LE8 score and MetS. CONCLUSION: This study discovered that an optimal LE8 score is a marker of adopting a lifestyle of wellness and is connected with a reduced likelihood of developing MetS. Quercetin acts on core targets such as IL6, BCL2, TP53, IL1B, MAPK1, and CCL2, and then plays a therapeutic role in regulating lipid metabolism, anti-inflammation, immunomodulation, autophagy, etc., through the pathways of diabetic complications, lipids, atherosclerosis, etc., and has the characteristics of multi-targets, multi-pathways, and multi-functions in regulating interventions for MetS.
Q1_database_algorithm_instability	35	39289763	2024	B	Contains a usable database or algorithm reliability observation.	generic_in_vivo_in_vitro_or_validation_without_target_test;docking_or_MD_misread_as_empirical_validation;generic_limitation_or_sensitivity_word	context;docking_only;generic_experiment;method_weak;network_pharmacology	Mechanism of norcantharidin intervention in gastric cancer: analysis based on antitumor proprietary Chinese medicine database, network pharmacology, and transcriptomics.	BACKGROUND: Combining antitumor proprietary Chinese medicine (pCm) with radiotherapy and chemotherapy can effectively improve tumor cure rates and enhance patients' quality of life. Gastric cancer (GC) severely endangers public health. Despite satisfactory therapeutic effects achieved by using antitumor pCm to treat GC, its underlying mechanism remains unclear. OBJECTIVE: To integrate existing research data, construct a database of antitumor pCm, and study the intervention mechanisms in GC by focusing on their monomer components. METHODS: We constructed an antitumor pCm database based on China's medical insurance catalog, and employed network pharmacology, molecular docking methods, cell experiments, transcriptomics, and bioinformatics to investigate the intervention mechanisms of effective pCm components for GC. RESULTS: The study built an antitumor pCm database including 55 pCms, 171 Chinese herbal medicines, 1955 chemical components, 2104 targets, and 32 disease information. Network pharmacology and molecular docking technology identified norcantharidin as an effective component of antitumor pCm. In vitro experiments showed that norcantharidin effectively inhibited GC cell proliferation, migration, and invasion; blocked the G2/M cell cycle phase; and induced GC cell apoptosis. Transcriptomic results revealed that norcantharidin affected biological processes, such as cell adhesion, migration, and inflammatory responses by influencing PI3K-AKT, NF-κB, JAK-STAT, TNF-α signaling pathways, and EMT-related pathways. Core molecules of norcantharidin involved in GC intervention include SERPINE1, SHOX2, SOX4, PRDM1, TGFR3, TOX, PAX9, IL2RB, LAG3, and IL15RA. Additionally, the key target SERPINE1 was identified using bioinformatics methods. CONCLUSION: Norcantharidin, as an effective component of anti-tumor pCm, exerts its therapeutic effects on GC by influencing biological processes such as cell adhesion, migration, and inflammation. This study provides a foundation and research strategy for the post-marketing re-evaluation of antitumor pCms.
Q1_database_algorithm_instability	36	39049631	2024	B	Contains a usable database or algorithm reliability observation.	docking_or_MD_misread_as_empirical_validation;generic_limitation_or_sensitivity_word	docking_only;method_weak;network_pharmacology	Mechanism of mangiferin in the treatment of oral submucous fibrosis based on Gene Expression Omnibus database chip mining combined with network pharmacology and molecular docking.	OBJECTIVES: This study aims to investigate the primary target and potential mechanism of mangiferin (MF) in treating oral submucous fibrosis (OSF) through Gene Expression Omnibus (GEO) database chip mining, network pharmacology, and molecular docking techniques. METHODS: Potential therapeutic targets for OSF were identified using GEO chip data. The potential targets of MF were predicted, and disease-related targets for OSF were collected from databases. A Venn diagram was created using the EVenn platform to identify overlapping targets. The protein-protein interaction (PPI) network was constructed using the STRING database. Gene ontology (GO) and Kyoto Encyclopedia of Genes and Genomes (KEGG) enrichment analyses were performed using the DAVID platform. Cytoscape 3.10.1 software was used to visualize a drug-target-pathway-disease network, while AutoDocktools 1.5.6 software was employed for molecular docking analysis. RESULTS: A total of 356 potential targets for MF and 360 disease-related targets for OSF were obtained from multiple databases. The top 15 key target proteins in the PPI network were selected as significant candidates. GO function and KEGG pathway enrichment analyses revealed that MF treatment primarily involved advanced glycation end products-receptor (AGE-RAGE), epidermal growth factor receptor (EGFR), and other signaling pathways associated with OSF pathogenesis. Molecular docking analysis demonstrated that MF exhibited a strong binding activity toward AKT serine kinase 1 (AKT1), tumor necrosis factor (TNF), and other core targets. CONCLUSIONS: These findings suggest that MF may exert its therapeutic effects on OSF through a multitarget approach involving various signaling pathways.
Q1_database_algorithm_instability	37	39011417	2024	B	Contains a usable database or algorithm reliability observation.	generic_in_vivo_in_vitro_or_validation_without_target_test;docking_or_MD_misread_as_empirical_validation;generic_limitation_or_sensitivity_word	docking_only;generic_experiment;method_weak;network_pharmacology	Mechanisms of Zhixiao Tang on Anti-Inflammatory Multiple Targets and Multiple Components: Metabonomics Combined with Database Mining Technology.	PURPOSE: Zhixiao Tang (ZXT), a traditional Chinese compound prescription, has been used clinically to treat pneumonia in China. However, the underlying mechanism of ZXT treatment in pneumonia is still unclear. The present study aimed to reveal the potential mechanism of ZXT in pneumonia using a strategy combining metabolomics and network pharmacology. METHODS: Initially, the chemical compositions were identified by UPLC-QE-Orbitrap-MS, while the prediction of potential signal pathways was performed through network pharmacology. To assess the anti-inflammatory properties of ZXT in the context of pneumonia, models of 16HBE cells induced by LPS and zebrafish induced by CuSO4 were established to measure levels of inflammatory markers and apoptosis. Subsequently, the differential changes of endogenous metabolites in cells caused by ZXT were examined using metabolomics technology, and the molecular docking analysis of key targets was carried out using Autodock Vina software. Ultimately, the validation of the primary pathways and targets was conducted through quantitative RT-PCR and Western blot techniques. RESULTS: A total of 75 compounds were identified through UPLC-QE-Orbitrap-MS analyses. Network pharmacological analysis shows that it plays an anti-inflammatory role in C-type lectin receptor signaling pathway. After ZXT intervention, the inflammatory factors and apoptosis in cells were significantly reduced. Metabonomics analysis showed that 18 metabolites changed significantly. Four key genes were identified, which exhibited partial compatibility with the findings of network pharmacology. Molecular docking analysis confirmed the substantial affinity of the primary targets for ZXT. Furthermore, ZXT exerted a suppressive effect on neutrophil migration, down-regulated the expression of pro-inflammatory cytokine genes, and inhibited the up-regulation of the Dectin-1/SYK/NF-κB signaling pathway. In vivo cell experiments also yielded consistent experimental outcomes. CONCLUSION: This study enhances comprehension of the pharmacological mechanism underlying ZXT's efficacy in pneumonia treatment, thereby establishing a scholarly basis for future research and clinical utilization of ZXT in pneumonia management.
Q1_database_algorithm_instability	38	38845574	2024	B	Contains a usable database or algorithm reliability observation.	predicted_ADME_or_PK_mimics_measured_exposure;generic_in_vivo_in_vitro_or_validation_without_target_test;generic_limitation_or_sensitivity_word	context;generic_experiment;method_weak;network_pharmacology;predicted_exposure	Exploring the cytotoxic potential of biflavones of Araucaria cunninghamii: Precise identification combined by LC-HRMS-metabolomics and database mining, targeted isolation, network pharmacology, in vitro cytotoxicity, and docking studies.	The leaves of Araucaria cunninghamii are known to be nonedible and toxic. Previous studies have identified biflavones in various Araucaria species. This study aimed to investigate the in vitro cytotoxicity of the isolated compounds from Araucaria cunninghamii after metabolomics and network pharmacological analysis. Methanol extract of Araucaria cunninghamii leaves was subjected to bioassay-guided fractionation. The active fraction was analyzed using LC-HRMS, through strategic database mining, by comparing the data to the Dictionary of Natural Products to identify 12 biflavones, along with abietic acid, beta-sitosterol, and phthalate. Eight compounds were screened for network pharmacology study, where in silico ADME analysis, prediction of gene targets, compound-gene-pathway network and hierarchical network analysis, protein-protein interaction, KEGG pathway, and Gene Ontology analyses were done, that showed PI3KR1, EGFR, GSK3B, and ABCB1 as the common targets for all the compounds that may act in the gastric cancer pathway. Simultaneously, four biflavones were isolated via chromatography and identified through NMR as dimeric apigenin with varying methoxy substitutions. Cytotoxicity study against the AGS cell line for gastric cancer showed that AC1 biflavone (IC50 90.58 μM) exhibits the highest cytotoxicity and monomeric apigenin (IC50 174.5 μM) the lowest. Besides, the biflavones were docked to the previously identified targets to analyze their binding affinities, and all the ligands were found to bind with energy ≤-7 Kcal/mol.
Q1_database_algorithm_instability	39	38701592	2024	B	Contains a usable database or algorithm reliability observation.	generic_limitation_or_sensitivity_word	method_weak;network_pharmacology	DTNPD: A comprehensive database of drugs and targets for neurological and psychiatric disorders.	In response to the shortcomings in data quality and coverage for neurological and psychiatric disorders (NPDs) in existing comprehensive databases, this paper introduces the DTNPD database, specifically designed for NPDs. DTNPD contains detailed information on 30 NPDs types, 1847 drugs, 514 drug targets, 64 drug combinations, and 61 potential target combinations, forming a network with 2389 drug-target associations. The database is user-friendly, offering open access and downloadable data, which is crucial for network pharmacology studies. The key strength of DTNPD lies in its robust networks of drug and target combinations, as well as drug-target networks, facilitating research and development in the field of NPDs. The development of the DTNPD database marks a significant milestone in understanding and treating NPDs. For accessing the DTNPD database, the primary URL is http://dtnpd.cnsdrug.com, complemented by a mirror site available at http://dtnpd.lyhbio.com.
Q1_database_algorithm_instability	40	38471316	2024	A	Direct database, algorithm, coverage, overlap, benchmark, or reproducibility evidence.		context;method_strong;method_weak;network_pharmacology	TCMSSD: A comprehensive database focused on syndrome standardization.	BACKGROUD: Quantitative and standardized research on syndrome differentiation has always been at the forefront of modernizing Traditional Chinese Medicine (TCM) theory. However, the majority of existing databases primarily concentrate on the network pharmacology of herbal prescriptions, and there are limited databases specifically dedicated to TCM syndrome differentiation. PURPOSE: In response to this gap, we have developed the Traditional Chinese Medical Syndrome Standardization Database (TCMSSD, http://tcmssd.ratcm.cn). METHODS: TCMSSD is a comprehensive database that gathers data from various sources, including TCM literature such as TCM Syndrome Studies (Zhong Yi Zheng Hou Xue) and TCM Internal Medicine (Zhong Yi Nei Ke Xue) and various public databases such as TCMID and ETCM. In our study, we employ a deep learning approach to construct the knowledge graph and utilize the BM25 algorithm for syndrome prediction. RESULTS: The TCMSSD integrates the essence of TCM with the modern medical system, providing a comprehensive collection of information related to TCM. It includes 624 syndromes, 133,518 prescriptions, 8,073 diseases (including 1,843 TCM-specific diseases), 8,259 Chinese herbal medicines, 43,413 ingredients, 17,602 targets, and 8,182 drugs. By analyzing input data and comparing it with the patterns and characteristics recorded in the database, the syndrome prediction tool generates predictions based on established correlations and patterns. CONCLUSION: The TCMSSD fills the gap in existing databases by providing a comprehensive resource for quantitative and standardized research on TCM syndrome differentiation and laid the foundation for research on the biological basis of syndromes.
Q1_database_algorithm_instability	41	38738181	2024	D	Does not substantively match the path goal.	network_pharmacology_phrase_not_substantive	context;method_strong;review	A critical assessment of Traditional Chinese Medicine databases as a source for drug discovery.	Traditional Chinese Medicine (TCM) has been used for thousands of years to treat human diseases. Recently, many databases have been devoted to studying TCM pharmacology. Most of these databases include information about the active ingredients of TCM herbs and their disease indications. These databases enable researchers to interrogate the mechanisms of action of TCM systematically. However, there is a need for comparative studies of these databases, as they are derived from various resources with different data processing methods. In this review, we provide a comprehensive analysis of the existing TCM databases. We found that the information complements each other by comparing herbs, ingredients, and herb-ingredient pairs in these databases. Therefore, data harmonization is vital to use all the available information fully. Moreover, different TCM databases may contain various annotation types for herbs or ingredients, notably for the chemical structure of ingredients, making it challenging to integrate data from them. We also highlight the latest TCM databases on symptoms or gene expressions, suggesting that using multi-omics data and advanced bioinformatics approaches may provide new insights for drug discovery in TCM. In summary, such a comparative study would help improve the understanding of data complexity that may ultimately motivate more efficient and more standardized strategies towards the digitalization of TCM.
Q1_database_algorithm_instability	42	37729978	2024	D	Does not substantively match the path goal.	network_pharmacology_phrase_not_substantive;docking_or_MD_misread_as_empirical_validation;generic_limitation_or_sensitivity_word	context;docking_only;method_weak	Deciphering the antifungal mechanism and functional components of cinnamomum cassia essential oil against Candida albicans through integration of network-based metabolomics and pharmacology, the greedy algorithm, and molecular docking.	ETHNOPHARMACOLOGICAL RELEVANCE: Fungal pathogens can cause deadly invasive infections and have become a major global public health challenge. There is an urgent need to find new treatment options beyond established antifungal agents, as well as new drug targets that can be used to develop novel antifungal agents. Cinnamomum cassia is a tropical aromatic plant that has a wide range of applications in traditional Chinese medicine, especially in the treatment of bacterial and fungal infections. AIM OF THE STUDY: The present study aimed to explore the mechanism of action and functional components of Cinnamomum cassia essential oil (CEO) against Candida albicans using an integrated strategy combining network-based metabolomics and pharmacology, the greedy algorithm and molecular docking. MATERIALS AND METHODS: CEO was extracted using hydrodistillation and its chemical composition was identified by GC-MS. Cluster analysis was performed on the compositions of 19 other CEOs from the published literature, as well as the sample obtained in this study. The damages of C. albicans cells upon treatment with CEO was observed using a scanning electron microscope. The mechanisms of its antifungal effect at a subinhibitory concentration of 0.1 × MIC were determined using microbial metabolomics and network analysis. The functional components were studied using the greedy algorithm and molecular docking. RESULTS: A total of 69 compounds were identified in the chemical analysis of CEO, which accounted for 90% of the sample. The major compounds were terpenoids (34.04%), aromatic compounds (4.52%), aliphatic compounds (0.9%), and others. Hierarchical cluster analysis of the compositions of 20 essential oils extracted from Cinnamomum cassia grown in different geographical locations showed a wide diversity of chemical composition with four major chemotypes. CEO showed strong antifungal activity and caused destruction of cell membranes in a concentration-dependent way. Metabolic fingerprint analysis identified 29 metabolites associated with lipid metabolism, which were mapped to 23 core targets mainly involved in fatty acid biosynthesis and metabolism. Six antifungal functional components of CEO were identified through network construction, greedy algorithm and molecular docking, including trans-cinnamaldehyde, δ-cadinol, ethylcinnamate, safrole, trans-anethole, and trans-cinnamyl acetate, which showed excellent binding with specific targets of AKR1B1, PPARG, BCHE, CYP19A1, CYP2C19, QPCT, and CYP51A1. CONCLUSIONS: This study provides a systematic understanding of the antifungal activity of CEO and offers an integrated strategy for deciphering the potential metabolism and material foundation of complex component drugs.
Q1_database_algorithm_instability	43	38229051	2024	B	Contains a usable database or algorithm reliability observation.	generic_limitation_or_sensitivity_word	context;method_weak;network_pharmacology	TM-MC 2.0: an enhanced chemical database of medicinal materials in Northeast Asian traditional medicine.	BACKGROUND: As chromatographic techniques have advanced, many articles that analyze the constituting compounds of medicinal materials have been published in relation to Northeast Asian traditional medicine, including traditional Chinese medicine (TCM). TM-MC was launched in 2015, providing information about the chemical compounds in medicinal materials from chromatographic articles in PubMed. Since 2015, through continuous curation efforts, we have now released TM-MC 2.0 with significant improvements to the quantity and quality of the data ( https://tm-mc.kr ). DESCRIPTION: TM-MC 2.0 contains 635 medicinal materials, 34,107 chemical compounds (21,306 identified and de-duplicated), 13,992 targets, 27,997 diseases, and 5,075 prescriptions (2,393 de-duplicated by name). The database provides the largest number of identified compounds for medicinal materials listed in the pharmacopoeia compared to all TCM databases. In particular, marker compounds of medicinal materials and many newly discovered compounds were added through the manual curation of recent chromatographic articles. CONCLUSION: TM-MC 2.0 provides the largest collection of information about the chemical compounds of the medicinal materials listed in the Korean, Chinese, and Japanese pharmacopoeias. Our database can be utilized for network pharmacology in traditional medicine and for the compound screening of medicinal materials for modern drug discovery.
Q1_database_algorithm_instability	44	38533569	2024	C	Uses the field terminology but does not directly compare data or algorithms.	generic_in_vivo_in_vitro_or_validation_without_target_test;docking_or_MD_misread_as_empirical_validation;generic_limitation_or_sensitivity_word	docking_only;generic_experiment;network_pharmacology;review	Mangiferin, a Potential Supplement to Improve Metabolic Syndrome: Current Status and Future Opportunities.	Metabolic syndrome (MetS) represents a considerable clinical and public health burden worldwide. Mangiferin (MF), a flavonoid compound present in diverse species such as mango (Mangifera indica L.), papaya (Pseudocydonia sinensis (Thouin) C. K. Schneid.), zhimu (Anemarrhena asphodeloides Bunge), and honeybush tea (Cyclopia genistoides), boasts a broad array of pharmacological effects. It holds promising uses in nutritionally and functionally targeted foods, particularly concerning MetS treatment. It is therefore pivotal to systematically investigate MF's therapeutic mechanism for MetS and its applications in food and pharmaceutical sectors. This review, with the aid of a network pharmacology approach complemented by this experimental studies, unravels possible mechanisms underlying MF's MetS treatment. Network pharmacology results suggest that MF treats MetS effectively through promoting insulin secretion, targeting obesity and inflammation, alleviating insulin resistance (IR), and mainly operating via the phosphatidylinositol 3 kinase (PI3K)/Akt, nuclear factor kappa-B (NF-[Formula: see text]B), microtubule-associated protein kinase (MAPK), and oxidative stress signaling pathways while repairing damaged insulin signaling. These insights provide a comprehensive framework to understand MF's potential mechanisms in treating MetS. These, however, warrant further experimental validation. Moreover, molecular docking techniques confirmed the plausibility of the predicted outcomes. Hereafter, these findings might form the theoretical bedrock for prospective research into MF's therapeutic potential in MetS therapy.
Q1_database_algorithm_instability	45	38310567	2024	D	Does not substantively match the path goal.	network_pharmacology_phrase_not_substantive;docking_or_MD_misread_as_empirical_validation;generic_limitation_or_sensitivity_word	context;docking_only;method_weak	A Strategy based on Bioinformatics and Machine Learning Algorithms Reveals Potential Mechanisms of Shelian Capsule against Hepatocellular Carcinoma.	BACKGROUND: Hepatocellular carcinoma (HCC) is a prevalent and life-threatening form of cancer, with Shelian Capsule (SLC), a traditional Chinese medicine (TCM) formulation, being recommended for clinical treatment. However, the mechanisms underlying its efficacy remain elusive. This study sought to uncover the potential mechanisms of SLC in HCC treatment using bioinformatics methods. METHODS: Bioactive components of SLC were obtained from the Traditional Chinese Medicine Systems Pharmacology Database and Analysis Platform (TCMSP), and HCC-related microarray chip data were sourced from the Gene Expression Omnibus (GEO) database. The selection criteria for components included OB ≧ 30% and DL ≧ 0.18. By integrating the results of differential expression analysis and weighted gene co-expression network analysis (WGCNA), disease-related genes were identified. Therapeutic targets were determined as shared items between candidate targets and disease genes. Protein-protein interaction (PPI) network analysis was conducted for concatenated genes, with core protein clusters identified using the MCODE plugin. Machine learning algorithms were applied to identify signature genes within therapeutic targets. Subsequently, immune cell infiltration analysis, single-cell RNA sequencing (sc-RNA seq) analysis, molecular docking, and ADME analysis were performed for the screened genes. RESULTS: A total of 153 SLC ingredients and 170 candidate targets were identified, along with 494 HCCrelated disease genes. Overlapping items between disease genes and drug candidates represented therapeutic genes, and PPI network analysis was conducted using concatenated genes. MCODE1 and MCODE2 cluster genes underwent Disease Ontology (DO), Gene Ontology (GO), and Kyoto Encyclopedia of Genes and Genomes (KEGG) enrichment analyses. Four signature genes (TOP2A, CYP1A2, CYP2B6, and IGFBP3) were identified from 28 therapeutic genes using 3 machine learning algorithms, with ROC curves plotted. Molecular docking validated the interaction modes and binding abilities between signature genes and corresponding compounds, with free binding energy all <-7 kcal/mol. Finally, ADME analysis revealed similarities between certain SLC components and the clinical drugs Sorafenib and Lenvatinib. CONCLUSION: In summary, our study revealed that the mechanism underlying the anti-HCC effects of SLC involves interactions at three levels: components (quercetin, beta-sitosterol, kaempferol, baicalein, stigmasterol, and luteolin), pathways (PI3K-Akt signaling pathway, TNF signaling pathway, and IL-17 signaling pathway), and targets (TOP2A, CYP1A2, CYP2B6, and IGFBP3). This study provides preliminary insights into the potential pharmacological mechanisms of SLC in HCC treatment, aiming to support its clinical application and serve as a reference for future laboratory investigations.
Q1_database_algorithm_instability	46	37486750	2023	B	Contains a usable database or algorithm reliability observation.	generic_limitation_or_sensitivity_word	context;method_weak;network_pharmacology	DCABM-TCM: A Database of Constituents Absorbed into the Blood and Metabolites of Traditional Chinese Medicine.	Traditional Chinese medicine (TCM) not only maintains the health of Asian people but also provides a great resource of active natural products for modern drug development. Herein, we developed a Database of Constituents Absorbed into the Blood and Metabolites of TCM (DCABM-TCM), the first database systematically collecting blood constituents of TCM prescriptions and herbs, including prototypes and metabolites experimentally detected in the blood, together with the corresponding detailed detection conditions through manual literature mining. The DCABM-TCM has collected 1816 blood constituents with chemical structures of 192 prescriptions and 194 herbs and integrated their related annotations, including physicochemical, absorption, distribution, metabolism, excretion, and toxicity properties, and associated targets, pathways, and diseases. Furthermore, the DCABM-TCM supported two blood constituent-based analysis functions, the network pharmacology analysis for TCM molecular mechanism elucidation, and the target/pathway/disease-based screening of candidate blood constituents, herbs, or prescriptions for TCM-based drug discovery. The DCABM-TCM is freely accessible at http://bionet.ncpsb.org.cn/dcabm-tcm/. The DCABM-TCM will contribute to the elucidation of effective constituents and molecular mechanism of TCMs and the discovery of TCM-derived drug-like compounds that are both bioactive and bioavailable.
Q1_database_algorithm_instability	47	36941113	2023	D	Does not substantively match the path goal.	network_pharmacology_phrase_not_substantive;generic_limitation_or_sensitivity_word	context;method_weak	TCMFP: a novel herbal formula prediction method based on network target's score integrated with semi-supervised learning genetic algorithms.	Traditional Chinese medicine (TCM) has accumulated thousands years of knowledge in herbal therapy, but the use of herbal formulas is still characterized by reliance on personal experience. Due to the complex mechanism of herbal actions, it is challenging to discover effective herbal formulas for diseases by integrating the traditional experiences and modern pharmacological mechanisms of multi-target interactions. In this study, we propose a herbal formula prediction approach (TCMFP) combined therapy experience of TCM, artificial intelligence and network science algorithms to screen optimal herbal formula for diseases efficiently, which integrates a herb score (Hscore) based on the importance of network targets, a pair score (Pscore) based on empirical learning and herbal formula predictive score (FmapScore) based on intelligent optimization and genetic algorithm. The validity of Hscore, Pscore and FmapScore was verified by functional similarity and network topological evaluation. Moreover, TCMFP was used successfully to generate herbal formulae for three diseases, i.e. the Alzheimer's disease, asthma and atherosclerosis. Functional enrichment and network analysis indicates the efficacy of targets for the predicted optimal herbal formula. The proposed TCMFP may provides a new strategy for the optimization of herbal formula, TCM herbs therapy and drug development.
Q1_database_algorithm_instability	48	36872267	2023	C	Uses the field terminology but does not directly compare data or algorithms.	docking_or_MD_misread_as_empirical_validation;generic_limitation_or_sensitivity_word	docking_only;network_pharmacology	[Optimization of ethanol reflux extraction process of Ziziphi Spinosae Semen- Schisandrae Sphenantherae Fructus based on network pharmacology combined with response surface methodology].	The present study optimized the ethanol extraction process of Ziziphi Spinosae Semen-Schisandrae Sphenantherae Fructus drug pair by network pharmacology and Box-Behnken method. Network pharmacology and molecular docking were used to screen out and verify the potential active components of Ziziphi Spinosae Semen-Schisandrae Sphenantherae Fructus, and the process evaluation indexes were determined in light of the components of the content determination under Ziziphi Spinosae Semen and Schisandrae Sphenantherae Fructus in the Chinese Pharmacopoeia(2020 edition). The analytic hierarchy process(AHP) was used to determine the weight coefficient of each component, and the comprehensive score was calculated as the process evaluation index. The ethanol extraction process of Ziziphi Spinosae Semen-Schisandrae Sphenantherae Fructus was optimized by the Box-Behnken method. The core components of the Ziziphi Spinosae Semen-Schisandrae Sphenantherae Fructus drug pair were screened out as spinosin, jujuboside A, jujuboside B, schisandrin, schisandrol, schisandrin A, and schisandrin B. The optimal extraction conditions obtained by using the Box-Behnken method were listed below: extraction time of 90 min, ethanol volume fraction of 85%, and two times of extraction. Through network pharmacology and molecular docking, the process evaluation indexes were determined, and the optimized process was stable, which could provide an experimental basis for the production of preparations containing Ziziphi Spinosae Semen-Schisandrae Sphenantherae Fructus.
Q1_database_algorithm_instability	49	36597607	2023	B	Contains a usable database or algorithm reliability observation.	generic_limitation_or_sensitivity_word	context;docking_only;generic_experiment;measured_exposure;method_weak;network_pharmacology	Identifying the Mechanisms and Molecular Targets of Guchang Zhixie Pills on Ulcerative Colitis: Coupling Network Pharmacology with GEO Database and Experiment Verification.	OBJECTIVE: This research investigates the mechanisms and molecular targets of the Guchang Zhixie pill (GCZXP) against ulcerative colitis (UC) in silico and in vivo. METHODS: The compounds and related targets of GCZXP were collected from the traditional Chinese medicine systems pharmacology database. UC targets were from Gene Expression Omnibus and GeneCards databases. Hub genes were acquired through Cytoscape. Gene ontology and Kyoto Encyclopedia of Genes and Genomes enrichment were performed in the David database. R packages were used to investigate the relationship between immune cells and hub genes and the diagnostic model. AutoDock was used to verify the molecular docking of the core compounds and hub genes, as well as nuclear factor-kappa B (NF-κB) p65 and IκBα. The hub genes and NF-κB pathway were verified via experiment. RESULTS: In GCZXP, a total of 51 active compounds were discovered. Enrichment analysis was used to study inflammation, chemokine activity, NF-κB signalling pathway, etc. Thirteen key therapeutic targets were involved, of which included three hub genes PTGS2, IL-1β and CXCL8. Immune infiltration revealed that all of the 3 hub genes were positively correlated with M1 macrophages, neutrophils, and activated memory CD4 cells, and negatively correlated with plasma cells. In the training and validation sets, the area under the curve (AUC) of the diagnostic model developed by hub genes reached 0.929 and 0.905, respectively, indicating a good forecasting potential. The rat experiment proved that GCZXP significantly reduced the expressions of IL-1β, CXCL8, COX-2, and NF-κB p65 while increasing IκBα and Bcl-2, alleviated colonic inflammatory injury and promoted ulcer healing. CONCLUSION: GCZXP reduced the release of cytokines and regulated Bcl-2 in the treatment of UC by inhibiting the NF-κB signalling pathway.
Q1_database_algorithm_instability	50	36154583	2023	C	Uses the field terminology but does not directly compare data or algorithms.	generic_limitation_or_sensitivity_word	measured_exposure;network_pharmacology;review	Multi-targeted HDAC Inhibitors as Anticancer Agents: Current Status and Future Prospective.	Multi-targeted agents can interact with multiple targets sequentially, resulting in synergistic and more effective therapies for several complicated disorders, including cancer, even with relatively modest activity. Histone deacetylase (HDAC) inhibitors are low molecular weight small compounds that increase the acetylation of histone and nonhistone proteins, altering gene expression and thereby impacting angiogenesis, metastasis, and apoptosis, among other processes. The HDAC inhibitors affect multiple cellular pathways thus producing adverse issues, causing therapeutic resistance, and they have poor pharmacokinetic properties. The designing of HDAC-based dual/multi-target inhibitor is an important strategy to overcome adverse effects, drug resistance and increase the effectiveness in controlling cancer. The selection of target combinations to design multitarget HDAC inhibitor is generally accomplished on the basis of systematic highthroughput screening (HTS), network pharmacology analysis methods. The identification of the pharmacophore against individual targets is performed using rational or computation methods. The identified pharmacophore can combine with merged, fused, or linked with the cleavable or non-cleavable linker to retain the interaction with the original target while being compatible with the other target. The objective of this review is to elucidate the potential targets' design strategies, biological activity, and the recent development of dual/multi-targeting HDAC inhibitors as potential anticancer agents. This review elucidates the designing strategies of the potential target along with biological activity and the recent development of dual/multi-targeting HDAC inhibitors as potential anticancer agents. The development of HDAC-based dual/multi-target inhibitors is important for overcoming side effects, drug resistance, and effective cancer control.
Q1_database_algorithm_instability	51	36660641	2022	B	Contains a usable database or algorithm reliability observation.	docking_or_MD_misread_as_empirical_validation;generic_limitation_or_sensitivity_word	context;docking_only;method_weak;network_pharmacology	To explore the active constituents of Sedum aizoon L in the treatment of coronary heart disease based on network pharmacology and molecular docking methodology.	"BACKGROUND: There is a lack of effective drugs for the treatment of coronary heart disease (CHD). Sedum aizoon L (SL) has multiple effects, and there is no report on CHD in SL at present. The aim of this study is to explore the mechanisms of action of SL in the treatment of CHD based on network pharmacology and molecular docking technology. METHODS: The targets and active ingredients of SL were screened using the Traditional Chinese Medicine Systems Pharmacology (TCMSP) database, and CHD-related targets were obtained by searching GeneCards and DisGeNet databases. The intersection of LS active ingredient targets and CHD targets was used to construct a ""drug-ingredient-disease-target"" network using the Cytoscape software. The STRING database was used to construct a protein-protein interaction (PPI) network, and Gene Ontology (GO) and Kyoto Encyclopedia of Genes and Genomes (KEGG) analyses were performed. Key targets and core active ingredients were selected and molecular docking was performed using the AutoDock software. RESULTS: According to the predicted results, a total of 134 corresponding target genes for LS, 12 active components, 1,704 CHD-related targets, and 52 intersecting targets were obtained. GO function and KEGG pathway analysis showed that the key targets were involved with signal transducer and activator of transcription 3 (STAT3), tumor protein p53 (TP53), and vascular endothelial growth factor A (VEGFA). The molecular docking results showed that the key targets bound to the important active ingredients in a stable conformation. The core active ingredients of LS in the treatment of CHD were determined to be ursolic acid, myricetin, and beta-sitosterol. CONCLUSIONS: SL may act on targets such as STAT3, TP53, and VEGFA through tumor necrosis factor (TNF) signaling pathway, interleukin 17A (IL-17A) signaling pathway, AGE-RAGE signaling pathway in diabetic complications, and other related pathways, thereby playing a role in preventing and treating CHD."
Q1_database_algorithm_instability	52	36182651	2022	C	Uses the field terminology but does not directly compare data or algorithms.	generic_limitation_or_sensitivity_word	context;network_pharmacology;review	Methodology of network pharmacology for research on Chinese herbal medicine against COVID-19: A review.	"Traditional Chinese medicine, as a complementary and alternative medicine, has been practiced for thousands of years in China and possesses remarkable clinical efficacy. Thus, systematic analysis and examination of the mechanistic links between Chinese herbal medicine (CHM) and the complex human body can benefit contemporary understandings by carrying out qualitative and quantitative analysis. With increasing attention, the approach of network pharmacology has begun to unveil the mystery of CHM by constructing the heterogeneous network relationship of ""herb-compound-target-pathway,"" which corresponds to the holistic mechanisms of CHM. By integrating computational techniques into network pharmacology, the efficiency and accuracy of active compound screening and target fishing have been improved at an unprecedented pace. This review dissects the core innovations to the network pharmacology approach that were developed in the years since 2015 and highlights how this tool has been applied to understanding the coronavirus disease 2019 and refining the clinical use of CHM to combat it."
Q1_database_algorithm_instability	53	36016606	2022	B	Contains a usable database or algorithm reliability observation.	generic_in_vivo_in_vitro_or_validation_without_target_test;generic_limitation_or_sensitivity_word	generic_experiment;method_weak;network_pharmacology;review	Exploring the pharmacological mechanism of compound kushen injection in the treatment of breast cancer using in vitro experiments: Coupling network pharmacology with GEO database.	BACKGROUND: Breast cancer (BC) is one of the most common malignant tumors in women and poses a serious threat to their health. Compound Kushen injection (CKI) has shown therapeutic effects on a variety of cancers, including BC, and it can significantly improve the lives of patients. However, the underlying mechanism remains unclear and needs to be fully elucidated. METHODS: The active constituents of CKI were identified through a literature review, and the anti-BC targets of CKI were determined using multiple databases and a ChIP data analysis. Subsequently, the target was analyzed on the DAVID database through GO and KEGG to identify the key pathway that CKI affects to exhibit anti-BC activity. In addition, MCF-7 and MDA-MB-231 cells were treated with CKI for 24 and 48 hours at five concentrations, and the effects of CKI on cell proliferation and apoptosis were measured using MTT and annexin V/propidium iodide staining assays, respectively. The genes and protein identified to be involved in this pathway were verified using real-time quantitative PCR (qPCR) and western blot(WB) in BC cells. RESULTS: Twelve CKI anti-BC targets were obtained by a comprehensive analysis of the targets collected in the databases and results from the ChIP analysis. Bioinformatics analysis was performed for 12 targets. KEGG analysis showed that the 12 targets were mainly related to the VEGF, ErbB, and TNF signaling pathways. We focused our study on the VEGF signaling pathway as the p-value for the VEGF signaling pathway was the lowest among the three pathways. In vitro experiments showed that CKI significantly inhibited the proliferation of BC cells and induced apoptosis. Furthermore, qPCR and WB experiments showed that the expression of VEGF signaling pathway genes PIK3CA and NOS3 were significantly increased meanwhile SRC was significantly decreased after CKI intervention. CONCLUSION: CKI significantly inhibited the proliferation of BC cells and induced apoptosis. The main mechanism for the anti-BC effect of CKI may be that it regulates the VEGF signaling pathway by increasing the expression of PIK3CA, SRC, and NOS3. Macrozamin and lamprolobine may be the main active components of CKI against BC.
Q1_database_algorithm_instability	54	35807306	2022	C	Uses the field terminology but does not directly compare data or algorithms.	generic_in_vivo_in_vitro_or_validation_without_target_test;docking_or_MD_misread_as_empirical_validation;generic_limitation_or_sensitivity_word	context;docking_only;generic_experiment;network_pharmacology	From Traditional Ethnopharmacology to Modern Natural Drug Discovery: A Methodology Discussion and Specific Examples.	Ethnopharmacology, through the description of the beneficial effects of plants, has provided an early framework for the therapeutic use of natural compounds. Natural products, either in their native form or after crude extraction of their active ingredients, have long been used by different populations and explored as invaluable sources for drug design. The transition from traditional ethnopharmacology to drug discovery has followed a straightforward path, assisted by the evolution of isolation and characterization methods, the increase in computational power, and the development of specific chemoinformatic methods. The deriving extensive exploitation of the natural product chemical space has led to the discovery of novel compounds with pharmaceutical properties, although this was not followed by an analogous increase in novel drugs. In this work, we discuss the evolution of ideas and methods, from traditional ethnopharmacology to in silico drug discovery, applied to natural products. We point out that, in the past, the starting point was the plant itself, identified by sustained ethnopharmacological research, with the active compound deriving after extensive analysis and testing. In contrast, in recent years, the active substance has been pinpointed by computational methods (in silico docking and molecular dynamics, network pharmacology), followed by the identification of the plant(s) containing the active ingredient, identified by existing or putative ethnopharmacological information. We further stress the potential pitfalls of recent in silico methods and discuss the absolute need for in vitro and in vivo validation as an absolute requirement. Finally, we present our contribution to natural products' drug discovery by discussing specific examples, applying the whole continuum of this rapidly evolving field. In detail, we report the isolation of novel antiviral compounds, based on natural products active against influenza and SARS-CoV-2 and novel substances active on a specific GPCR, OXER1.
Q1_database_algorithm_instability	55	35581339	2022	B	Contains a usable database or algorithm reliability observation.	docking_or_MD_misread_as_empirical_validation;generic_limitation_or_sensitivity_word	docking_only;method_weak;network_pharmacology	Network pharmacology combined with GEO database identifying the mechanisms and molecular targets of Polygoni Cuspidati Rhizoma on Peri-implants.	Peri-implants is a chronic disease leads to the bone resorption and loss of implants. Polygoni Cuspidati Rhizoma (PCRER), a traditional Chinese herbal has been used to treat diseases of bone metabolism. However, its mechanism of anti-bone absorption still remains unknown. We aimed to identify its molecular target and the mechanism involved in PCRER potential treatment theory to Peri-implants by network pharmacology. The active ingredients of PCRER and potential disease-related targets were retrieved from TCMSP, Swiss Target Prediction, SEA databases and then combined with the Peri-implants disease differential genes obtained in the GEO microarray database. The crossed genes were used to protein-protein interaction (PPI) construction and Gene Ontology (GO) and KEGG enrichment analysis. Using STRING database and Cytoscape plug-in to build protein interaction network and screen the hub genes and verified through molecular docking by AutoDock vina software. A total of 13 active compounds and 90 cross targets of PCRER were selected for analysis. The GO and KEGG enrichment analysis indicated that the anti-Peri-implants targets of PCRER mainly play a role in the response in IL-17 signaling, Calcium signaling pathway, Toll-like receptor signaling pathway, TNF signaling pathway among others. And CytoHubba screened ten hub genes (MMP9, IL6, MPO, IL1B, SELL, IFNG, CXCL8, CXCL2, PTPRC, PECAM1). Finally, the molecular docking results indicated the good binding ability with active compounds and hub genes. PCRER's core components are expected to be effective drugs to treat Peri-implants by anti-inflammation, promotes bone metabolism. Our study provides new thoughts into the development of natural medicine for the prevention and treatment of Peri-implants.
Q1_database_algorithm_instability	56	35628280	2022	C	Uses the field terminology but does not directly compare data or algorithms.	predicted_ADME_or_PK_mimics_measured_exposure;generic_in_vivo_in_vitro_or_validation_without_target_test;docking_or_MD_misread_as_empirical_validation;generic_limitation_or_sensitivity_word	docking_only;generic_experiment;network_pharmacology;predicted_exposure	Soyasapogenol C from Fermented Soybean (Glycine Max) Acting as a Novel AMPK/PPARα Dual Activator Ameliorates Hepatic Steatosis: A Novel SANDA Methodology.	(1) Background: Soyasapogenol C (SSC), a derivative of soyasapogenol B (SSB), is specifically found high in many fermented soybean (Glycine max) products, including Cheonggukjang (in Korean). However, the biological activities for preventing and treating hepatic steatosis, and the precise underlying mechanisms of SSC, remain to be explored. (2) Methods: A novel SANDA (structural screening, ADMET prediction, network pharmacology, docking validation, and activity evaluation) methodology was used to examine whether SSC exerts hepatoprotective effects in silico and in vitro. (3) Results: SSC had better ADMET characteristics and a higher binding affinity with predicted targets chosen from network pathway analysis than SSB. SSC induced the phosphorylation of AMP-activated protein kinase (AMPK) and stimulated the nuclear translocation of peroxisome proliferator-activated receptor alpha (PPARα), further enhancing PPAR response element (PPRE) binding activity in HepG2 cells. Concurrently, SSC significantly inhibited triglyceride accumulation, which was associated with the suppression of lipogenesis genes and the enhancement of fatty acid oxidation gene expression in HepG2 cells. (4) Conclusions: Soyasapogenol C, discovered using a novel SANDA methodology from fermented soybean, is a novel AMPK/PPARα dual activator that is effective against hepatic steatosis. Dietary supplementation with soyasapogenol C may prevent the development of hepatic steatosis and other diseases associated with fat accumulation in the liver.
Q1_database_algorithm_instability	57	35114343	2022	B	Contains a usable database or algorithm reliability observation.	generic_limitation_or_sensitivity_word	context;method_weak;network_pharmacology	Methodology improvement for network pharmacology to correct the deviation of deduced medicinal constituents and mechanism: Xian-Ling-Gu-Bao as an example.	ETHNOPHARMACOLOGICAL RELEVANCE: Network pharmacology is extremely adaptive for investigating traditional ethnic drugs, especially the herbal medicines. However, challenges still hang over many related studies due to the limitations in the methodology of conventional network pharmacology. AIM OF THE STUDY: Our work was aimed to investigate the methodology limitations of conventional network pharmacology with Xian-Ling-Gu-Bao (XLGB) as a representative, meanwhile, propose the strategies for coping with these issues. MATERIALS AND METHODS: Predicted phytochemical constituents formed virtual XLGB. The constituents in realistic XLGB samples was detected by liquid chromatography-mass spectrometry (LC-MS) to correct the constituent deviation resulted from virtual prediction. Multivariate statistical analysis of quantitative target data were used to reveal the relation of target profile between drug and disease. The key constituents and targets were screened and compared between virtual and realistic XLGB through network analysis. After enrichment analysis, reversing network pharmacology was performed to exclude weak targets and re-construct the interaction from key pathways to key targets. Finally, the core constituents and action mechanism of XLGB were deduced. RESULTS: Significant deviation of phytochemical constituents was found between virtual and realistic XLGB. As expected, this deviation led to a cascade of deviation ranging from deduced key constituents to key targets and key pathways. Moreover, many key KEGG pathways were enriched and screened out, however, they were almost irrelevant to the studied disease. These results systemically illustrated the limitations in the methodology of conventional network pharmacology. Importantly, the strategies for coping with these limitations were proposed, such as high-throughput detection of the realistic samples, multivariate analysis of target profile and combined enrichment analysis. Finally, based on the improved network pharmacology, the medicinal constituents and mechanism of XLGB against osteoarthritis were effectively deduced. CONCLUSIONS: Our work highlighted the necessity and proposed the strategies for improving the methodology of conventional network pharmacology. The corrected results from improved network pharmacology provided promising directions for future research on XLGB.
Q1_database_algorithm_instability	58	35306140	2022	A	Direct database, algorithm, coverage, overlap, benchmark, or reproducibility evidence.		context;method_strong;method_weak;network_pharmacology	LTM-TCM: A comprehensive database for the linking of Traditional Chinese Medicine with modern medicine at molecular and phenotypic levels.	Benefiting from the development of network pharmacology, Traditional Chinese Medicine (TCM) shows great potential in modern drug discovery. Recently, more and more TCM-related databases have been established for both academic and industry research, but they are still insufficient in data standardization, integrity, and precision. To better accelerate the TCM research and overcome these shortcomings, we construct a web-based TCM platform, LTM-TCM, which is currently the most comprehensive TCM database that includes the following advantages: (1) High-quality data integration from fourteen TCM authoritative databases, especially with additional manual collected 41,025 clinical treatment records and 213 ancient Chinese medical books. (2) Accurate correction of multi-source TCM interactions (between symptoms, prescriptions, herbs, ingredients and targets) through in-house Biomedical Natural Language Processing (BioNLP) approaches in more than 30 million articles. (3) Diverse cross-field pipelines (e.g., bioactive ingredients screening, targets prediction, and mechanism prediction, etc.) help integrating traditional medicine with modern science in common aspects at both the molecular and phenotypic levels. In summary, LTM-TCM contains 1928 symptoms, 48,126 prescriptions, 9122 plants, 34,967 ingredients, 13,109 targets and 1170,133 interactions among all TCM related components. LTM-TCM has both Chinese and English interfaces, and it is accessible at http://cloud.tasly.com/#/tcm/home.
Q1_database_algorithm_instability	59	35303006	2022	B	Contains a usable database or algorithm reliability observation.	generic_limitation_or_sensitivity_word	context;method_weak;network_pharmacology	Assessment of the targeted effect of Sijunzi decoction on the colorectal cancer microenvironment via the ESTIMATE algorithm.	OBJECTIVE: Sijunzi decoction (SJZD) was used to treat patients with colorectal cancer (CRC) as an adjuvant method. The aim of the study was to investigate the therapeutic targets and pathways of SJZD towards the tumor microenvironment of CRC via network pharmacology and the ESTIMATE algorithm. METHODS: The ESTIMATE algorithm was used to calculate immune and stromal scores to predict the level of infiltrating immune and stromal cells. The active targets of SJZD were searched in the Traditional Chinese Medicine Systems Pharmacology Database and Analysis Platform (TCMSP) and UniProt database. The core targets were obtained by matching the differentially expressed genes in CRC tissues and the targets of SJZD. Then, GO, KEGG and validation in TCGA were carried out. RESULTS: According to the ESTIMATE algorithm and survival analysis, the median survival time of the low stromal score group was significantly higher than that of the high stromal score group (P = 0.018), while the patients showed no significant difference of OS between different immune groups (P = 0.19). A total of 929 genes were upregulated and 115 genes were downregulated between the stromal score groups (|logFC| > 2, adjusted P < 0.05); 357 genes were upregulated and 472 genes were downregulated between the immune score groups. The component-target network included 139 active components and 52 related targets. The core targets were HSPB1, SPP1, IGFBP3, and TGFB1, which were significantly associated with poor prognosis in TCGA validation. GO terms included the response to hypoxia, the extracellular space, protein binding and the TNF signaling pathway. Immunoreaction was the main enriched pathway identified by KEGG analysis. CONCLUSION: The core genes (HSPB1, SPP1, IGFBP3 and TGFB1) affected CRC development and prognosis by regulating hypoxia, protein binding and epithelial-mesenchymal transition in the extracellular matrix.
Q1_database_algorithm_instability	60	34883219	2022	B	Contains a usable database or algorithm reliability observation.	generic_in_vivo_in_vitro_or_validation_without_target_test;generic_limitation_or_sensitivity_word	context;generic_experiment;method_weak;network_pharmacology	Database mining and animal experiment-based validation of the efficacy and mechanism of Radix Astragali (Huangqi) and Rhizoma Atractylodis Macrocephalae (Baizhu) as core drugs of Traditional Chinese medicine in cancer-related fatigue.	ETHNOPHARMACOLOGICAL RELEVANCE: In China, Traditional Chinese medicine (TCM) is often used as the main therapy for cancer-related fatigue (CRF). However, there is limited evidence to prove its therapeutic effect and mechanism. AIM OF THE STUDY: We aimed to provide a basis for the therapeutic effect of TCM for CRF. MATERIALS AND METHODS: We performed a meta-analysis to investigate the efficacy of TCM treatment for CRF. Through frequency statistics and association rule mining, we screened the core Chinese medicine components, Astragalus mongholicus Bunge., root (Radix astragali, Huangqi) and Atractylodes macrocephala Koidz., rhizome (Rhizoma atractylodis macrocephalae, Baizhu). We then used animal experiments to verify the effectiveness of these two TCMs and changes in related indicators in mice. Relevant molecular mechanisms were explored through network pharmacological analysis. RESULTS: Twenty-four randomised control trials (RCTs) involving 1865 patients were included in the meta-analysis. TCM produced more positive effects on CRF than standard therapy alone. Radix astragali and Rhizoma atractylodis macrocephalae, as the core drug pair for the treatment of CRF, enhanced the physical fitness of mice; reduced abdominal circumference, level of inflammatory factors, and tumour weight; and increased body weight and blood sugar. Network pharmacology analysis showed that the mechanism of action of Radix astragali and Rhizoma atractylodis macrocephalae on CRF mainly involved compounds, such as quercetin, kaempferol and luteolin, acting through multiple targets, such as Protein kinase B α (AKT1), Tumour necrosis factor (TNF), and Interleukin-6 (IL-6). These molecules regulate cytokines, cancer signalling, and metabolic pathways and confer an anti-CRF effect. CONCLUSIONS: TCM may be a promising therapy to relieve CRF in cancer patients. Our research may provide a reference for the clinical application of TCM for treating CRF.
Q1_database_algorithm_instability	61	34630106	2021	B	Contains a usable database or algorithm reliability observation.	generic_in_vivo_in_vitro_or_validation_without_target_test;generic_limitation_or_sensitivity_word	context;generic_experiment;method_weak;network_pharmacology	Establishment of a Lung Cancer Discriminative Model Based on an Optimized Support Vector Machine Algorithm and Study of Key Targets of Wogonin in Lung Cancer.	An optimized support vector machine model was used to construct a lung cancer diagnosis model based on serological indicators, and a molecular regulation model of Wogonin, a component of Scutellaria baicalensis, was established. Serological indexes of patients were collected, the grid search method was used to identify the optimal penalty coefficient C and parameter g of the support vector machine model, and the benign and malignant auxiliary diagnosis model of isolated pulmonary nodules based on serological indicators was established. The regulatory network and key targets of Wogonin in lung cancer were analyzed by network pharmacology, and key targets were detected by western blot. The relationship between serological susceptibility genes and key targets of Wogonin was established, and the signaling pathway of Wogonin regulating lung cancer was constructed. After support vector machine parameter optimization (C = 90.597, g = 32), the accuracy of the model was 90.8333%, with nine false positives and two false negative cases. Ontology functional analysis of 67 common genes between Wogonin targets and lung cancer-related genes showed that the targets were associated with biological processes involved in peptidye-serine modification and regulation of protein kinase B signaling; cell components in the membrane raft and chromosomal region; and molecular function in protein serine/threonine kinase activity and heme binding. Kyoto Encyclopedia of Genes and Genomes analysis showed that the regulation pathways involved the PI3K-Akt signaling pathway, ERBB signaling pathway, and EGFR tyrosine kinase inhibitor resistance. In vitro analyses using lung cancer cells showed that Wogonin led to significantly increased levels of cleaved caspase-3 and Bad and significantly decreased Bcl-2 expression in a concentration-dependent manner. ErbB4 expression also significantly decreased in lung cancer cells after treatment with Wogonin. A regulatory network of Wogonin regulating lung cancer cell apoptosis was constructed, including the participation of serological susceptibility genes. There is a certain regulatory effect between the serological indexes that can be used in the diagnosis of lung cancer and the key targets of Chinese herbal medicine treatment of lung cancer, which provides a new idea for the diagnosis, treatment and prognosis of clinical lung cancer.
Q1_database_algorithm_instability	62	34471638	2021	B	Contains a usable database or algorithm reliability observation.	generic_limitation_or_sensitivity_word	method_weak;network_pharmacology	Uncovering the Mechanisms and Molecular Targets of Weibing Formula 1 against Gastritis: Coupling Network Pharmacology with GEO Database.	Weibing Formula 1, a classic traditional formula, has been widely used clinically to treat gastritis in recent years. However, the potential pharmacological mechanism of Weibing Formula 1 is still unclear to date. A network pharmacology-based strategy was performed to uncover the underlying mechanisms of Weibing Formula 1 against gastritis. Furthermore, we structured the drug-active ingredients-genes-disease network and PPI network of shared targets, and function enrichment analysis of these targets was carried out. Ultimately, Gene Expression Omnibus (GEO) datasets and real-time quantitative PCR were used to verify the related genes. We found 251 potential targets corresponding to 135 bioactive components of Weibing Formula 1. Then, 327 gastritis-related targets were known gastritis-related targets. Among which, 60 common targets were shared between potential targets of Weibing Formula 1 and known gastritis-related targets. The results of pathway enrichment analysis displayed that 60 common targets mostly participated in various pathways related to Toll-like receptor signaling pathway, MAPK signaling pathway, cytokine-cytokine receptor interaction pathway, chemokine signaling pathway, and apoptosis. Based on the GSE60427 dataset, 15 common genes were shared between differentially expressed genes and 60 candidate targets. The verification results of the GSE5081 dataset showed that except for DUOX2 and VCAM1, the other 13 genes were significantly upregulated in gastritis, which was consistent with the results in the GSE60427 dataset. More importantly, real-time quantitative PCR results showed that the expressions of PTGS2, MMP9, CXCL2, and CXCL8 were significantly upregulated and NOS2, EGFR, and IL-10 were downregulated in gastritis patients, while the expressions of PTGS2, MMP9, CXCL2, and CXCL8 were significantly downregulated and NOS2, EGFR, and IL-10 were upregulated after the treatment of Weibing Formula 1. PTGS2, NOS2, EGFR, MMP9, CXCL2, CXCL8, and IL-10 may be the important direct targets of Weibing Formula 1 in gastritis treatment. Our study revealed the mechanism of Weibing Formula 1 in gastritis from an overall and systematic perspective, providing a theoretical basis for further knowing and application of this formula in the future.
Q1_database_algorithm_instability	63	33806898	2021	C	Uses the field terminology but does not directly compare data or algorithms.	docking_or_MD_misread_as_empirical_validation;generic_limitation_or_sensitivity_word	docking_only;network_pharmacology	A Novel Graph Neural Network Methodology to Investigate Dihydroorotate Dehydrogenase Inhibitors in Small Cell Lung Cancer.	Small cell lung cancer (SCLC) is a particularly aggressive tumor subtype, and dihydroorotate dehydrogenase (DHODH) has been demonstrated to be a therapeutic target for SCLC. Network pharmacology analysis and virtual screening were utilized to find out related proteins and investigate candidates with high docking capacity to multiple targets. Graph neural networks (GNNs) and machine learning were used to build reliable predicted models. We proposed a novel concept of multi-GNNs, and then built three multi-GNN models called GIAN, GIAT, and SGCA, which achieved satisfactory results in our dataset containing 532 molecules with all R^2 values greater than 0.92 on the training set and higher than 0.8 on the test set. Compared with machine learning algorithms, random forest (RF), and support vector regression (SVR), multi-GNNs had a better modeling effect and higher precision. Furthermore, the long-time 300 ns molecular dynamics simulation verified the stability of the protein-ligand complexes. The result showed that ZINC8577218, ZINC95618747, and ZINC4261765 might be the potentially potent inhibitors for DHODH. Multi-GNNs show great performance in practice, making them a promising field for future research. We therefore suggest that this novel concept of multi-GNNs is a promising protocol for drug discovery.
Q1_database_algorithm_instability	64	33253353	2021	B	Contains a usable database or algorithm reliability observation.	generic_limitation_or_sensitivity_word	method_weak;network_pharmacology	Drug repurposing for COVID-19: could vitamin C combined with glycyrrhizic acid be at play by the findings of Li et al.'s database-based network pharmacology analysis?	The outbreak and pandemic of SARS-CoV-2 in 2019 has caused a severe public health burden and will challenge global health for the future. The discovery and mechanistic investigation of drugs against Coronavirus disease 2019 (COVID-19) is in deadly demand. The paper published by Li and colleagues proposed the hypothesis that vitamin C combined with glycyrrhizic acid in treating COVID-19 and its mechanistic investigation was performed by a database-based network pharmacology. In this letter, we present critical comments on the limitations and insufficiencies involved, from both the perspective of network pharmacology and current evidence on COVID-19.
Q1_database_algorithm_instability	65	33352331	2021	B	Contains a usable database or algorithm reliability observation.	generic_limitation_or_sensitivity_word	method_weak;network_pharmacology	Identifying the essential nodes in network pharmacology based on multilayer network combined with random walk algorithm.	Compared with the general complex network, the multilayer network is more suitable for the description of reality. It can be used as a tool of network pharmacology to analyze the mechanism of drug action from an overall perspective. Combined with random walk algorithm, it measures the importance of nodes from the entire network rather than a single layer. Here a four-layer network was constructed based on the data about the action process of prescriptions, consisting of ingredients, target proteins, metabolic pathways and diseases. The random walk algorithm was used to calculate the betweenness centrality of the protein layer nodes to get the rank of their importance. According to above method, we screened out the top 10% proteins that play a key role in treatment. Prescriptions Xiaochaihu Decoction was taken as example to prove our method. The selected proteins were measured with the ones that have been validated to be associated with the treated diseases. The results showed that its accuracy was no less than the topology-based method of single-layer network. The applicability of our method was proved by another prescription Yupingfeng Decoction. Our study demonstrated that multilayer network combined with random walk algorithm was an effective method for pre-screening vital target proteins related to prescriptions.
Q1_database_algorithm_instability	66	33363710	2021	B	Contains a usable database or algorithm reliability observation.	generic_limitation_or_sensitivity_word	context;method_weak;network_pharmacology	FangNet: Mining herb hidden knowledge from TCM clinical effective formulas using structure network algorithm.	The use of herbs to treat various human diseases has been recorded for thousands of years. In Asia's current medical system, numerous herbal formulas have been repeatedly verified to confirm their effectiveness in different periods, which is a great resource for drug innovation and discovery. Through the mining of these clinical effective formulas by network pharmacology and bioinformatics analysis, important biologically active ingredients derived from these natural products might be discovered. As modern medicine requires a combination of multiple drugs for the treatment of complex diseases, previously clinical formulas are also combinations of various herbs according to the main causes and accompanying symptoms. However, the herbs that play a major role in the treatment of diseases are always unclear. Therefore, how to rank each herb's relative importance and determine the core herbs, is the first step to assisting herb selection for active ingredients discovery. To solve this problem, we built the platform FangNet, which ranks all herbs on their relative topological importance using the PageRank algorithm, based on the constructed symptom-herb network from a collection of clinical empirical prescriptions. Three types of herb hidden knowledge, including herb importance rank, herb-herb co-occurrence, and associations to symptoms, were provided in an interactive visualization. Moreover, FangNet has designed role-based permission for teams to store, analyze, and jointly interpret their clinical formulas, in an easy and secure collaboration environment, aiming at creating a central hub for massive symptom-herb connections. FangNet can be accessed at http://fangnet.org or http://fangnet.herb.ac.cn.
Q1_database_algorithm_instability	67	33116763	2020	B	Contains a usable database or algorithm reliability observation.	generic_limitation_or_sensitivity_word	context;method_weak;network_pharmacology	Identifying the Mechanisms and Molecular Targets of Yizhiqingxin Formula on Alzheimer's Disease: Coupling Network Pharmacology with GEO Database.	BACKGROUND: Yizhiqingxin formula (YZQX) is a promising formula for the treatment of Alzheimer's disease (AD) with significant clinical effects. Here, we coupled a network pharmacology approach with the Gene Expression Omnibus (GEO) database to illustrate comprehensive mechanisms and screen for molecular targets of YZQX for AD treatment. METHODS: First, active ingredients of YZQX were screened for the Traditional Chinese Medicine Systems Pharmacology (TCMSP) database with the absorption, distribution, metabolism, and excretion (ADME) parameters. Subsequently, putative targets of active ingredients were predicted using the DrugBank database. AD-related targets were retrieved by analyzing published microarray data (accession number GSE5281). Protein-protein interaction (PPI) networks of YZQX putative targets and AD-related targets were constructed visually and merged to identify candidate targets for YZQX against AD using Cytoscape 3.7.2 software. We performed gene ontology (GO) and Kyoto Encyclopedia of Genes and Genomes (KEGG) pathway analysis to further clarify the biological functions of the candidate targets. The gene-pathway network was established to filter for key target genes. RESULTS: Forty-three active ingredients were identified, and 193 putative target genes were predicted. Seven hundred and ten targets related to AD were screened with |log2 FC| > 1 and P < 0.05. Based on the PPI network, 110 target genes of YZQX against AD were identified. Moreover, 32 related pathways including the PI3K-Akt signaling pathway, MAPK signaling pathway, ubiquitin-mediated proteolysis, apoptosis and the NF-kappa B signaling pathway were significantly enriched. In the gene-pathway network, MAPK1, AKT1, TP53, MDM2, EGFR, RELA, SRC, GRB2, CUL1, and MYC targets are putative core genes for YZQX in AD treatment. CONCLUSION: YZQX against AD may exert its neuroprotective effect via the PI3K-Akt signaling pathway, MAPK signaling pathway, and ubiquitin-mediated proteolysis. YZQX may be a promising drug that can be used in the treatment of AD.
Q1_database_algorithm_instability	68	32559623	2020	C	Uses the field terminology but does not directly compare data or algorithms.	generic_limitation_or_sensitivity_word	context;network_pharmacology	Insight into potent leads for alzheimer's disease by using several artificial intelligence algorithms.	Several proteins including S-nitrosoglutathione reductase (GSNOR), complement Factor D, complement 3b (C3b) and Protein Kinase R-like Endoplasmic Reticulum Kinase (PERK), have been demonstrated to be involved in pathogenesis pathways for Alzheimer's disease (AD) and considered as potential treatment targets to AD. Based on the concept of multitargets, a network pharmacology-based approach was employed to investigate potential Traditional Chinese Medicine (TCM) candidates that can dock well with GSNOR, C3b, Factor D and PERK proteins. To predict the bioactivities of candidates, Artificial Intelligence (AI) algorithms composed of seven machine learning algorithms and a deep learning model were performed to validate the docking results. Furthermore, in this study, we propose a novel combined method for efficiently exploring the predicted results of AI algorithms. Besides, Comparative force field analysis (CoMFA) and comparative similarity indices analysis (CoMSIA) were performed to construct predicted models. The results show that the square correlation coefficients (R2) of all models are almost higher than 0.75, which also acquire good achievements on the test set. Moreover, the binding stability of the potential inhibitors were evaluated using 100 ns of MD simulation. Collectively, this study elucidate that the herbs Ardisia japonica, Ligusticum chuanxiong, Lippia nodiflora and Mirabilis jalapa containing 2,2'-[benzene-1,4-diylbis(methanediyloxybenzene-4,1-diyl)]bis(oxoacetic acid), Glyasperin B, Nodifloridin A, Miraxanthin III and l-Valine-l-valine anhydride might be a potential medicine formula for AD.
Q1_database_algorithm_instability	69	32775450	2020	C	Uses the field terminology but does not directly compare data or algorithms.	generic_limitation_or_sensitivity_word	network_pharmacology	Analyzing Active Constituents and Optimal Steaming Conditions Related to the Hematopoietic Effect of Steamed Panax notoginseng by Network Pharmacology Coupled with Response Surface Methodology.	During hundreds of years of medication, it is believed that the steamed Panax notoginseng (SPN) can enrich and regulate the blood, replenish the body, and improve the health. The aim of this study was to optimize the steaming conditions of SPN which are related to the hematopoietic effect. In the study, network pharmacology and pharmacological experiments were used to predict and verify the potential hematopoietic active ingredients of SPN. Three variables including the steaming time (2-10 h), steaming temperature (90-130°C), and different producing areas of PN were investigated by using single-factor analysis. Box-Behnken design response surface methodology (BBD-RSM) was performed to explore the optimized steaming conditions which are responsible for the hematopoietic effect of SPN. Furthermore, the hematopoietic effect of the optimized SPN was evaluated. Results demonstrated that ginsenoside Rd, Rh1, Rh4, Rk3, and 20(S)-Rg3 can significantly increase blood routine parameters and expressions of hematopoietic factors in anemia mice. The total contents of the five ginsenosides were selected as evaluation indexes of the response surface method. We found that the PN from Wenshan steamed at 120°C for 5 h could significantly increase the levels of blood routine parameters and hematopoietic factor expression compared with the model group. The study not only provides data support for the determination of hematinic effect-related markers for SPN but also gives a scientific reference for the processing of SPN which has a better hematopoietic effect. The underlying mechanisms require further research.
Q1_database_algorithm_instability	70	32503508	2020	C	Uses the field terminology but does not directly compare data or algorithms.	generic_limitation_or_sensitivity_word	docking_only;measured_exposure;network_pharmacology	A bioinformatics investigation into the pharmacological mechanisms of javanica oil emulsion injection in non-small cell lung cancer based on network pharmacology methodologies.	BACKGROUND: Javanica oil emulsion injection (JOEI) is an effective therapeutic option for patients with non-small cell lung cancer (NSCLC), but its mechanisms have not been fully elucidated. METHODS: In this study, we utilized network pharmacology to systematically investigate the bioactive components and targets of JOEI, identify common targets in NSCLC, and understand and evaluate the underlying mechanism of JOEI in the treatment of NSCLC through expression level, correlation, enrichment, Cox, survival and molecular docking analyses. The results indicated that five compounds of JOEI interact with five pivotal targets (LDLR, FABP4, ABCB1, PTGS2, and SDC4) that might be strongly correlated with the JOEI-mediated treatment of NSCLC. RESULTS: The expression level analysis demonstrated that NSCLC tissues exhibit low expression of FABP4, ABCB1, LDLR and PTGS2 and high SDC4 expression. According to the correlation analysis, a decrease in FABP4 expression was strongly correlated with decreases in LDLR and ABCB1, and a decrease in LDLR was strongly correlated with decreased PTGS2 and increased in SDC4 expression. Cox and survival analyses showed that the survival rate of the high-risk group was significantly lower than that of the low-risk group (p = 0.00388). In the survival analysis, the area under the curve (AUC) showed that the pivotal gene model exhibited the best predictive capacity over 4 years (AUC = 0.613). Moreover, the molecular docking analysis indicated that LDLR, FABP4, ABCB1, PTGS2 and SDC4 exhibit good binding activity with the corresponding compounds. CONCLUSION: In conclusion, this study predicted and verified that the mechanism of JOEI against NSCLC involves multiple targets and signaling pathways. Furthermore, this study provides candidate targets for the treatment of NSCLC, lays a good foundation for further experimental research and promotes the reasonable application of JOEI in clinical treatment.
Q1_database_algorithm_instability	71	30941682	2020	B	Contains a usable database or algorithm reliability observation.	generic_limitation_or_sensitivity_word	context;method_weak;network_pharmacology;review	Network Pharmacology in Research of Chinese Medicine Formula: Methodology, Application and Prospective.	Chinese medicine (CM) is usually prescribed as CM formula to treat disease. The lack of effective research approach makes it difficult to elucidate the molecular mechanisms of CM formula owing to its complicated chemical compounds. Network pharmacology is increasingly applied in CM formula research in recent years, which is identified suitable for the study of CM formula. In this review, we summarized the methodology of network pharmacology, including network construction, network analysis and network verification. The aim of constructing a network is to achieve the interaction between the bioactive compounds and targets and the interaction between various targets, and then find out and validate the key nodes via network analysis and network verification. Besides, we reviewed the application in CM formula research, mainly including targets discovery, bioactive compounds screening, toxicity evaluation, mechanism research and quality control research. Finally, we proposed prospective in the future and limitations of network pharmacology, expecting to provide new strategy and thinking on study for CM formula.
Q1_database_algorithm_instability	72	31412658	2019	B	Contains a usable database or algorithm reliability observation.	generic_limitation_or_sensitivity_word	context;method_weak;network_pharmacology	The Methodological Trends of Traditional Herbal Medicine Employing Network Pharmacology.	Natural products, including traditional herbal medicine (THM), are known to exert their therapeutic effects by acting on multiple targets, so researchers have employed network pharmacology methods to decipher the potential mechanisms of THM. To conduct THM-network pharmacology (THM-NP) studies, researchers have employed different tools and databases for constructing and analyzing herb-compound-target networks. In this study, we attempted to capture the methodological trends in THM-NP research. We identified the tools and databases employed to conduct THM-NP studies and visualized their combinatorial patterns. We also constructed co-author and affiliation networks to further understand how the methodologies are employed among researchers. The results showed that the number of THM-NP studies and employed databases/tools have been dramatically increased in the last decade, and there are characteristic patterns in combining methods of each analysis step in THM-NP studies. Overall, the Traditional Chinese Medicine Systems Pharmacology Database and Analysis Platform (TCMSP) was the most frequently employed network pharmacology database in THM-NP studies. Among the processes involved in THM-NP research, the methodology for constructing a compound-target network has shown the greatest change over time. In summary, our analysis describes comprehensive methodological trends and current ideas in research design for network pharmacology researchers.
Q1_database_algorithm_instability	73	30976033	2019	C	Uses the field terminology but does not directly compare data or algorithms.	generic_limitation_or_sensitivity_word	context;network_pharmacology	A bioinformatics investigation into the pharmacological mechanisms of the effect of Fufang Danshen on pain based on methodologies of network pharmacology.	Fufang Danshen (FFDS), a Chinese medicine formula widely used in the clinic, has proven therapeutic effects on pain relief. However, the mechanisms of these effects have not been elucidated. Here, we performed a systematic analysis to discover the mechanisms of FFDS in attenuating pain to gain a better understanding of FFDS in the treatment of other diseases accompanied by pain. Relevance analysis showed that Salvia miltiorrhizae was the best studied herb in FFDS. Most compounds in FFDS have good bioavailability, and we collected 223 targets for 35 compounds in FFDS. These targets were significantly enriched in many pathways related to pain and can be classified as signal transduction, endocrine system, nervous system and lipid metabolism. We compared Salvia miltiorrhizae and Panax notoginseng and found that they can significantly affect different pathways. Moreover, ten pain disease proteins and 45 therapeutic targets can be directly targeted by FFDS. All 45 therapeutic targets have direct or indirect connections with pain disease proteins. Forty-six pain disease proteins can be indirectly affected by FFDS, especially through heat shock cognate 71 kDa protein (HSPA8) and transcription factor AP-1 (JUN). A total of 109 targets of FFDS were identified as significant targets.
Q1_database_algorithm_instability	74	30846939	2019	C	Uses the field terminology but does not directly compare data or algorithms.	generic_limitation_or_sensitivity_word	context;network_pharmacology;review	Network Pharmacology Databases for Traditional Chinese Medicine: Review and Assessment.	"The research field of systems biology has greatly advanced and, as a result, the concept of network pharmacology has been developed. This advancement, in turn, has shifted the paradigm from a ""one-target, one-drug"" mode to a ""network-target, multiple-component-therapeutics"" mode. Network pharmacology is more effective for establishing a ""compound-protein/gene-disease"" network and revealing the regulation principles of small molecules in a high-throughput manner. This approach makes it very powerful for the analysis of drug combinations, especially Traditional Chinese Medicine (TCM) preparations. In this work, we first summarized the databases and tools currently used for TCM research. Second, we focused on several representative applications of network pharmacology for TCM research, including studies on TCM compatibility, TCM target prediction, and TCM network toxicology research. Third, we compared the general statistics of several current TCM databases and evaluated and compared the search results of these databases based on 10 famous herbs. In summary, network pharmacology is a rational approach for TCM studies, and with the development of TCM research, powerful and comprehensive TCM databases have emerged but need further improvements. Additionally, given that several diseases could be treated by TCMs, with the mediation of gut microbiota, future studies should focus on both the microbiome and TCMs to better understand and treat microbiome-related diseases."
Q1_database_algorithm_instability	75	30546860	2018	B	Contains a usable database or algorithm reliability observation.	generic_limitation_or_sensitivity_word	context;method_weak;network_pharmacology	YaTCM: Yet another Traditional Chinese Medicine Database for Drug Discovery.	Traditional Chinese Medicine (TCM) has a long history of widespread clinical applications, especially in East Asia, and is becoming frequently used in Western countries. However, owing to extreme complicacy in both chemical ingredients and mechanism of action, a deep understanding of TCM is still difficult. To accelerate the modernization and popularization of TCM, a single comprehensive database is required, containing a wealth of TCM-related information and equipped with complete analytical tools. Here we present YaTCM (Yet another Traditional Chinese Medicine database), a free web-based toolkit, which provides comprehensive TCM information and is furnished with analysis tools. YaTCM allows a user to (1) identify the potential ingredients that are crucial to TCM herbs through similarity search and substructure search, (2) investigate the mechanism of action for TCM or prescription through pathway analysis and network pharmacology analysis, (3) predict potential targets for TCM molecules by multi-voting chemical similarity ensemble approach, and (4) explore functionally similar herb pairs. All these functions can lead to one systematic network for visualization of TCM recipes, herbs, ingredients, definite or putative protein targets, pathways, and diseases. This web service would help in uncovering the mechanism of action of TCM, revealing the essence of TCM theory and then promoting the drug discovery process. YaTCM is freely available at http://cadd.pharmacy.nankai.edu.cn/yatcm/home.
Q1_database_algorithm_instability	76	29600765	2018	C	Uses the field terminology but does not directly compare data or algorithms.	generic_limitation_or_sensitivity_word	network_pharmacology	Network Pharmacology: Exploring the Resources and Methodologies.	Multi-target and combinatorial therapies have been focused for the past several decades. These approaches achieved considerable therapeutic efficacy by modulating the activities of the targets in complex diseases such as HIV-1 infection, cancer and diabetes disease. Most of the diseases cannot be treated efficiently in terms of single gene target, because it involves the cessation of the coordinated function of distinct gene groups. Most of the cellular components work efficiently by interacting with other cellular components and all these interactions together represent interactome. This interconnectivity shows that a defect in a single gene may not be restricted to the gene product itself, but may spread along the network. So, drug development must be based on the network-based perspective of disease mechanisms. Many systematic diseases like neurodegenerative disorders, cancer and cardiovascular cannot be treated efficiently by the single gene target strategy because these diseases involve the complex biological machinery. In clinical trials, many mono-therapies have been found to be less effective. In mono-therapies, the long term treatment, for the systematic diseases make the diseases able to acquired resistance because of the disease nature of the natural evolution of feedback loop and pathway redundancy. Multi-target drugs might be more efficient. Multi-target therapeutics might be less vulnerable because of the inability of the biological system to resist multiple actions. In this study, we will overview the recent advances in the development of methodologies for the identification of drug target interaction and its application in the poly-pharmacology profile of the drug.
Q1_database_algorithm_instability	77	28906116	2017	B	Contains a usable database or algorithm reliability observation.	generic_limitation_or_sensitivity_word	method_weak;network_pharmacology	PhID: An Open-Access Integrated Pharmacology Interactions Database for Drugs, Targets, Diseases, Genes, Side-Effects, and Pathways.	The current network pharmacology study encountered a bottleneck with a lot of public data scattered in different databases. There is a lack of an open-access and consolidated platform that integrates this information for systemic research. To address this issue, we have developed PhID, an integrated pharmacology database which integrates >400 000 pharmacology elements (drug, target, disease, gene, side-effect, and pathway) and >200 000 element interactions in branches of public databases. PhID has three major applications: (1) assisting scientists searching through the overwhelming amount of pharmacology element interaction data by names, public IDs, molecule structures, or molecular substructures; (2) helping visualizing pharmacology elements and their interactions with a web-based network graph; and (3) providing prediction of drug-target interactions through two modules: PreDPI-ki and FIM, by which users can predict drug-target interactions of PhID entities or some drug-target pairs of their own interest. To get a systems-level understanding of drug action and disease complexity, PhID as a network pharmacology tool was established from the perspective of data layer, visualization layer, and prediction model layer to present information untapped by current databases.
Q1_database_algorithm_instability	78	28588237	2017	B	Contains a usable database or algorithm reliability observation.	generic_limitation_or_sensitivity_word	method_weak;network_pharmacology	TCM-Mesh: The database and analytical system for network pharmacology analysis for TCM preparations.	"With the advancement of systems biology research, we have already seen great progress in pharmacology studies, especially in network pharmacology. Network pharmacology has been proven to be effective for establishing the ""compounds-proteins/genes-diseases"" network, and revealing the regulation principles of small molecules in a high-throughput manner, thus would be very effective for the analysis of drug combinations, especially for TCM preparations. In this work, we have proposed the TCM-Mesh system, which records TCM-related information collected from various resources and could serve for network pharmacology analysis for TCM preparations in a high-throughput manner (http://mesh.tcm.microbioinformatics.org/). Currently, the database contains 6,235 herbs, 383,840 compounds, 14,298 genes, 6,204 diseases, 144,723 gene-disease associations, 3,440,231 pairs of gene interactions, 163,221 side effect records and 71 toxic records, and web-based software construct a network between herbs and treated diseases, which will help to understand the underlying mechanisms for TCM preparations at molecular levels. We have used 1,293 FDA-approved drugs, as well as compounds from an herbal material Panax ginseng and a patented drug Liuwei Dihuang Wan (LDW) for evaluating our database. By comparison of different databases, as well as checking against literature, we have demonstrated the completeness, effectiveness, and accuracy of our database."
Q1_database_algorithm_instability	79	26490381	2016	B	Contains a usable database or algorithm reliability observation.	generic_limitation_or_sensitivity_word	method_weak;network_pharmacology	Updates on drug-target network; facilitating polypharmacology and data integration by growth of DrugBank database.	Network pharmacology elucidates the relationship between drugs and targets. As the identified targets for each drug increases, the corresponding drug-target network (DTN) evolves from solely reflection of the pharmaceutical industry trend to a portrait of polypharmacology. The aim of this study was to evaluate the potentials of DrugBank database in advancing systems pharmacology. We constructed and analyzed DTN from drugs and targets associations in the DrugBank 4.0 database. Our results showed that in bipartite DTN, increased ratio of identified targets for drugs augmented density and connectivity of drugs and targets and decreased modular structure. To clear up the details in the network structure, the DTNs were projected into two networks namely, drug similarity network (DSN) and target similarity network (TSN). In DSN, various classes of Food and Drug Administration-approved drugs with distinct therapeutic categories were linked together based on shared targets. Projected TSN also showed complexity because of promiscuity of the drugs. By including investigational drugs that are currently being tested in clinical trials, the networks manifested more connectivity and pictured the upcoming pharmacological space in the future years. Diverse biological processes and protein-protein interactions were manipulated by new drugs, which can extend possible target combinations. We conclude that network-based organization of DrugBank 4.0 data not only reveals the potential for repurposing of existing drugs, also allows generating novel predictions about drugs off-targets, drug-drug interactions and their side effects. Our results also encourage further effort for high-throughput identification of targets to build networks that can be integrated into disease networks.
Q1_database_algorithm_instability	80	27337171	2016	B	Contains a usable database or algorithm reliability observation.	generic_limitation_or_sensitivity_word	context;method_weak;network_pharmacology	TarNet: An Evidence-Based Database for Natural Medicine Research.	"BACKGROUND: Complex diseases seriously threaten human health. Drug discovery approaches based on ""single genes, single drugs, and single targets"" are limited in targeting complex diseases. The development of new multicomponent drugs for complex diseases is imperative, and the establishment of a suitable solution for drug group-target protein network analysis is a key scientific problem that must be addressed. Herbal medicines have formed the basis of sophisticated systems of traditional medicine and have given rise to some key drugs that remain in use today. The search for new molecules is currently taking a different route, whereby scientific principles of ethnobotany and ethnopharmacognosy are being used by chemists in the discovery of different sources and classes of compounds. RESULTS: In this study, we developed TarNet, a manually curated database and platform of traditional medicinal plants with natural compounds that includes potential bio-target information. We gathered information on proteins that are related to or affected by medicinal plant ingredients and data on protein-protein interactions (PPIs). TarNet includes in-depth information on both plant-compound-protein relationships and PPIs. Additionally, TarNet can provide researchers with network construction analyses of biological pathways and protein-protein interactions (PPIs) associated with specific diseases. Researchers can upload a gene or protein list mapped to our PPI database that has been manually curated to generate relevant networks. Multiple functions are accessible for network topological calculations, subnetwork analyses, pathway analyses, and compound-protein relationships. CONCLUSIONS: TarNet will serve as a useful analytical tool that will provide information on medicinal plant compound-affected proteins (potential targets) and system-level analyses for systems biology and network pharmacology researchers. TarNet is freely available at http://www.herbbol.org:8001/tarnet, and detailed tutorials on the program are also available."
Q1_database_algorithm_instability	81	26388998	2015	B	Contains a usable database or algorithm reliability observation.	generic_limitation_or_sensitivity_word	context;method_weak;network_pharmacology	Systems Biology - A Pivotal Research Methodology for Understanding the Mechanisms of Traditional Medicine.	OBJECTIVES: Systems biology is a novel subject in the field of life science that aims at a systems' level understanding of biological systems. Because of the significant progress in high-throughput technologies and molecular biology, systems biology occupies an important place in research during the post-genome era. METHODS: The characteristics of systems biology and its applicability to traditional medicine research have been discussed from three points of view: data and databases, network analysis and inference, and modeling and systems prediction. RESULTS: The existing databases are mostly associated with medicinal herbs and their activities, but new databases reflecting clinical situations and platforms to extract, visualize and analyze data easily need to be constructed. Network pharmacology is a key element of systems biology, so addressing the multi-component, multi-target aspect of pharmacology is important. Studies of network pharmacology highlight the drug target network and network target. Mathematical modeling and simulation are just in their infancy, but mathematical modeling of dynamic biological processes is a central aspect of systems biology. Computational simulations allow structured systems and their functional properties to be understood and the effects of herbal medicines in clinical situations to be predicted. CONCLUSION: Systems biology based on a holistic approach is a pivotal research methodology for understanding the mechanisms of traditional medicine. If systems biology is to be incorporated into traditional medicine, computational technologies and holistic insights need to be integrated.
Q1_database_algorithm_instability	82	26225242	2015	B	Contains a usable database or algorithm reliability observation.	generic_limitation_or_sensitivity_word	method_weak;network_pharmacology	PhIN: A Protein Pharmacology Interaction Network Database.	Network pharmacology is a new and hot concept in drug discovery for its ability to investigate the complexity of polypharmacology, and becomes more and more important in drug development. Here we report a protein pharmacology interaction network database (PhIN), aiming to assist multitarget drug discovery by providing comprehensive and flexible network pharmacology analysis. Overall, PhIN contains 1,126,060 target-target interaction pairs in terms of shared compounds and 3,428,020 pairs in terms of shared scaffolds, which involve 12,419,700 activity data, 9,414 targets, 314 viral targets, 652 pathways, 1,359,400 compounds, and 309,556 scaffolds. Using PhIN, users can obtain interacting target networks within or across human pathways, between human and virus, by defining the number of shared compounds or scaffolds under an activity cutoff. We expect PhIN to be a useful tool for multitarget drug development. PhIN is freely available at http://cadd.pharmacy.nankai.edu.cn/phin/.
Q1_database_algorithm_instability	83	25387968	2015	C	Uses the field terminology but does not directly compare data or algorithms.	generic_limitation_or_sensitivity_word	context;network_pharmacology	Exploring the ligand-protein networks in traditional chinese medicine: current databases, methods and applications.	"While the concept of ""single component-single target"" in drug discovery seems to have come to an end, ""Multi-component-multi-target"" is considered to be another promising way out in this field. The Traditional Chinese Medicine (TCM), which has thousands of years' clinical application among China and other Asian countries, is the pioneer of the ""Multi-component-multi-target"" and network pharmacology. Hundreds of different components in a TCM prescription can cure the diseases or relieve the patients by modulating the network of potential therapeutic targets. Although there is no doubt of the efficacy, it is difficult to elucidate convincing underlying mechanism of TCM due to its complex composition and unclear pharmacology. Without thorough investigation of its potential targets and side effects, TCM is not able to generate large-scale medicinal benefits, especially in the days when scientific reductionism and quantification are dominant. The use of ligand-protein networks has been gaining significant value in the history of drug discovery while its application in TCM is still in its early stage. This article firstly surveys TCM databases for virtual screening that have been greatly expanded in size and data diversity in recent years. On that basis, different screening methods and strategies for identifying active ingredients and targets of TCM are outlined based on the amount of network information available, both on sides of ligand bioactivity and the protein structures. Furthermore, applications of successful in silico target identification attempts are discussed in details along with experiments in exploring the ligand-protein networks of TCM. Finally, it will be concluded that the prospective application of ligand-protein networks can be used not only to predict protein targets of a small molecule, but also to explore the mode of action of TCM."
Q1_database_algorithm_instability	84	24344970	2013	B	Contains a usable database or algorithm reliability observation.	generic_limitation_or_sensitivity_word	context;method_weak;network_pharmacology	CVDHD: a cardiovascular disease herbal database for drug discovery and network pharmacology.	BACKGROUND: Cardiovascular disease (CVD) is the leading cause of death and associates with multiple risk factors. Herb medicines have been used to treat CVD long ago in china and several natural products or derivatives (e.g., aspirin and reserpine) are most common drugs all over the world. The objective of this work was to construct a systematic database for drug discovery based on natural products separated from CVD-related medicinal herbs and to research on action mechanism of herb medicines. DESCRIPTION: The cardiovascular disease herbal database (CVDHD) was designed to be a comprehensive resource for virtual screening and drug discovery from natural products isolated from medicinal herbs for cardiovascular-related diseases. CVDHD comprises 35230 distinct molecules and their identification information (chemical name, CAS registry number, molecular formula, molecular weight, international chemical identifier (InChI) and SMILES), calculated molecular properties (AlogP, number of hydrogen bond acceptor and donors, etc.), docking results between all molecules and 2395 target proteins, cardiovascular-related diseases, pathways and clinical biomarkers. All 3D structures were optimized in the MMFF94 force field and can be freely accessed. CONCLUSIONS: CVDHD integrated medicinal herbs, natural products, CVD-related target proteins, docking results, diseases and clinical biomarkers. By using the methods of virtual screening and network pharmacology, CVDHD will provide a platform to streamline drug/lead discovery from natural products and explore the action mechanism of medicinal herbs. CVDHD is freely available at http://pkuxxj.pku.edu.cn/CVDHD.
Q1_database_algorithm_instability	85	23787177	2013	C	Uses the field terminology but does not directly compare data or algorithms.	generic_limitation_or_sensitivity_word	context;network_pharmacology	Traditional Chinese medicine network pharmacology: theory, methodology and application.	"Traditional Chinese medicine (TCM) has a long history of viewing an individual or patient as a system with different statuses, and has accumulated numerous herbal formulae. The holistic philosophy of TCM shares much with the key ideas of emerging network pharmacology and network biology, and meets the requirements of overcoming complex diseases, such as cancer, in a systematic manner. To discover TCM from a systems perspective and at the molecular level, a novel TCM network pharmacology approach was established by updating the research paradigm from the current ""one target, one drug"" mode to a new ""network target, multi-components"" mode. Subsequently, a set of TCM network pharmacology methods were created to prioritize disease-associated genes, to predict the target profiles and pharmacological actions of herbal compounds, to reveal drug-gene-disease co-module associations, to screen synergistic multi-compounds from herbal formulae in a high-throughput manner, and to interpret the combinatorial rules and network regulation effects of herbal formulae. The effectiveness of the network-based methods was demonstrated for the discovery of bioactive compounds and for the elucidation of the mechanisms of action of herbal formulae, such as Qing-Luo-Yin and the Liu-Wei-Di-Huang pill. The studies suggest that the TCM network pharmacology approach provides a new research paradigm for translating TCM from an experience-based medicine to an evidence-based medicine system, which will accelerate TCM drug discovery, and also improve current drug discovery strategies."
Q1_database_algorithm_instability	86	23818932	2013	C	Uses the field terminology but does not directly compare data or algorithms.	generic_limitation_or_sensitivity_word	context;network_pharmacology	Exploring the ligand-protein networks in traditional chinese medicine: current databases, methods, and applications.	"The traditional Chinese medicine (TCM), which has thousands of years of clinical application among China and other Asian countries, is the pioneer of the ""multicomponent-multitarget"" and network pharmacology. Although there is no doubt of the efficacy, it is difficult to elucidate convincing underlying mechanism of TCM due to its complex composition and unclear pharmacology. The use of ligand-protein networks has been gaining significant value in the history of drug discovery while its application in TCM is still in its early stage. This paper firstly surveys TCM databases for virtual screening that have been greatly expanded in size and data diversity in recent years. On that basis, different screening methods and strategies for identifying active ingredients and targets of TCM are outlined based on the amount of network information available, both on sides of ligand bioactivity and the protein structures. Furthermore, applications of successful in silico target identification attempts are discussed in detail along with experiments in exploring the ligand-protein networks of TCM. Finally, it will be concluded that the prospective application of ligand-protein networks can be used not only to predict protein targets of a small molecule, but also to explore the mode of action of TCM."
Q1_database_algorithm_instability	87	22741814	2012	B	Contains a usable database or algorithm reliability observation.	generic_limitation_or_sensitivity_word	method_weak;network_pharmacology;review	Clinical utility of neuroprotective agents in neurodegenerative diseases: current status of drug development for Alzheimer's, Parkinson's and Huntington's diseases, and amyotrophic lateral sclerosis.	"INTRODUCTION: According to the definition of the Committee to Identify Neuroprotective Agents in Parkinson's Disease (CINAPS), ""neuroprotection would be any intervention that favourably influences the disease process or underlying pathogenesis to produce enduring benefits for patients"" [Meissner W, et al. Trends Pharmacol Sci 2004;25:249-253]. Preferably, neuroprotective agents should be used before or eventually during the prodromal phase of the diseases that could start decades before the appearance of symptoms. Although several symptomatic drugs are available, a disease-modifying agent is still elusive. AREAS COVERED: The aim of the present review is to give an overview of neuroprotective agents being currently investigated for the treatment of AD, PD, HD and ALS in clinical phases. EXPERT OPINION: Development of effective neuroprotective therapies resulting in clinically meaningful results is hampered by several factors in all research stages, both conceptual and methodological. Novel solutions might be offered by evaluation of new targets throughout clinical studies, therapies emerging from drug repositioning approaches, multi-target approaches and network pharmacology."
Q1_database_algorithm_instability	88	23134618	2012	B	Contains a usable database or algorithm reliability observation.	generic_limitation_or_sensitivity_word	method_weak;network_pharmacology	C²Maps: a network pharmacology database with comprehensive disease-gene-drug connectivity relationships.	"BACKGROUND: Network pharmacology has emerged as a new topic of study in recent years. It aims to study the myriad relationships among proteins, drugs, and disease phenotypes. The concept of molecular connectivity maps has been proposed to establish comprehensive knowledge links between molecules of interest in a given biological context. Molecular connectivity maps between drugs and genes/proteins in specific disease contexts can be particularly valuable, since the functional approach with these maps helps researchers gain global perspectives on both the therapeutic profiles and toxicological profiles of candidate drugs. METHODS: To assess drug pharmacological effect, we assume that ""ideal"" drugs for a patient can treat or prevent the disease by modulating gene expression profiles of this patient to the similar level with those in healthy people. Starting from this hypothesis, we build comprehensive disease-gene-drug connectivity relationships with drug-protein directionality (inhibit/activate) information based on a computational connectivity maps (C²Maps) platform. An interactive interface for directionality annotation of drug-protein pairs with literature evidences from PubMed has been added to the new version of C²Maps. We also upload the curated directionality information of drug-protein pairs specific for three complex diseases - breast cancer, colorectal cancer and Alzheimer disease. RESULTS: For relevant drug-protein pairs with directionality information, we use breast cancer as a case study to demonstrate the functionality of disease-specific searching. Based on the results obtained from searching, we perform pharmacological effect evaluation for two important breast cancer drugs on treating patients diagnosed with different breast cancer subtypes. The evaluation is performed on a well-studied breast cancer gene expression microarray dataset to portray how useful the updated C²Maps is in assessing drug efficacy and toxicity information. CONCLUSIONS: The C²Maps platform is an online bioinformatics resource that provides biologists with directional relationships between drugs and genes/proteins in specific disease contexts based on network mining, literature mining, and drug effect annotating. A new insight to assess overall drug efficacy and toxicity can be provided by using the C²Maps platform to identify disease relevant proteins and drugs. The case study on breast cancer correlates very well with the existing pharmacology of the two breast cancer drugs and highlights the significance of C²Maps database."
Q1_database_algorithm_instability	89	21506427	2011	C	Uses the field terminology but does not directly compare data or algorithms.	generic_limitation_or_sensitivity_word	context;network_pharmacology	[Building methodology for discovering and developing Chinese medicine based on network biology].	In this article, we introduced the concept and technology of network biology and network pharmacology, and proposed the possible strategy for building the methodology for discovering and developing Chinese medicine based on network biology. The concept of network pharmacology of Chinese medicine and its potential application in the modernization of traditional Chinese medicine was also discussed.
Q2_reporting_reproducibility	1	42460190	2026	B	Contains a usable workflow or reporting discussion.	docking_or_MD_misread_as_empirical_validation;generic_limitation_or_sensitivity_word	context;docking_only;method_weak;network_pharmacology;review	Network Pharmacology and Molecular Docking for Natural Product-Based Therapies in Gallbladder and Biliary Tract Cancers: Workflows, Pitfalls, and Translational Opportunities.	Gallbladder cancer (GBC) and other biliary tract cancers (BTCs) are aggressive hepatobiliary malignancies with limited pharmacological treatment options and a poor prognosis. Even with platinum-gemcitabine regimens and selected targeted or immunotherapies, most patients experience only transient benefits, highlighting the need for new mechanistic approaches. Natural products, ranging from purified phytochemicals to complex traditional formulations, act on several key processes involved in gallbladder carcinogenesis, including chronic inflammation, epithelial-mesenchymal transition, apoptosis, and DNA damage responses. These multi-target effects are difficult to capture using reductionist approaches that focus on single receptors or pathways. Network pharmacology and molecular docking have therefore emerged as valuable in silico tools for understanding this complexity. By integrating compound-target predictions, protein-protein interaction networks, and pathway enrichment analyses with structural models of ligand-target binding, these approaches can generate pharmacological hypotheses, prioritize targets for validation, and suggest rational combinations with standard systemic therapies. However, their application to gallbladder and biliary tract cancers remains limited and methodologically heterogeneous. In this narrative review, we summarize current preclinical evidence, outline standard workflows, critically examine common pitfalls, and propose a best-practice workflow and reporting checklist. We also discuss how in silico methods can be integrated into experimental and clinical pharmacology to support the mechanism-driven development of natural product-based therapies in hepatobiliary oncology.
Q2_reporting_reproducibility	2	42113694	2026	A	Direct reporting, standardization, guideline, or reproducibility evidence.	docking_or_MD_misread_as_empirical_validation	docking_only;method_strong;method_weak;network_pharmacology	Reproducible Computational Workflow for Drug Discovery to Standardize Network Pharmacology and Molecular Docking Analyses.	Network pharmacology and molecular docking are widely applied in drug discovery, yet fragmented workflows and inconsistent operations frequently undermine result reproducibility. Here, a standardized protocol integrating these approaches into a reproducible framework for drug screening and mechanism exploration is described, with the workflow organized into three sequential phases: data preparation, computational analysis, and validation. In the preparation phase, compound libraries from public databases are filtered via Absorption, Distribution, Metabolism, Excretion, and Toxicity (ADMET) criteria, including oral bioavailability, drug-likeness, and toxicity prediction, while potential therapeutic targets are obtained through target prediction and integration of disease-related databases to comprehensively identify drug-disease interaction candidates. In the computational analysis phase, overlapping targets undergo Gene Ontology (GO) and Kyoto Encyclopedia of Genes and Genomes (KEGG) enrichment analyses and protein-protein interaction network topological analysis to identify core targets; molecular docking is configured with two standardized optional strategies with distinct advantages. The two-step progressive strategy employs AutoDock Vina for high-throughput preliminary screening of the compound library, followed by precise re-docking with YASARA, which eliminates false positives from high-throughput screening and generates protein-ligand complexes natively compatible with subsequent YASARA molecular dynamics (MD) simulations to avoid structural deviations caused by cross-software format conversion. The one-step strategy completes the full docking process via YASARA alone, which simplifies the operation workflow, improves experimental efficiency, and is fully applicable for specific research goals. In the validation phase, standardized MD simulations evaluate ligand-protein complex stability via core metrics of root mean square deviation (RMSD) and root mean square fluctuation (RMSF). This unified, reproducible pipeline enhances the reliability of network pharmacology and docking studies and facilitates cross-study comparisons in computational drug discovery.
Q2_reporting_reproducibility	3	41799384	2025	D	Does not substantively match the path goal.	network_pharmacology_phrase_not_substantive;generic_in_vivo_in_vitro_or_validation_without_target_test	context;generic_experiment;method_strong;review	Pharmacological advances in multi-targeted strategies for type 2 diabetes mellitus: a systematic perspective based on traditional Chinese medicine.	Type 2 diabetes mellitus (T2DM) is a complex systemic metabolic disease driven by insulin resistance, β-cell dysfunction, chronic low-grade inflammation, oxidative stress, and neuro-immune dysregulation. It frequently progresses to multi-organ complications affecting the kidneys, retina, heart, and central nervous system. This review synthesizes mechanistic and translational evidence on Traditional Chinese Medicine (TCM)-related botanical drugs and botanical preparations (formula-based interventions), along with representative plant metabolites that are frequently investigated in the TCM research context (e.g., berberine, baicalin, and tanshinone IIA, which are not unique to TCM). For formula-based preparations, we extracted and reported intervention identity elements (dosage form, complete composition, and processing/standardization as described in primary studies); missing identity items were recorded as not reported (NR) and not inferred. We organized findings across shared T2DM-relevant pathogenic modules, including PI3K/Akt and AMPK signaling, inflammatory outputs (NF-κB/NLRP3), redox regulation (NRF2/ROS), angiogenic signaling (VEGF), and gut-liver-brain-immune network interactions, emphasizing studies in which pathway modulation is accompanied by metabolic or complication-relevant endpoints. To strengthen interpretability and reproducibility, we conducted a structured literature search (2000-2025) and applied evidence grading (human/RCT vs. animal vs. in vitro/in silico), and we critically appraised reporting quality using the GA-online Best Practice in Research - ConPhyMP tool. All source organisms were taxonomically validated using authoritative resources, and full scientific names (including author citation and family) were standardized. We caution that compound-target links, particularly those derived from in silico predictions or single-assay readouts, may be vulnerable to assay interference liabilities (including PAINS) and should be supported by orthogonal validation and outcome-linked readouts before strong mechanistic claims are made. Finally, we outline translational priorities, including rigorous standardization and quality control (distinguishing analytical marker metabolites from bioactive metabolites), improved study design and controls, and well-designed randomized, pragmatic, and real-world evaluations with clinically meaningful endpoints (e.g., HbA1c, complication progression, and safety).
Q2_reporting_reproducibility	4	21351485	2010	A	Direct reporting, standardization, guideline, or reproducibility evidence.		context;method_strong;method_weak;network_pharmacology	[Network pharmacology: new guidelines for drug discovery].	The development of new drug is not only the main driving force for the development of pharmaceutical industry, but also plays a very important role in the social development. However, with the increasing demands, new drug development is facing great difficulties in recent years. The hypothesis of highly selective single-target is meeting the challenges because of its limitations. Network pharmacology has been one of the new strategies for new drug discovery based on single-target drug research in recent years. This paper focused on the basis of network pharmacology and its research progress, discussed its development direction and application prospects, and analyzed its limitations and problems as well. The application of network pharmacology in new drug development is discussed by comparing its guidelines with those of traditional Chinese medicine theory and Effective Components Group hypothesis of Chinese medicines.
Q3_target_validation	1	42261783	2026	A	Contains direct engagement or target-specific functional evidence.		docking_only;functional_mediation;generic_experiment;network_pharmacology	Rhaponticin alleviates pancreatic acinar cell necrosis by attenuating oxidative stress via modulation of the HIF-1α signaling pathway.	OBJECTIVES: This study investigated the protective effects and mechanisms of rhaponticin (Rha) against acinar cell injury in acute pancreatitis (AP). METHODS: Pancreatic acinar cell injury was induced using multiple in vitro and in vivo AP models. The mitochondrial function, necrosis, and oxidative stress were assessed. Network pharmacology and molecular docking were applied to predict potential molecular targets, which were subsequently validated experimentally. The involvement of hypoxia-inducible factor 1-alpha (HIF-1α) signaling and necroptosis-related proteins, including receptor-interacting protein kinase 3 (RIP3) and phosphorylated mixed lineage kinase domain-like protein (p-MLKL), was further explored. Both pharmacological inhibition and siRNA-mediated knockdown were employed to verify the target specificity of Rha. RESULTS: Rha treatment significantly preserved mitochondrial function, reduced ROS, and alleviated pancreatic injury. Network pharmacology and molecular dockingresults identified HIF -1a as the key target of Rha. Consistently, Rha treatment markedly downregulated HIF-1α expression and inhibited necroptosis by suppressing the activation of RIP3 and p-MLKL. Notably, neither pharmacological inhibition nor siRNA-mediated knockdown of HIF-1α produced additional protective effects in the presence of Rha, indicating the involvement of HIF-1α in mediating its actions. CONCLUSION: Rha effectively attenuates acinar cell necrosis and oxidative via the HIF-1α-mediated necroptosis pathway, highlighting Rha as a promising therapeutic candidate for AP.
Q3_target_validation	2	42372810	2026	A	Contains direct engagement or target-specific functional evidence.		context;functional_mediation;generic_experiment;network_pharmacology	Total organic acids from Cuscuta chinensis Lam. Modulate MDM2 to promote neurogenesis and alleviate depression.	ETHNOPHARMACOLOGICAL RELEVANCE: The seeds of Cuscuta chinensis Lam. (CCL) are commonly used in traditional Chinese medicine to strengthen kidney qi and alleviate mental fatigue as well as mood dysregulation and affective disturbances. Total organic acids, as major active constituents, have been reported to exert neuroprotective and mood-modulating effects, supporting their relevance to depression research. AIM OF THE STUDY: Investigating the antidepressant effects and elucidating underlying molecular mechanisms of total organic acids from Cuscuta chinensis Lam. (Ora) on neurogenesis and neural plasticity through the MDM2 (E3 ubiquitin ligase)/FOXO3 (Forkhead box O3) ubiquitination regulatory pathway. MATERIALS AND METHODS: Organic acids were extracted and isolated from Cuscuta chinensis Lam., and their major components were qualitatively identified by ultra-performance liquid chromatography coupled with LTQ-Orbitrap mass spectrometry (UPLC/LTQ-Orbitrap-MS) analysis. Subsequently, a chronic social defeat stress (CSDS) paradigm was established, and behavioral assessments were undertaken to delineate the influence of Ora in CSDS-exposed mice. Immunoblotting was used to quantify synaptic plasticity-associated proteins, and Golgi staining was subsequently applied to examine dendritic spine density. Immunofluorescence and immunohistochemistry were carried out to characterize neural stem/progenitor cell proliferation and differentiation both in vitro and in vivo, with Sholl analysis further providing an assessment of adult hippocampal neurogenesis. In addition, an integrative in silico strategy incorporating network-level analysis and ligand-target interaction modeling was applied to identify potential targets and delineate the mechanistic basis of Ora-mediated antidepressant activity. Subsequently, co-immunoprecipitation assay was performed to evaluate protein interactions and ubiquitination levels; additionally, the effect of MDM2 knockdown on the antidepressant efficacy of Ora was further examined. RESULTS: Ora alleviated CSDS-induced depressive behaviors, enhanced synaptic plasticity-associated protein expression, and increased dendritic spine density in hippocampal neurons. Moreover, Ora facilitated neural stem cell expansion and subsequent lineage commitment, thereby supporting hippocampal neurogenesis in adults. Furthermore, network pharmacology analysis revealed that CCL shares 387 common targets associated with depression, predominantly enriched in MDM2. Experimental validation demonstrated that Ora upregulated MDM2 expression, reduced FOXO3 levels, and enhanced FOXO3 ubiquitination to promote its degradation. Importantly, the therapeutic effects of Ora were markedly attenuated following MDM2 knockdown. CONCLUSION: This study provides the first integrated evidence that Ora counteracts CSDS-associated depressive-like symptoms through MDM2/FOXO3-dependent regulation of ubiquitination, which in turn augments hippocampal neurogenesis and neural plasticity. Collectively, these observations provide a conceptual basis supporting the future translational exploration of this herbal agent.
Q3_target_validation	3	42341856	2026	A	Contains direct engagement or target-specific functional evidence.		binding_engagement;context;docking_only;generic_experiment;network_pharmacology	Paeoniae decoction attenuates chronic colitis-associated intestinal fibrosis by suppressing TGF-β/Smad-mediated epithelial-mesenchymal transition and remodeling the metabolic microenvironment.	ETHNOPHARMACOLOGICAL RELEVANCE: Paeoniae Decoction (PD) is a classic Chinese medicine formula for treating intestinal diseases. However, its direct intervention effect on intestinal fibrosis and the underlying molecular mechanisms have not been fully elucidated. AIM OF THE STUDY: To evaluate the effect of PD on inflammatory bowel disease (IBD) associated intestinal fibrosis and to systematically investigate its potential molecular mechanisms utilizing integrated multi-omics. MATERIALS AND METHODS: The chemical constituents of PD were characterized and quantified utilizing ultra-high performance liquid chromatography-Quadrupole-Orbitrap mass spectrometry (LC-Q-Orbitrap-MS) and LC-MS/MS. A chronic experimental colitis-associated intestinal fibrosis mouse model lasting 56 days and involving four repeated cycles of dextran sulfate sodium (DSS) injury was established. The therapeutic efficacy of PD was evaluated through endoscopy, histopathological analysis, and collagen staining. Label-free quantitative proteomics and untargeted metabolomics and network pharmacology were employed to elucidate the target networks. In vitro mechanisms were further validated in TGF-β1-stimulated NCM460 cells using wound healing assays, immunofluorescence, and Western blotting to evaluate the epithelial-mesenchymal transition (EMT) process and the TGF-β/Smad signaling pathway. Finally, molecular docking was used to verify the direct binding of the main bioactive components of PD to the key pathway targets. RESULTS: Chemical profiling identified 16 common constituents across independent batches of PD. In vivo, PD administration significantly ameliorated intestinal fibrosis and reduced massive extracellular matrix (ECM) deposition in the mucosal and submucosal layers. Integrated omics analyses revealed that PD profoundly modulated the TGF-β signaling pathway, ECM-receptor interaction, and the Sphingolipid signaling pathway. Mechanistically, PD dose-dependently inhibited myofibroblast activation, downregulating the expression of α-SMA, Vimentin, Collagen I, and Collagen III. In vitro, PD serum suppressed TGF-β1-induced cell migration, preserved the epithelial marker E-cadherin, and inhibited the nuclear translocation of Snail by significantly decreasing the phosphorylation of Smad2 and Smad3. Furthermore, PD reversed pro-fibrotic sphingolipid metabolism and upregulated taurine and glutathione metabolism associated with antioxidant defense. CONCLUSION: PD effectively alleviates chronic colitis-associated intestinal fibrosis by inhibiting the TGF-β/Smad signaling pathway-mediated EMT process, reducing ECM deposition, and reprogramming the fibrotic metabolic microenvironment.
Q3_target_validation	4	42341853	2026	A	Contains direct engagement or target-specific functional evidence.		binding_engagement;context;docking_only;functional_mediation;generic_experiment;method_weak;network_pharmacology	Targeting HDAC2 with bruceine D epigenetically restores SMAD3 expression via H4K16ac enrichment to suppress malignant progression in EGFR-TKI-resistant lung adenocarcinoma.	ETHNOPHARMACOLOGICAL RELEVANCE: Epidermal growth factor receptor tyrosine kinase inhibitors (EGFR-TKIs) are a cornerstone therapy for lung adenocarcinoma (LUAD), but their efficacy is often limited by primary or acquired resistance. Natural bioactive compounds such as bruceine D (BD) may offer alternative strategies for patients with EGFR-TKI resistance; however, the mechanism underlying BD's effects in resistant LUAD remains unclear. AIM OF THE STUDY: This study aimed to determine whether BD suppresses malignant phenotypes of primary and acquired EGFR-TKI-resistant LUAD cells and to elucidate the shared molecular mechanisms. MATERIALS AND METHODS: Using H1975 (primary resistant) and PC-9/OR (acquired resistant) cells, cytotoxicity assays determined optimal BD concentration. Antitumor effects were evaluated in vitro via functional assays and in vivo using a xenograft mouse model. Integrative approaches including network pharmacology, Mendelian randomization, molecular docking, and dynamics simulations identified potential targets, with functional rescue experiments. CPTAC, Western blot, mRNA-seq, and CUT&Tag explored epigenetic mechanisms, validated by rescue. RESULTS: BD suppressed proliferation, migration, invasion, and induced intrinsic apoptosis in both resistant cells in vitro and in vivo. HDAC2 was identified as a direct binding target. BD binding to HDAC2 increased H4K16ac enrichment at the SMAD3 promoter, upregulating SMAD3. Rescue experiments confirmed that the HDAC2/H4K16ac/SMAD3 axis mediates the antitumor effects of BD. Clinical samples and database analyses suggested diagnostic, prognostic, and therapeutic potential for H4K16ac, HDAC2, and SMAD3. CONCLUSION: This study reveals for the first time a common mechanism by which the BD/HDAC2/H4K16ac/SMAD3 axis regulates malignant phenotypes in EGFR-TKI-resistant LUAD, offering a novel natural compound-based therapy.
Q3_target_validation	5	42331196	2026	A	Contains direct engagement or target-specific functional evidence.		context;functional_mediation;generic_experiment;network_pharmacology	Lonicerin from Dachaihu decoction ameliorates liver steatosis and fibrosis in MASH by inhibiting LY6D.	"ETHNOPHARMACOLOGICAL RELEVANCE: Dachaihu Decoction (DCHD) is a traditional Chinese medicine formula from the Shanghan Lun. It has been used for over 1800 years to treat ""Shaoyang and Yangming concurrent syndromes"", which are closely related to modern liver disorders, including metabolic dysfunction-associated steatohepatitis (MASH). While DCHD has demonstrated hepatoprotective effects in preclinical studies, the specific bioactive components and mechanism of action against MASH remain elusive. AIM OF THE STUDY: To systematically identify the key active components of DCHD mediating its anti-MASH effects and to elucidate their molecular mechanisms. MATERIALS AND METHODS: The components in DCHD were characterized using high resolution-mass spectrometry (HRMS). The potential bioactive components were screened using network pharmacology. The therapeutic efficacy of candidate compounds was evaluated both in free fatty acid (FFA)-induced hepatocyte injury and activated hepatic stellate cells (HSCs) and in a high-fat diet/CCl4-induced MASH mouse model. The molecular mechanism was investigated via transcriptomic profiling, drug-target interaction validation, and gene knockdown assays. RESULTS: A total of 128 components were identified from DCHD using HRMS. Lonicerin (LON), a flavonoid glycoside predominantly derived from Citrus trifoliata L., was identified as the key active component. LON significantly ameliorated steatosis, inflammation and fibrosis both in vitro and in vivo. Mechanistically, LON bound to lymphocyte antigen 6 family member D (LY6D), which was significantly upregulated during MASH progression, and dose-dependently suppressed its expression. Importantly, LY6D knockdown abolished the protective effect of LON in AML12 hepatocytes and activated HSCs, confirming LY6D as a functional target. CONCLUSIONS: This study identified LON as a key bioactive component mediating the anti-MASH effects of DCHD and revealed that it alleviated MASH progression by targeting LY6D."
Q3_target_validation	6	42314811	2026	A	Contains direct engagement or target-specific functional evidence.	predicted_ADME_or_PK_mimics_measured_exposure	binding_engagement;context;docking_only;generic_experiment;network_pharmacology;predicted_exposure	Tibetan medicine Siwei Zhixie Mutang powder ameliorates ulcerative colitis by suppressing JAK2/STAT3 and NF-κB signaling.	ETHNOPHARMACOLOGICAL RELEVANCE: Siwei Zhixie Mutang Powder (SZMP) is a traditional Tibetan herbal formula widely used for gastrointestinal disorders, including enteritis, colitis, abdominal pain, diarrhea, and dysentery. Since ulcerative colitis (UC) is a chronic inflammatory disorder of the colon within the broader spectrum of intestinal inflammatory diseases, the traditional use of SZMP provides an ethnopharmacological basis for investigating its effects in experimental colitis. However, its key bioactive constituents and underlying molecular mechanisms remain poorly defined. AIM OF THE STUDY: This study aimed to identify the principal active compounds, potential targets, and molecular mechanisms by which SZMP exerts protective effects against DSS-induced ulcerative colitis. MATERIALS AND METHODS: An integrative strategy combining UPLC-MS/MS analysis, network pharmacology, transcriptomics, molecular docking, molecular dynamics simulation (MD), microscale thermophoresis (MST), and in vivo experimental validation was established. A DSS-induced ulcerative colitis mouse model was used to evaluate disease activity, histopathological injury, inflammatory responses, apoptosis-related changes, and the activation status of the JAK2/STAT3 and NF-κB signaling pathways. RESULTS: UPLC-MS/MS identified 40 major constituents in SZMP, and 132 potential bioactive compounds with 913 predicted targets were retained after SwissADME screening. Integrated network pharmacology and transcriptomics revealed that SZMP mainly regulated inflammation- and apoptosis-related processes, particularly the JAK-STAT and NF-κB pathways. In DSS-induced colitis mice, SZMP alleviated disease symptoms, colonic injury, inflammatory cytokine overproduction, and excessive apoptosis, while inhibiting JAK2/STAT3 and NF-κB activation. UPLC-MS/MS quantification showed low levels of aristolochic acid A and strychnine in SZMP, and no obvious toxicity-related signs or major organ abnormalities were observed after 7 days of administration. Docking, MD simulation, and MST further supported a stable and direct interaction between (+)-catechin and TNFR1. CONCLUSION: SZMP protected against DSS-induced ulcerative colitis, possibly through multi-constituent regulation of inflammation- and apoptosis-related targets, mainly involving the JAK2/STAT3 and NF-κB pathways. MD simulation and MST further showed that (+)-catechin directly bound to TNFR1, suggesting its potential role in modulating the TNF/TNFR1-NF-κB inflammatory axis. In addition, UPLC-MS/MS quantification and 7-day safety evaluation indicated low exposure levels of aristolochic acid A and strychnine, with no obvious toxicity-related signs or major organ abnormalities observed under the experimental conditions. These findings provide experimental evidence for the pharmacodynamic basis, mechanism, and short-term safety profile of SZMP in UC intervention.
Q3_target_validation	7	42186424	2026	A	Contains direct engagement or target-specific functional evidence.		docking_only;functional_mediation;network_pharmacology	Bufalin post-transcriptionally suppresses STAT3 to alleviate renal ferroptosis and tubulointerstitial fibrosis in diabetic kidney disease.	The pathological hallmark of diabetic kidney disease (DKD) is tubulointerstitial fibrosis (TIF), which arises from extracellular matrix (ECM) synthesis in renal tubular epithelial cells (RTECs). Bufalin has the potential in delaying the progression of kidney disease, and ferroptosis plays a critical role in this regulatory process. In this study, we investigated the effects of bufalin on DKD models by analyzing the expression of TIF and ferroptosis-related markers and evaluating the impact of ferrostatin-1 (Fer-1) on TIF. Our findings revealed that the treatment of bufalin in db/db mice and high glucose (HG)-induced RTECs altered the expression of TIF-related indicators. Ferroptosis was activated during the progression of TIF. Characteristic changes in ferroptosis, including iron overload, increased production of lipid peroxidation products, and decreased mitochondrial cristae, are induced by HG, and the treatment of Fer-1 reversed ferroptosis and further mitigated TIF. Notably, the intervention of bufalin in DKD models exhibited an inhibitory effect on ferroptosis. Network pharmacology analysis identified signal transducer and activator of transcription 3 (STAT3) as a target of bufalin, and knockdown of STAT3 altered the expression of ferroptosis and TIF-related indicators. Molecular docking studies, dual-luciferase reporter assay, and mRNA stability analysis further elucidated the regulation of STAT3 by bufalin and regulatory mechanism. Overall, these results demonstrate that bufalin promotes the degradation of STAT3 mRNA via a post-transcriptional mechanism. This downregulation inhibits STAT3-mediated ferroptosis, ultimately alleviating TIF in DKD.
Q3_target_validation	8	41918402	2026	A	Contains direct engagement or target-specific functional evidence.		docking_only;functional_mediation;network_pharmacology	Single-cell transcriptome deciphers key targets of thrombopoietin receptor agonists and immune microenvironment characteristics of immune thrombocytopenia.	Thrombopoietin receptor agonists (TPO-RAs) represent a cornerstone in immune thrombocytopenia (ITP) management, yet their molecular mechanisms remain incompletely elucidated. This study systematically deciphered the key targets and signaling networks of four TPO-RAs (romiplostim, eltrombopag, avatrombopag, hetrombopag) in ITP pathogenesis. Network pharmacology was integrated with single-cell high-dimensional weighted gene co-expression network analysis (hdWGCNA) using bone marrow scRNA-seq data from ITP patients and healthy controls. Metacell-based co-expression modules to hematopoietic bone marrow cells were identified. Drug targets were curated from multiple databases, and candidate genes were screened by intersecting differentially expressed genes (DEGs), cell specific modules, and TPO-RA targets. Molecular docking, pseudotime trajectory analysis, and in silico gene knockdown were employed for functional validation. Intersection analysis revealed five key genes (CACNA1A, CSF1R, PKN1, CD9, DSTYK). Molecular docking demonstrated strong binding affinities between TPO-RAs and key targets. The ITP bone marrow niche exhibited rewired cell-cell communication, with enhanced T cell-initiated signaling and aberrant megakaryocyte-T cell interactions. Pseudotime analysis uncovered disrupted megakaryocyte maturation dynamics. In silico knockdown revealed CACNA1A, CSF1R, and PKN1 dysregulation exacerbated neutrophil hyperactivity, while CD9 and DSTYK knockdown impaired mitotic regulation. This study delineated mechanisms of TPO-RAs, highlighting five key genes that orchestrate dysregulated thrombopoiesis and immune dysfunction in ITP. The integration of in silico strategies identified novel targets for optimizing ITP therapy.
Q3_target_validation	9	41858068	2026	A	Contains direct engagement or target-specific functional evidence.		binding_engagement;docking_only;generic_experiment;method_weak;network_pharmacology	Rabdosin B suppresses proliferation of nonsmall cell lung cancer by regulating the SRC/PI3K/AKT signaling pathway.	CONTEXT: Rabdosin B (RB), an active compound derived from the Chinese herb Isodon japonicus (Burm. f.) H. Hara, has demonstrated inhibitory effects on non-small cell lung cancer (NSCLC) cell proliferation in prior studies. However, its precise mechanism of action remains unclear. OBJECTIVE: To investigate the mechanism of RB against NSCLC and its synergistic effect with cisplatin (CDDP) via the SRC/PI3K/AKT signaling pathway. MATERIALS AND METHODS: In vitro assays, CCK-8, colony formation, flow cytometry, scratch, Transwell, and Western blot assessed proliferation, apoptosis and migration. Network pharmacology, molecular docking, molecular dynamics simulation (MDS) and cellular thermal shift assay (CETSA) were employed to validate molecular targets. King's formula was used to evaluate the combined effect of RB and CDDP, with xenograft models confirming in vivo efficacy. RESULTS: In vitro, RB significantly suppressed NSCLC proliferation, migration, and invasion while inducing apoptosis. Mechanistically, network pharmacology predicted SRC as a core target. MDS and CETSA subsequently confirmed the direct and stable binding of RB to SRC. Western blot analysis revealed that RB exerted its effect by inhibiting SRC/PI3K/AKT signaling. Notably, RB synergistically enhanced CDDP sensitivity by blocking SRC/PI3K/AKT pathway activation, thereby potentiating apoptosis. Finally, in vivo experiments validated that RB effectively suppressed tumor growth with favorable safety. DISCUSSION AND CONCLUSIONS: RB inhibits NSCLC progression and sensitizes cells to CDDP by directly targeting SRC to inactivate the PI3K/AKT pathway. These findings identify a novel mechanism of RB against NSCLC and suggest its potential as a therapeutic strategy.
Q3_target_validation	10	41568676	2026	A	Contains direct engagement or target-specific functional evidence.		context;docking_only;functional_mediation;network_pharmacology	Coriandrum sativum improves prognosis in clear cell renal cell carcinoma by targeting NEK6 to modulate the immune microenvironment: a predictive study based on network pharmacology and multi-omics analysis.	Coriandrum sativum L. (coriander) is a medicinal herb with diverse pharmacological properties, but its molecular mechanism in clear cell renal cell carcinoma (ccRCC) remains unclear. This study aimed to systematically investigate the underlying mechanisms of coriander in ccRCC by multi-omics analysis. Active compounds were screened using Traditional Chinese Medicine Systems Pharmacology (TCMSP) and predicted targets identified via SwissTargetPrediction (STP) and Similarity ensemble approach (SEA). Transcriptomic data from GSE53757 were analysed with WGCNA and intersected with coriander targets. Key genes were selected using LASSO, SVM, and random forest models. NEK6 was further analysed for clinical relevance, methylation, immune association, single-cell expression, molecular docking and molecular dynamics simulation. Fourteen coriander compounds were identified, yielding 22 potential ccRCC-related targets. NEK6 and PYGL were consistently selected by all machine learning algorithms. NEK6 was overexpressed in ccRCC and associated with better prognosis, promoter hypomethylation, and lower mutation rates. NEK6 expression correlated with immune infiltration, particularly macrophages, and was enriched in tumour and myeloid cells at the single-cell level. Molecular docking and molecular dynamics simulation revealed strong and stable binding of luteolin, quercetin, and chryseriol to NEK6. NEK6 may function as a prognostic and immune-regulatory biomarker in ccRCC. Coriander flavonoids could target NEK6 to modulate the immune microenvironment, providing new insight into plant-based therapeutic strategies for ccRCC.
Q3_target_validation	11	41510671	2026	A	Contains direct engagement or target-specific functional evidence.		functional_mediation;generic_experiment;network_pharmacology	Targeting CXCL8 in post-traumatic stress disorder and Alzheimer's disease: insights from cross-disorder molecular analysis.	BACKGROUND: Emerging clinical evidence indicates that post-traumatic stress disorder (PTSD) may accelerate Alzheimer's disease progression, yet the molecular mechanisms linking these disorders remain poorly understood. METHODS: We conducted an integrative bioinformatics analysis combining blood cell profiles from PTSD and Alzheimer's disease cohorts to identify shared pathogenic pathways and therapeutic targets. Computational drug repositioning and experimental validation were used to pinpoint effective treatments. RESULTS: Our analysis revealed convergent dysregulation in neuroimmune and metabolic pathways, including compensatory upregulation of terpenoid biosynthesis and impaired JAK-STAT neuroprotective signaling. Cross-disorder network analysis identified CXCL8 as a central hub gene, prioritized through network pharmacology and machine learning. Mechanistic studies demonstrated that CXCL8 is dually regulated by stress-responsive transcriptional activators and neurodegeneration-associated microRNAs, positioning it as a key mediator of peripheral-central immune crosstalk. Immunoassays further linked CXCL8 to T cell recruitment (γδ T, CD8+ T), suggesting its role in sustaining neuroinflammation common to both diseases. Among potential therapeutics, nonsteroidal anti-inflammatory drugs emerged as modulators of CXCL8-driven pathology, with ibuprofen significantly suppressing neurodegeneration-associated CXCL8 overexpression. CONCLUSIONS: Our findings highlight CXCL8-mediated neuroimmune dysregulation as a critical link between PTSD and Alzheimer's disease, supporting targeted anti-inflammatory strategies to mitigate stress-related dementia risk. This study advances a precision medicine framework for neurodegenerative comorbidities by integrating cross-disease molecular signatures.
Q3_target_validation	12	42322864	2026	A	Contains direct engagement or target-specific functional evidence.		binding_engagement;context;docking_only;generic_experiment;method_weak;network_pharmacology	Chrysin reprograms microglial metabolism and function via targeting SYK to alleviate the symptoms of Alzheimer's disease.	ETHNOPHARMACOLOGICAL RELEVANCE: Alpiniae Oxyphyllae Fructus, first documented in Bencao Shiyi, is a classical traditional Chinese herb traditionally used to warm the kidney, invigorate the spleen, consolidate essence and relieve chronic diarrhea. Guided by the TCM theory that kidney essence nourishes brain marrow, modern studies have confirmed its notable neuroprotective and anti-neuroinflammatory activities. BACKGROUND: Neuroinflammation is a key pathological hallmark of Alzheimer's disease (AD), and spleen tyrosine kinase (SYK) serves as a critical signaling regulator. Our previous work confirmed that Alpiniae Oxyphyllae Fructus extract (AE) exerts notable neuroprotection; nevertheless, its blood-brain barrier-permeable components and detailed mechanisms remain poorly clarified. OBJECTIVE: The purpose of this study is to identify the main active components in AE and clarify its mechanism of improving AD pathology by regulating the SYK signaling pathway. METHODS: A preliminary dose-finding study with two AE doses (180 mg/kg, 360 mg/kg) was performed via open field test and inflammatory indexes to select the optimal dose for subsequent experiments. Behavioral assays assessed AE-related neurobehavioral improvements. LC-QTOF-MS/MS identified brain-permeable components, while network pharmacology combined with GEO database analysis screened potential targets and underlying mechanisms. Molecular docking was applied to filter SYK-binding candidates, further validated by molecular dynamics simulation and Cellular thermal shift assay (CETSA). In vivo, a piceatannol-induced SYK inhibition model was established to verify whether the candidate component alleviated LPS-triggered behavioral deficits in mice in a SYK-dependent manner. In vitro, BV2 microglia were used to detect microglial polarization, Aβ phagocytosis and migration through qRT-PCR, glucose/ATP/lactate measurement, wound healing assay and immunofluorescence staining. RESULTS: Chrysin was identified as the primary brain-permeable constituents targeting SYK. In AD mice, it significantly ameliorated cognitive deficits and reduced Aβ accumulation. Mechanistically, Chrysin modulated the SYK/BTK/PLCγ2 and NF-κB axes to trigger a microglial M1-to-M2 phenotypic shift. This phenotypic transition is accompanied by metabolic reprogramming-shifting from glycolysis to oxidative phosphorylation, thereby notably enhancing microglial migration capacity and Aβ phagocytosis. These neuroprotective effects were confirmed to be SYK-dependent. CONCLUSION: Chrysin is the primary brain-permeable constituent of AE. that targets SYK to restore microglial metabolic homeostasis, offering a promising therapeutic strategy for AD.
Q3_target_validation	13	42285238	2026	A	Contains direct engagement or target-specific functional evidence.		context;docking_only;functional_mediation;generic_experiment;network_pharmacology	Ophiopogon japonicus alleviates pulmonary fibrosis through modulation of HIF1A/TUBB3 axis-associated M2 macrophage polarization and arginine metabolic alterations.	"ETHNOPHARMACOLOGICAL RELEVANCE: Ophiopogon japonicus (Thunb.) Ker Gawl. is a traditional Chinese medicinal herb commonly used to ""nourish yin and moisten the lung"", and has long been applied for the prevention and treatment of lung-related disorders in classical medical texts such as the Treatise on Typhoid Fever and Item Differentiation of Warm Febrile Diseases. Pulmonary fibrosis (PF) is a chronic progressive fibrotic lung disease with limited therapeutic options. Although Ophiopogon japonicus has shown anti-inflammatory and anti-fibrotic potential in respiratory diseases, its pharmacological mechanisms against PF remain unclear. AIM OF THE STUDY: This study aimed to evaluate the protective effects of Ophiopogon japonicus aqueous decoction against PF and to investigate whether its anti-fibrotic effects are associated with the modulation of hypoxia-inducible factor 1 subunit α (HIF1A)/tubulin beta 3 class III (TUBB3) axis-associated M2 macrophage polarization and arginine metabolic alterations. MATERIALS AND METHODS: Potential bioactive constituents of Ophiopogon japonicus aqueous decoction were first screened using UHPLC-Q Exactive Orbitrap-HRMS combined with Lipinski's rule of five. A bleomycin (BLM)-induced mouse model of PF was then established, and Ophiopogon japonicus aqueous decoction was administered as an intervention. Body weight, pulmonary function testing (PFT), micro-CT, histopathology, enzyme-linked immunosorbent assay (ELISA), and immunohistochemistry (IHC) were used to evaluate its pharmacodynamic effects. Network pharmacology, Gene Expression Omnibus (GEO) mining, weighted gene co-expression network analysis (WGCNA), machine learning (ML), transcriptomics, metabolomics, and single-cell transcriptomics combined with virtual knockout analysis were further integrated to identify candidate targets, related pathways, and metabolic alterations. Finally, flow cytometry, western blotting, immunofluorescence (IF) co-staining, AlphaFold3, molecular docking, and molecular dynamics simulation were performed to further assess phenotypic changes, predicted molecular associations, and candidate active constituents. RESULTS: Ophiopogon japonicus aqueous decoction significantly alleviated BLM-induced PF, and 16 potential bioactive constituents were identified. In vivo experiments showed that Ophiopogon japonicus aqueous decoction attenuated body weight loss, pulmonary dysfunction, micro-CT abnormalities, histopathological injury, collagen deposition, inflammatory responses, and fibrosis scores in PF mice. Bioinformatic analysis identified HIF1A as a candidate hub target and TUBB3 as a key feature gene. Further multi-omics analysis showed that the HIF1A/TUBB3 axis-associated module was closely associated with M2 macrophage polarization and arginine metabolic dysregulation; combined with virtual knockout analysis, these results further suggested that HIF1A may be located upstream of TUBB3 at the predicted regulatory-network level. Experimental analyses showed that Ophiopogon japonicus aqueous decoction intervention was associated with decreased HIF-1α and TUBB3 protein expression, reduced M2 macrophage polarization, and partial correction of arginine metabolic dysregulation. Structural simulation suggested that Ophiopogonin D could stably bind to HIF-1α and TUBB3. CONCLUSION: This study demonstrated that Ophiopogon japonicus aqueous decoction alleviates BLM-induced PF. Integrated multi-omics analysis and experimental evidence suggested that its anti-fibrotic effects may be associated with modulation of HIF1A/TUBB3 axis-associated M2 macrophage polarization and arginine metabolic dysregulation. Ophiopogonin D may be one of the candidate active constituents associated with these protective effects."
Q3_target_validation	14	42276391	2026	A	Contains direct engagement or target-specific functional evidence.		binding_engagement;context;docking_only;generic_experiment;network_pharmacology	Huanglian wendan decoction attenuates hepatic inflammation and lipogenesis via inhibition of the NF-κB/HDAC1/SREBP-1c axis.	ETHNOPHARMACOLOGICAL RELEVANCE: Metabolic dysfunction-associated steatohepatitis (MASH) is characterized by hepatic steatosis accompanied by persistent inflammation and early fibrotic remodeling. In traditional Chinese medicine, Huanglian Wendan Decoction (HLWDD) is prescribed for phlegm-heat and damp-heat syndromes affecting the gallbladder and stomach and is traditionally used to clear heat, dry dampness, and resolve phlegm. It is commonly applied in the treatment of phlegm-heat-related metabolic disorders, including fatty liver disease. However, the therapeutic effects of HLWDD and the contributions of its key constituents to MASH remain to be further elucidated. AIMS OF THE STUDY: This study aimed to evaluate the anti-inflammatory and lipid-regulatory effects of HLWDD and its key components in MASH and to explore the underlying molecular mechanisms. MATERIALS AND METHODS: Male C57BL/6 J mice were given a methionine-choline-deficient (MCD) diet and received HLWDD in either low or high doses through oral gavage, with fenofibrate serving as a positive control. Body weight, liver index, serum levels of alanine aminotransferase and aspartate aminotransferase, serum lipid profiles, and hepatic triglyceride and total cholesterol contents were among the evaluated parameters. H&E, Oil Red O, and Masson's trichrome staining were used to evaluate histopathological changes. Hepatic macrophage infiltration was examined by immunofluorescence, inflammatory cytokines were measured by ELISA, and key signaling and lipid metabolism-related proteins were analyzed by western blotting. UPLC‒MS/MS was used to characterize the chemical profile of the HLWDD granules and identify their major constituents. Network pharmacology analysis integrating multiple databases, together with GO and KEGG enrichment analyses, was performed to predict potential targets and pathways. Molecular docking and molecular dynamics simulations were further used to investigate compound‒target interactions. Cell viability in vitro was measured with CCK-8 assays, protein levels were confirmed through western blotting, and intracellular lipid buildup was assessed using Oil Red O staining. RESULTS: UPLC‒MS/MS analysis revealed that berberine (BBR), an isoquinoline alkaloid, is a major bioactive component of HLWDD. Network pharmacology analysis suggested that HLWDD and BBR may exert anti-MASH effects by modulating multiple targets and pathways, including IL-6, PPARα, and the NF-κB/HDAC1/SREBP-1c axis. These predictions were supported by in vivo experiments, which confirmed the protective effects of HLWDD against MASH. Both in vivo and in vitro studies further revealed that BBR markedly ameliorated MASH-related phenotypes by suppressing the NF-κB/HDAC1/SREBP-1c axis. Additionally, simulations of molecular docking and dynamics revealed stable interactions between BBR and important proteins within this axis. Microscale thermophoresis (MST) assays further demonstrated direct binding of BBR to HDAC1. Collectively, these findings suggest that HLWDD and its key active constituent BBR alleviate MASH, at least in part, by inhibiting the NF-κB/HDAC1/SREBP-1c axis, which is closely associated with inflammatory responses and dysregulated lipogenesis. CONCLUSION: HLWDD markedly ameliorated the MASH phenotype by attenuating hepatic inflammation and lipogenesis, with the NF-κB/HDAC1/SREBP-1c axis emerging as a key mechanism linking inflammatory signaling to aberrant lipid synthesis. BBR, identified by UPLC‒MS/MS as a major active constituent of HLWDD, largely recapitulated these effects and directly bound to HDAC1, supporting its important contribution to the protective effects of HLWDD against MASH.
Q3_target_validation	15	42263918	2026	A	Contains direct engagement or target-specific functional evidence.		binding_engagement;context;docking_only;generic_experiment;method_strong;method_weak;network_pharmacology	An integrated multitarget screening strategy combining network pharmacology with cell membrane chromatography coupled to high-performance liquid chromatography for identifying candidate antidepressant compounds from Cyperus rotundus L.	"ETHNOPHARMACOLOGICAL RELEVANCE: Cyperus rotundus L. (CR) is a traditional Chinese medicine (TCM) herb that has been used for centuries to soothe the liver, regulate Qi, and relieve emotional distress, with classical indications for ""Yu syndrome"" encompassing depressive mood, chest distension, and dysphoria. CR is incorporated into representative TCM formulas targeting depression-related conditions, such as Yueju Pill, substantiating its ethnopharmacological relevance in mood disorder management. However, its complex chemical composition presents considerable challenges for systematic bioactive compound identification, and the specific antidepressant constituents of CR remain poorly characterized, hindering the elucidation of its antidepressant material basis and the development of related therapeutics. AIM OF THE STUDY: This study aims to establish a comprehensive multi-method strategy for the rapid screening of multi-target candidate antidepressant compounds from CR and to conduct a preliminary, in vitro evaluation of their antidepressant-relevant activity. METHODS: Headspace gas chromatography-ion mobility spectrometry (HS-GC-IMS), headspace-solid phase microextraction-gas chromatography-mass spectrometry (HS-SPME-GC-MS), and ultra-performance liquid chromatography-quadrupole Orbitrap mass spectrometry (UPLC-Q-Orbitrap-MS) were employed to comprehensively characterize the volatile and non-volatile chemical constituents of CR. On this basis, a multidimensional screening strategy integrating network pharmacology (NP) with a high-performance liquid chromatography-cell membrane chromatography (HPLC-CMC) online platform was developed to systematically identify candidate antidepressant compounds in CR. Molecular docking and surface plasmon resonance (SPR) were subsequently applied to evaluate the binding affinities between the identified candidate antidepressant compounds and their target receptors. Finally, with fluoxetine hydrochloride as a positive control, the neuroprotective effects of these compounds were assessed in a corticosterone-induced PC12 cell injury model. RESULTS: HS-GC-IMS and HS-SPME-GC-MS collectively identified 115 volatile organic compounds (VOCs), with four compounds (1,8-cineole, p-cymene, terpinen-4-ol, and α-pinene) detected by both methods. UPLC-Q-Orbitrap-MS characterized 30 non-volatile organic compounds (NVOCs). A total of seven candidate antidepressant compounds were identified that showed binding affinity for 5-Hydroxytryptamine 1 A Receptor (5-HT1A), 5-Hydroxytryptamine 2 A Receptor (5-HT2A), Dopamine D1 Receptor (DRD1), and Dopamine D2 Receptor (DRD2). Molecular docking and SPR analyses confirmed direct binding between these compounds and their target receptors. In a corticosterone-induced PC12 cell injury model, most of these compounds exhibited comparable or greater in vitro neuroprotective potency than fluoxetine hydrochloride under the tested conditions. Furthermore, cyperenone and aristolone are reported here for the first time to possess antidepressant potential. CONCLUSION: This study developed an integrated NP-HPLC-CMC screening strategy combined with HS-GC-IMS, HS-SPME-GC-MS, and UPLC-Q-Orbitrap-MS to identify seven candidate antidepressant compounds from CR targeting 5-HT1A, 5-HT2A, DRD1, and DRD2 receptors, with cyperenone and aristolone reported for the first time to possess antidepressant potential. These findings clarify the antidepressant material basis of CR and provide a reproducible framework for GPCR-targeted bioactive compound screening from TCMs, with in vivo validation of antidepressant efficacy identified as the essential next step."
Q3_target_validation	16	42259422	2026	A	Contains direct engagement or target-specific functional evidence.		binding_engagement;context;docking_only;functional_mediation;network_pharmacology	Sini decoction inhibits colorectal cancer liver metastasis by suppressing HIF-1α-dependent exosomal integrin signaling.	"ETHNOPHARMACOLOGICAL RELEVANCE: Sini Decoction (SND), composed of Aconiti Lateralis Radix Praeparata, Zingiberis Rhizoma, and Glycyrrhizae Radix et Rhizoma, is traditionally used to restore ""Yang"" and modulate immunity. Clinically, SND is applied as adjuvant therapy in colorectal cancer, yet its anti-metastatic mechanisms remain unclear. AIM OF THE STUDY: To clarify the bioactive constituents and mechanisms through which SND inhibits colorectal cancer liver metastasis, focusing on tumor-derived exosomes and macrophage polarization. MATERIALS AND METHODS: A murine colorectal liver metastasis model was established using luciferase-labeled mouse CT26 cell and treated with SND. Tumor burden, histology, immunohistochemistry, spectral flow cytometry, ELISA, Western blotting, immunofluorescence, and single-cell RNA sequencing were used to evaluate immune remodeling and exosomal signaling. SND-medicated serum, exosome inhibition (GW4869), and integrin αv/β5 knockdown were applied in macrophage co-culture assays. Network pharmacology, molecular docking, and CETSA identified upstream regulators. RESULTS: SND significantly reduced liver metastases, improved hepatic pathology, and decreased Ki-67 expression. SND reshaped the immune microenvironment by lowering CD206+ M2 macrophages. SND suppressed tumor-derived exosome secretion and weakened exosomal ITGαvβ5-driven M2 polarization. Single-cell analysis confirmed integrin-related activation in macrophages. Network pharmacology and experiments identified HIF-1α as a key regulator of exosomal integrin loading. Aconitine directly bound and reduced HIF-1α, limiting Rab-dependent exosome biogenesis. CONCLUSION: SND inhibits colorectal cancer liver metastasis by targeting HIF-1α to suppress ITGαvβ5-enriched exosome secretion and block M2 macrophage polarization, supporting its ethnopharmacological utility against metastatic disease."
Q3_target_validation	17	42252035	2026	A	Contains direct engagement or target-specific functional evidence.		context;docking_only;functional_mediation;generic_experiment;network_pharmacology	Huo-Xue-Xiao-Zhong Decoction prevents thrombus formation of deep vein thrombosis by targeting SOAT2 to modulate the AKT and ERK pathways.	ETHNOPHARMACOLOGICAL RELEVANCE: Huo-Xue-Xiao-Zhong Decoction (HXXZ), a traditional Chinese medicine formulation comprising 14 herbal components, has demonstrated significant efficacy and favorable safety profiles in clinical trials for the prevention of deep vein thrombosis (DVT). However, the underlying molecular mechanisms responsible for its therapeutic effects remain to be elucidated. AIM OF THE STUDY: This study aims to investigate the molecular mechanisms through which HXXZ prevents thrombus formation in DVT. MATERIALS AND METHODS: The chemical profile of HXXZ was characterized using HPLC-Q-TOF-MS. Therapeutic efficacy was evaluated in a mouse model of DVT (n = 8 per group) and in a TNF-α-induced human umbilical vein endothelial cell (HUVEC) injury model. A multi-faceted approach integrating network pharmacology, molecular docking, and transcriptomic analysis was employed to identify potential targets of HXXZ. Following gain- and loss-of-function experiments, levels of inflammation-related, coagulation-related, and endothelial injury markers were assessed using ELISA, Western blotting, and immunofluorescence staining. RESULTS: HPLC-Q-TOF-MS analysis identified 38 major constituents in HXXZ. In vivo, treatment with moderate to high doses of HXXZ significantly reduced thrombus length and mass, while modulating levels of IL-1β, IL-6, NO, vWF, P-Selectin, FXI, FVIII, TM, PC, eNOS, EPCR, and ICAM-1 in plasma and thrombus tissue. In vitro, HXXZ attenuated TNF-α-induced apoptosis and endothelial dysfunction, and reduced total cholesterol, cholesteryl ester, and free cholesterol levels in HUVECs. Network pharmacology revealed 181 active compounds and 53 DVT-related targets, with enrichment in the PI3K-AKT and MAPK pathways. Molecular docking confirmed favorable binding potential interactions between HXXZ constituents and AKT1, ERK2, KLF11, and KLF15. Transcriptomic analysis identified CD14, SOAT2, and MCL1 as key genes modulated by HXXZ. Functional studies demonstrated that SOAT2 knockdown enhanced the protective effects of HXXZ on HUVECs, whereas SOAT2 overexpression produced opposing effects. CONCLUSIONS: HXXZ prevents thrombus formation in DVT through a multi-component, centered on the downregulation of SOAT2 and consequent suppression of the AKT-ERK pathway, revealing a previously unrecognized pharmacological target for DVT management.
Q3_target_validation	18	42235719	2026	A	Contains direct engagement or target-specific functional evidence.		binding_engagement;context;docking_only;functional_mediation;generic_experiment;network_pharmacology	Rosmarinic acid in Suhuang antitussive capsule alleviates cough variant asthma by targeting EGFR.	ETHNOPHARMACOLOGICAL RELEVANCE: Suhuang antitussive capsule (SH) is one of the commercially available traditional Chinese medicines (TCMs) used clinically for cough variant asthma (CVA). Over the past decade, our laboratory has systematically investigated the pharmacological properties of SH and established its potent antitussive, anti-inflammatory, expectorant, and antiasthmatic activities. In preliminary screening, rosmarinic acid (RA) detected in SH showed anti-CVA activity in vitro. AIM OF THE STUDY: This study aimed to investigate the efficacy and mechanism of RA, as an active component of SH, for alleviating CVA. MATERIALS AND METHODS: Ovalbumin/aluminum hydroxide (OVA/Al(OH)3) sensitization and challenge created a CVA rat model. Complementary in vitro models were generated by lipopolysaccharide (LPS) stimulation of BEAS-2B and RAW264.7 cells. Therapeutic efficacy was evaluated by cough assay, histopathology, and immune cell counts. Mechanisms were examined by Western blotting, immunofluorescence, and immunohistochemistry. Network pharmacology identified EGFR as a key target. Molecular docking, CETSA, and DARTS assays were performed to validate direct RA-EGFR engagement, and agonist rescue experiments tested EGFR-dependent efficacy. RESULTS: RA markedly alleviated key CVA-associated phenotypes in vivo, supporting RA as an antitussive component of SH. Consistently, RA attenuated LPS-driven inflammatory activation in BEAS-2B and RAW264.7 cells in vitro. RA downregulated EGFR and suppressed downstream EGFR/ERK and AKT/NF-κB signaling, accompanied by reduced inflammatory responses and improved pathological changes for CVA; these effects were reversed by EGFR agonist stimulation. CONCLUSION: This study demonstrates that RA exerts its therapeutic effect against CVA by inhibiting EGFR, thereby establishing it as a key antitussive component of SH.
Q3_target_validation	19	42229624	2026	A	Contains direct engagement or target-specific functional evidence.		binding_engagement;context;docking_only;method_strong;network_pharmacology	Water-soluble anthocyanins from Vaccinium myrtillus L. alleviate diabetic kidney disease by targeting ALOX15-mediated lipid peroxidation.	ETHNOPHARMACOLOGICAL RELEVANCE: Diabetic kidney disease (DKD) is a major diabetic complication with limited therapeutic options. Vaccinium myrtillus L. (bilberry) has a long history in European traditional medicine for treating microvascular disorders, inflammatory conditions, and urinary system ailments. As a traditional medicinal food rich in water-soluble anthocyanins, it has been reported to exert nephroprotective effects; however, its bioactive constituents and molecular mechanisms remain poorly defined. AIM OF THE STUDY: This study aimed to investigate the renoprotective effects of a water-soluble anthocyanin-rich bilberry extract (VmE) in DKD, to identify its bioactive components, and to elucidate the underlying molecular mechanisms. MATERIALS AND METHODS: A high-fat diet/streptozotocin-induced DKD mouse model was employed. The chemical profile of VmE was characterized by LC-MS. Renal function, histopathology, and metabolomics were evaluated. Integrated network pharmacology, molecular docking, microscale thermophoresis (MST), and molecular dynamics (MD) simulations were conducted to identify and validate key molecular targets. RESULTS: VmE dose-dependently improved renal function, ameliorated tubulointerstitial injury, and restored metabolic homeostasis. Delphinidin-3-O-glucoside (Dp3Glc) and cyanidin-3-O-glucoside (Cy3Glc) were identified as the major anthocyanins. Both MST and MD simulations confirmed that Dp3Glc and Cy3Glc directly bind to arachidonate 15-lipoxygenase (ALOX15). This interaction inhibited ALOX15-mediated lipid peroxidation, resulting in reduced malondialdehyde (MDA) accumulation and iron overload, as well as restored glutathione (GSH) homeostasis, thereby attenuating ferroptosis in renal tubular cells. CONCLUSIONS: VmE through its major anthocyanins Dp3Glc and Cy3Glc, alleviates DKD by directly targeting ALOX15 and suppressing lipid peroxidation-driven ferroptosis. These findings establish a pharmacological basis for developing VmE as a standardized nutraceutical for DKD management, bridging traditional use with modern mechanistic evidence.
Q3_target_validation	20	42178075	2026	A	Contains direct engagement or target-specific functional evidence.		context;functional_mediation;generic_experiment;network_pharmacology	Gengnianshou formula inhibits estrogen deficiency induced obesity via an HSPA5-associated phosphatidylcholine (PC) regulatory pathway: Ethnopharmacological relevance and mechanistic insights from network pharmacology and multi-omics.	ETHNOPHARMACOLOGICAL RELEVANCE: Gengnianshou Formula (GNS), a traditional Chinese medicine formula composed of 9 herbs, has long been used for regulating menopausal syndromes based on the TCM theory. However, its mechanistic basis for ameliorating perimenopausal obesity (a common estrogen deficiency-induced metabolic disorder) remains unelucidated. AIM OF THE STUDY: This study aimed to investigate the anti-obesity effects of GNS under estrogen-deficient conditions and to explore the potential involvement of HSPA5 and phosphatidylcholine (PC) metabolism using network pharmacology and multi-omics approaches. MATERIALS AND METHODS: An ovariectomized (OVX) rat model was established using female Sprague-Dawley rats, which were randomly assigned to six groups (n = 6 per group) to evaluate the therapeutic effects of GNS. Network pharmacology analysis was conducted to identify potential targets. Transcriptomics and lipidomics analyses were integrated to explore molecular alterations. In vitro experiments using human adipose-derived stem cells (hADSCs) under estrogen-deprived conditions were performed to functionally validate the role of HSPA5 through siRNA-mediated knockdown, followed by Oil Red O staining and gene expression analysis. RESULTS: The OVX model successfully induced obesity, as evidenced by significant increases in body weight, visceral and subcutaneous white adipose tissue (vWAT/sWAT) volume, and adipocyte hypertrophy. GNS dose-dependently attenuated OVX-induced obesity phenotypes and partially improved lipid metabolic disorders, including reduced serum TC levels and adipose lipid accumulation. Network pharmacology identified HSPA5 as a potential key target. Multi-omics analysis revealed significant alterations in lipid metabolism, particularly in PC-related species, which were associated with HSPA5 expression changes. Functional experiments demonstrated that silencing HSPA5 attenuated lipid accumulation and downregulated adipogenic markers, including PPARγ and C/EBPα, under estrogen-deficient conditions. CONCLUSION: These findings support a functional role of HSPA5 in regulating adipogenesis, while alterations in PC metabolism may represent associated downstream metabolic changes. GNS ameliorates estrogen deficiency-induced obesity, potentially involving HSPA5 and PC metabolism. This study provides integrative evidence supporting HSPA5 as a functional regulator in this context, while highlighting a possible link to PC metabolic remodeling.
Q3_target_validation	21	42173417	2026	A	Contains direct engagement or target-specific functional evidence.		context;docking_only;functional_mediation;generic_experiment;measured_exposure;network_pharmacology	Mechanistic elucidation of the therapeutic effects of Fushen Xiezhuo formula on chronic kidney disease.	ETHNOPHARMACOLOGICAL RELEVANCE: Fushen Xiezhuo Formula (FSXZF) is a classical traditional Chinese medicine (TCM) prescription used to invigorate the spleen and reinforce the kidney, as well as to activate blood circulation and eliminate turbidity. Clinical practice has demonstrated its beneficial effects in chronic kidney disease (CKD). However, the specific bioactive constituents and molecular mechanisms responsible for its renoprotective actions remain insufficiently defined. OBJECTIVE: The active chemical components and therapeutic mechanisms of FSXZF in an adenine-induced rat model of CKD were systematically investigated. METHODS: A multidisciplinary strategy integrating serum pharmacochemistry, network pharmacology, molecular docking, and metabolomics was employed to comprehensively analyze the pharmacological basis of FSXZF against CKD. First, serum-absorbed constituents following oral administration of FSXZF were characterized using UHPLC-HRMS. CKD-related targets were subsequently predicted, and a component-target interaction network was constructed to identify potential hub targets. Molecular docking between the bioactive compounds and potential targets was conducted. A CKD model was further established by oral administration of adenine to rats (250 mg kg-1·day-1) for three consecutive weeks, a widely accepted protocol that recapitulates sustained renal dysfunction and pronounced tubulointerstitial fibrosis. Successfully modeled animals were randomly allocated to a Model group, a high-dose FSXZF group (FSXZF-H, 32.5 g kg-1·day-1), and a low-dose FSXZF group (FSXZF-L, 16.3 g kg-1·day-1), with treatments administered once daily for four weeks. A healthy Control group was maintained in parallel. At study termination, rats were euthanized for evaluation of body weight and renal functional parameters. Renal inflammatory cytokines (IL-1β, TNF-α, IL-17), oxidative stress markers (MDA, SOD, GSH-Px), and metabolic indicators (ATP, lactate, pyruvate) were quantified by ELISA. Western blotting was applied to assess protein changes related to the PI3K/AKT/mTOR-HIF-1α axis and glycolipid metabolism. Histopathological changes, fibrosis, and lipid accumulation were examined using H&E, Masson's trichrome, and Oil Red O staining, respectively. Mitochondrial ultrastructure was evaluated by transmission electron microscopy, and mitochondrial membrane potential and renal ROS levels were also assessed. Finally, untargeted UHPLC-HRMS-based metabolomics of kidney tissue was performed for the identification of differential metabolites and associated pathways, providing mechanistic insight into FSXZF-mediated metabolic regulation in CKD. RESULTS: UHPLC-HRMS analysis identified 260 FSXZF-related circulating constituents, comprising 39 prototype compounds and 221 metabolites. Network pharmacology analysis based on the 39 parent compounds revealed significant enrichment of pathways related to PI3K/AKT signaling, HIF-1α signaling, and lipid metabolism and atherosclerosis. In vivo studies demonstrated that FSXZF exerted marked renoprotective effects in adenine-induced CKD rats. Treatment with FSXZF significantly increased body weight, reduced the kidney index, alleviated histopathological damage, and improved renal function, as evidenced by reductions in SCr, BUN, UA, and ACR (P < 0.05). In addition, FSXZF markedly suppressed renal overexpression of IL-1β, TNF-α, and IL-17, decreased MDA and ROS levels, enhanced SOD and GSH-Px activities, restored mitochondrial membrane potential, increased ATP production, reduced lactate and pyruvate accumulation, and was associated with lower phosphorylation levels of PI3K/AKT/mTOR and reduced HIF-1α expression (P < 0.05). Untargeted metabolomic analysis identified 32 core differential metabolites, primarily involved in energy and lipid metabolism pathways, including primary bile acid biosynthesis and one-carbon metabolism via the folate pool. These findings provide metabolic evidence supporting an association between FSXZF treatment and coordinated modulation of metabolic networks in CKD. CONCLUSIONS: FSXZF ameliorated renal dysfunction and tubulointerstitial fibrosis in adenine-induced CKD rats. These benefits were associated with reduced activation of the PI3K/AKT/mTOR-HIF-1α axis, attenuated inflammation and oxidative stress, and partial restoration of disturbed energy metabolism. Integrated evidence from serum pharmacochemistry, network analysis, molecular docking, in vivo assays, and renal metabolomics supports FSXZF as a multi-target therapeutic candidate against CKD; however, pathway dependency remains to be validated.
Q3_target_validation	22	42167662	2026	A	Contains direct engagement or target-specific functional evidence.		context;docking_only;functional_mediation;generic_experiment;network_pharmacology	Andrographolide alleviates nasal mucosal inflammation in allergic rhinitis mice by inhibiting the IL-17/NF-κB pathway and downregulating MUC5AC expression.	"ETHNOPHARMACOLOGICAL RELEVANCE: Andrographolide (Andro), the major bioactive constituent of the traditional Chinese medicinal herb Andrographis paniculata (Burm.f.) Wall. ex Nees, possesses prominent pharmacological activities including anti-inflammatory and immunomodulatory effects. Clinically, it has been applied as a supplementary therapy for inflammatory respiratory conditions., yet its intervention efficacy in allergic rhinitis (AR) and its multidimensional molecular mechanisms involving ""anti-inflammatory-barrier protection"" remain poorly elucidated. AIM OF THE STUDY: To explore the mechanism by which Andro alleviates AR, evaluate its safety, and predict its potential therapeutic targets. MATERIALS AND METHODS: Public bioinformatic databases were applied to forecast the potential targets and signaling pathways. An OVA-induced mouse model of AR was established, and Andro was administered by intraperitoneal injection. In vitro, an inflammatory injury model was established by stimulating human nasal epithelial RPMI-2650 cells with IL-4/IL-13, and functional blockade experiments were performed using the IL-17-specific inhibitor ixekizumab. Nasal mucosa was collected for transcriptome sequencing, and differentially expressed genes (DEGs) were screened and further analyzed with predicted targets. Pathological changes, inflammatory factors, tight junction proteins, immune cell subsets and key pathway-related proteins were evaluated by immunofluorescence, ELISA, RT-qPCR, IHC, flow cytometry and WB. RESULTS: Network pharmacology analysis indicated that the IL-17 signaling pathway served as the core pathway of Andro against AR. Molecular docking and dynamics simulations show the stable binding between Andro and IL-17A. As demonstrated by a series of in vivo experiments, the administration of Andro resulted in a significant alleviation of nasal symptoms in AR mice. Furthermore, the serum levels of IgE, IL-17A, IL-6, and TNF-α were reduced, and the proportion of splenic CD4+IL-17A+ Th17 cells was dose-dependently decreased as determined by flow cytometry, and inflammatory cells infiltration in the nasal mucosa was suppressed. Meanwhile, Andro significantly inhibited goblet cell hyperplasia and MUC5AC overexpression, while dose-dependently restoring the expression of tight junction proteins ZO-1 and Occludin. In vitro experiments confirmed that Andro dose-dependently reversed IL-4/IL-13-induced inflammatory cytokine secretion, mucus hypersecretion and epithelial barrier damage in RPMI-2650 cells. Combined treatment with Andro and ixekizumab produced no additional additive effect, indicating that the protective effect of Andro may be dependent on the inhibition of the IL-17 signaling pathway. Mechanistically, Andro downregulated the transcription and protein expression of IL-17A, IL-17RA, and Act1, inhibited the phosphorylation of NF-κB p65, and blocked IL-17/NF-κB-mediated mucus hypersecretion and epithelial barrier damage. CONCLUSIONS: The therapeutic mechanism of Andro against AR involves suppressing nasal mucosal inflammation and repairing epithelial barrier function by inhibiting key protein expression in the IL-17/NF-κB pathway and downregulating MUC5AC expression. This targeted regulation effectively ameliorates pathological injury in AR."
Q3_target_validation	23	42167661	2026	A	Contains direct engagement or target-specific functional evidence.		context;functional_mediation;generic_experiment;network_pharmacology	Qilin Pills protect against diminished ovarian reserve by suppressing pathological overactivation of PINK1/Parkin-mediated mitophagy in granulosa cells.	ETHNOPHARMACOLOGICAL RELEVANCE: Qilin Pills (QLP) is a classic proprietary Chinese medicine derived from Wuziyanzong Pills, a traditional formula originating from the Tang Dynasty. It serves to tonify the kidneys and replenish essence, and is used to enhance fertility. QLP is widely used to treat diminished ovarian reserve (DOR), a condition characterised by ovulatory dysfunction and reduced fertility. However, its mechanism of action remains unclear. AIM OF THE STUDY: To investigate the protective effects of QLP against DOR and elucidated the underlying mechanisms. MATERIALS AND METHODS: We established a DOR mouse model by cyclophosphamide (CTX) and concurrently administered oral QLP at low, medium, and high doses, with oestradiol valerate (E2V) as the positive control. We evaluated the ovarian function by measuring ovarian index, follicular count, and serum anti-Müllerian hormone (AMH). UHPLC-QTOF-MS and network pharmacology techniques were used to identify therapeutic targets. KGN cells were treated with 4-hydroperoxy cyclophosphamide (4-HC) to mimic in vitro chemotherapy toxicity. Mitochondrial function was assessed by Seahorse XF analysis, JC-1 and MitoSOX Red staining, DHE fluorescence, mtDNA quantification, and transmission electron microscopy. Key gene in PINK1/Parkin related mitophagy were detected by western blotting and immunofluorescence in both ovarian tissue and KGN cells. PINK1 overexpression validated this mechanism. RESULTS: In vivo, QLP increased the ovarian reserve of DOR mice by enhancing growing follicles and AMH levels while reducing atrophic follicles and GC apoptosis, with the medium dose showing superior effects to E2V. Network pharmacology analysis of compounds identified by UHPLC-QTOF-MS revealed 166 targets enriched in mitochondrial bioenergetic metabolism and mitophagy pathways. QLP mitigated mitochondrial dysfunction, oxidative stress, and excessive mitophagy in GC. In vitro, QLP medicated serum restored mitochondrial respiratory function and membrane potential while reducing ROS. Mechanistically, CTX/4-HC upregulated PINK1/Parkin and induced excessive mitophagy. Notably, QLP exhibited a non-monotonic dose-response: the medium dose optimally rebalanced this overactivation to protect GC, whereas the high dose appeared to induce mild cellular stress, triggering a compensatory rebound in mitophagy. PINK1 overexpression abrogated QLP's protection, confirming PINK1/Parkin inhibition as essential for its therapeutic action. CONCLUSION: QLP prevents DOR by rebalancing the pathological overactivation of PINK1/Parkin-mediated mitophagy, thereby restoring mitochondrial homeostasis. These findings provide evidence for QLP in protecting ovarian function.
Q3_target_validation	24	42142554	2026	A	Contains direct engagement or target-specific functional evidence.		context;functional_mediation;generic_experiment;network_pharmacology	Yi-Qi-Jian-Pi formula alleviates hepatic fibrosis in acute-on-chronic liver failure by regulating ferritinophagy-mediated hepatic stellate cell senescence.	ETHNOPHARMACOLOGICAL RELEVANCE: Acute-on-chronic liver failure (ACLF) represents a severe clinical syndrome characterized by rapid exacerbation of chronic hepatic disease. Liver fibrosis (LF) significantly contributes to the advancement of ACLF pathology. The traditional Chinese medicine (TCM) preparation Yi-Qi-Jian-Pi formula (YQJPF) exhibits promising therapeutic effects on ACLF and LF; however, the underlying pharmacological mechanisms and active components remain incompletely understood. AIM OF THE STUDY: This study seeks to elucidate the pharmacodynamic properties, active constituents, and underlying mechanisms of YQJPF in treating liver fibrosis within an ACLF rat model, focusing specifically on ferritinophagy activation and the induction of hepatic stellate cell (HSC) senescence. MATERIALS AND METHODS: A rat model of ACLF was induced via combined administration of CCl4 and LPS/D-GalN, and an in vitro model was established using human hepatic stellate cells (LX2). Liver-targeted active components were characterized using UHPLC-Q-Orbitrap-MS/MS analysis, with network pharmacology utilized to predict critical molecular targets. NCOA4 siRNA and ferrostatin-1 were used to validate mechanism specificity. The therapeutic effects and associated mechanisms were systematically evaluated through biochemical assays, histopathological examinations, and molecular and cellular analyses. RESULTS: YQJPF improved liver histopathology and attenuated fibrosis and ACLF in rats. It inhibited viability and proliferation of LX2 cells, decreased TGF-β1 secretion, and downregulated α-SMA and Collagen I expression. UHPLC-Q-Orbitrap-MS/MS identified 82 liver-tropic components (including 50 prototypes and 32 metabolites) in rat liver tissues. Network pharmacology revealed 257 potential targets, with 135 overlapping with hepatic fibrosis-related targets (core targets included TP53, NCOA4, and CDKN2A). YQJPF induced HSC senescence (upregulated p16, p21, and HMGA1; downregulated TERT; triggered cell cycle arrest) and activated ferritinophagy (upregulated NCOA4, Beclin1, LC3BII/I; downregulated FTH1 and p62; increased ROS/iron accumulation). NCOA4 knockdown or Fer-1 treatment reduced YQJPF-induced HSC senescence and antifibrotic effects. CONCLUSION: YQJPF reduces ACLF-related LF by NCOA4-mediated ferritinophagy, which promotes HSC senescence. The 82 liver-tropic components and 135 overlapping targets highlight its multi-component, multi-target effects, providing a scientific foundation for its clinical application.
Q3_target_validation	25	42474152	2026	A	Contains direct engagement or target-specific functional evidence.		binding_engagement;docking_only;network_pharmacology	Quercetin as the core constituent of Huanglian decoction: Targeting AKT1 for colorectal cancer therapy.	BACKGROUND: Colorectal cancer (CRC) is a prevalent gastrointestinal carcinoma. Huanglian decoction (HD) has been applied to treat gastrointestinal disorders for millennia. OBJECTIVES: This study utilized network pharmacology strategies to establish the drug-compound-disease target network. METHODS: To explore the biological functions and pathways involved, GO and KEGG enrichment analyses were conducted. To identify core targets from the findings, a protein-protein interaction (PPI) network was constructed. We utilized the molecular docking assay, CETSA and DARTS to validate the compound-target complex. The biological effects of the key compound on CRC cells were studied using CCK-8 assay, colony-formation assay, scratch test and trans well invasion assay. RESULTS: Our findings indicated that half of the HD potential targets were CRC-related genes. PPI analysis identified 7 key genes: AKT1, ESR1, JUN, IL6, MYC, FOS and CCND1. Quercetin was identified as a core active compound of HD, which likely exerts its effects by targeting AKT1 and inhibiting the AKT-mTOR pathway, thereby suppressing the proliferation, migration and invasion of CRC cell lines (Caco-2 and SW480). CONCLUSION: The results suggest that HD has potential therapeutic properties against CRC. Its active ingredient, quercetin, exerted anti-CRC effects by binding to AKT1 and inhibiting the activation of the AKT-mTOR pathway.
Q3_target_validation	26	42474151	2026	A	Contains direct engagement or target-specific functional evidence.		binding_engagement;docking_only;generic_experiment;network_pharmacology	Network pharmacology and molecular simulation suggest potential mechanisms of sorafenib-induced HFSR.	BACKGROUND: Hand-foot skin reaction (HFSR) is a dose-limiting adverse effect of sorafenib, yet its molecular etiology remains elusive. OBJECTIVES: This study investigated the potential targets and pathways of sorafenib-induced HFSR using integrated computational methods. METHODS: Network pharmacology was used to identify overlapping targets between sorafenib and HFSR. After pathway enrichment, hub targets were analyzed via molecular docking and 100-ns molecular dynamics (MD) simulations to assess binding stability. RESULTS: Network analysis identified 71 targets, primarily in the MAPK/ERK and PI3K-Akt pathways. EGFR and MAPK1 (ERK2) were identified as key hubs. MD simulations revealed that sorafenib maintains superior structural stability when complexed with EGFR rather than with ERK2. CONCLUSION: Computational evidence suggests that off-target engagement and RTK-MAPK/PI3K dysregulation mediate HFSR. These findings provide a mechanistic basis for mitigating sorafenib-induced toxicity, pending experimental validation.
Q3_target_validation	27	42430944	2026	A	Contains direct engagement or target-specific functional evidence.		docking_only;functional_mediation;generic_experiment;measured_exposure;network_pharmacology	Integrative network pharmacology and genomic analysis of esculin targeting PARP1 in cervical cancer: Insights from ADME profiling, molecular docking, and biomarker discovery.	Cervical cancer remains a serious global health issue, particularly in low- and middle-income countries, with inadequate access to early detection and diagnostics. This study investigates the anticancer effect of esculin, a coumarin known for its pharmacological benefits, as a safer and more effective alternative to standard chemotherapeutics. This research implements an integrative in silico method, which includes ADME profiling, toxicity prediction, molecular docking, molecular dynamics (MD) simulations, and network pharmacology analyses. Esculin performed well in drug-likeness properties and showed satisfactory water solubility and low predicted toxicity, which is even better than that of the reference drug paclitaxel in safety and pharmacokinetics. Although no direct connection was established between esculin's predicted targets and genes perturbed in cervical cancer, PARP1 came up as a candidate target that is functionally and biologically relevant, since the protein is involved in DNA repair and is overexpressed in cervical tumours. Molecular docking revealed that esculin binds strongly to PARP1and interacts with ASP770 and ARG878. A subsequent 100 ns molecular dynamics (MD) simulation experiment showed the constant RMSD and hydrogen bonding profiles that were consistent and thus proved the stability of the complex structure. Protein-protein interaction and enrichment analyses supported PARP1's role in critical cancer-associated pathways, particularly in DNA damage response and chromatin remodelling. Considering all the findings, the efforts to develop a targeted cervical cancer therapy with esculin as a potential candidate are gaining traction and being warranted by further experimental validation.
Q3_target_validation	28	42263898	2026	A	Contains direct engagement or target-specific functional evidence.		docking_only;functional_mediation;generic_experiment;network_pharmacology	Betaine induces ferroptotic stress by enhancing KEAP1-mediated NRF2 degradation in breast cancer cells.	BACKGROUND: Breast cancer remains a leading cause of cancer-related mortality in women, largely due to therapeutic resistance. Ferroptosis, a regulated form of cell death driven by lipid peroxidation, represents a promising strategy to suppress tumor progression, yet its regulatory mechanisms in breast cancer are not fully defined. This study aimed to investigate the anti-cancer effects of betaine (BET) and its potential involvement in ferroptosis. METHODS: Network pharmacology, bioinformatics analyses of The Cancer Genome Atlas and Gene Expression Omnibus datasets, and molecular docking were used to identify potential BET targets and construct a BET-target-breast cancer interaction network. Functional assays in MDA-MB-231 and MCF-7 cells evaluated proliferation, migration, oxidative stress, mitochondrial function, and ferroptosis. RESULTS: BET treatment was associated with inhibition of cell proliferation, clonogenicity, and migration, while increasing reactive oxygen species and lipid peroxidation. Mechanistically, BET enhanced KEAP1-NRF2 interaction, thereby increasing NRF2 ubiquitination and proteasomal degradation. Consequently, NRF2 nuclear accumulation was reduced, leading to suppression of downstream antioxidant and ferroptosis-protective targets, including xCT and GPX4. The resulting depletion of glutathione and accumulation of lipid peroxidation products promoted ferroptosis-associated cellular damage. BET also disrupted mitochondrial membrane potential and oxidative phosphorylation, further exacerbating oxidative stress. Notably, the KEAP1 R483S mutation or NRF2 overexpression partially rescued BET-induced oxidative stress and ferroptosis-associated phenotypes, supporting a role for enhanced KEAP1-dependent NRF2 turnover in mediating BET activity. CONCLUSIONS: BET may promote ferroptosis-associated cell death and suppress breast cancer cell malignant phenotypes, potentially through modulation of the KEAP1/NRF2/xCT/GPX4 pathway. These findings suggest a possible therapeutic relevance of BET in breast cancer, although further validation in additional in vivo models and clinical studies is required.
Q3_target_validation	29	42235794	2026	A	Contains direct engagement or target-specific functional evidence.		binding_engagement;functional_mediation;generic_experiment;network_pharmacology	Chikusetsu saponin IVa mitigates septic cardiac injury by targeting DRP1 to suppress mitochondrial damage and NLRP3 inflammasome activation.	AIMS: Sepsis-induced myocardial injury represents a serious complication with limited treatment options. Chikusetsu saponin IVa (CHS), a triterpenoid saponin derived from Rhizoma Panacis japonica, exhibits potent anti-inflammatory and cardioprotective properties, positioning it as a promising candidate. MATERIALS AND METHODS: To elucidate the therapeutic potential and mechanism of CHS in septic cardiac dysfunction, the effects of CHS administration on lipopolysaccharide (LPS, 40 mg/kg, i.p.) and cecal ligation and puncture (CLP)-induced septic murine models were evaluated through echocardiography and histological analyses. Network pharmacology and limited proteolysis-mass spectrometry (LiP-MS) were exploited to dissect the specific mechanisms and targets of CHS. Immunofluorescence, co-immunoprecipitation, and electron microscopy were performed to validate the effects of CHS on mitochondrial integrity, inflammasome assembly, and pyroptotic injury in LPS-ATP-stimulated cardiomyocytes. KEY FINDINGS: CHS administration significantly mitigated LPS-induced cardiac injury and dysfunction of mice. CHS effectively inhibited NLRP3 upregulation, Caspase-1 activation, GSDMD cleavage, and subsequent pyroptosis both in vivo and in vitro. LiP-MS and microscale thermophoresis identified DRP1 as the direct binding protein of CHS. Cellular thermal shift assay and drug affinity responsive target stability assays further indicated that CHS improved the proteolytic and thermal stability of DRP1. CHS or DRP1 inhibitor (Mdivi1) blocked LPS-ATP-stimulated DRP1 phosphorylation, reduced mitochondrial fragmentation, and ROS overproduction. Consistently, CHS diminished LPS-ATP-induced NLRP3-TXNIP interaction and inflammasome assembly, thereby reducing cellular membrane rupture and pyroptotic cell death, whereas DRP1 overexpression exerted the opposite effect. SIGNIFICANCE: CHS represents a promising therapeutic candidate for septic cardiomyopathy by targeting DRP1-mediated mitochondrial dynamics and the NLRP3 inflammasome.
Q3_target_validation	30	42162760	2026	A	Contains direct engagement or target-specific functional evidence.		context;docking_only;functional_mediation;generic_experiment;network_pharmacology	Guanxin Ⅱ alleviates atherosclerotic comorbid depression via modulating AKT1-STAT3-TLR4 axis and ATG3-mediated autophagy.	ETHNOPHARMACOLOGICAL RELEVANCE: Guanxin Ⅱ (GXⅡ) is a traditional Chinese herbal formula, which has the functions of activating blood to resolve stasis and move qi to relieve pain. Qi and blood stagnant is regarded as the main pathogenesis of atherosclerosis (AS) and depression, but the specific mechanism of GXⅡ in the treatment of AS comorbid depression (co-depression) remains unclear. AIM OF THE STUDY: This study aimed to investigate the therapeutic mechanisms of GXⅡ in ameliorating AS co-depression through multi-target network regulation and ATG3-mediated autophagy pathway, integrating pharmacochemical profiling, network pharmacology, and experimental validation. MATERIALS AND METHODS: The absorbed components of GXⅡ in mouse plasma were identified by UPLC-Q-TOF/MS. ApoE-/- mice were fed with a high fat diet (HFD) combined with restraint stress for 16 weeks, and GXⅡ was administered orally. Anti-AS effects were evaluated by serum lipid panel, aortic Oil Red O staining and HE staining. Antidepressant effects were assessed by open field test (OFT), sucrose preference test (SPT), and tail suspension test (TST). Network pharmacology was employed to predict core targets, which were validated by molecular docking and molecular dynamics simulation. The regulatory effects of GXⅡ on autophagy were confirmed by Western blotting and transmission electron microscopy in mouse hippocampus, and further verified in LPS-stimulated primary hippocampal neurons focusing on ATG3-mediated pathway. RESULTS: GXⅡ treatment ameliorated dyslipidemia and reduced aortic plaque formation in mice with AS co-depression. It also demonstrated antidepressant effects in the OFT, SPT and TST. Network pharmacology analysis identified 77 overlapping targets among GXⅡ, AS and depression, with 15 core genes selected via PPI network topology. Molecular docking and dynamics simulation revealed robust binding interactions between GXⅡ constituents and AKT1, STAT3, and TLR4. Notably, GXⅡ restored the suppressed autophagy in the hippocampus of AS co-depressed mice, as evidenced by upregulated LC3, Beclin1 and ATG3 expression. These autophagy-regulating effects were consistently observed in primary hippocampal neurons and were reduced upon lentiviral knockdown of ATG3, confirming its essential role in mediating GXⅡ's therapeutic action. CONCLUSIONS: GXⅡ ameliorates atherosclerosis and depression-like behaviors in comorbid mice via modulating the AKT1-STAT3-TLR4 signaling axis and activating ATG3-mediated autophagy. These findings provide pharmacological evidence to support the application of GXⅡ in the treatment of AS co-depression, and highlight ATG3 as a potential therapeutic target.
Q3_target_validation	31	42140531	2026	A	Contains direct engagement or target-specific functional evidence.		binding_engagement;context;docking_only;generic_experiment;network_pharmacology	Systematic evaluation of Lianhua Qingwen against respiratory syncytial virus: Multi-mechanism insights and identification of an active ingredient U17.	ETHNOPHARMACOLOGICAL RELEVANCE: Lianhua Qingwen (LHQW), as a classic compound formulation of traditional Chinese medicine, holds significant value in antiviral, anti-inflammatory, and immunomodulatory activities. AIM OF THE STUDY: This study aimed to systematically evaluate the anti-respiratory syncytial virus (RSV) activity of LHQW, elucidated its mechanisms of action, and identified its key active ingredients. MATERIALS AND METHODS: The antiviral effects were assessed using in vitro cell models and in vivo models of young and immunosuppressed mice. Network pharmacology was employed to screen potential active ingredients of LHQW. Molecular docking and surface plasmon resonance (SPR) were used to analyze the interaction between active ingredients and viral proteins. Changes in m6A modification and the expression of related enzymes were examined to explore epigenetic regulatory mechanisms. RESULTS: LHQW inhibited RSV replication in a dose-dependent manner, down-regulated the expression of inflammatory factors, and alleviated pulmonary pathological damage. These observations appeared to be associated with the potential suppression of the IKK-α/β-NF-κB pathway and the modulation of m6A modification homeostasis. Using network pharmacology, the component U17 was identified, and it appeared to exhibit significant anti-RSV activity both in vitro and in vivo. U17 was shown to interact with the RSV-F protein during early infection, which may contribute to blocking viral entry. CONCLUSIONS: LHQW may exert its anti-RSV effects partly through mechanisms associated with the suppression of the IKK-α/β-NF-κB pathway and the modulation of m6A epigenetic homeostasis. Notably, the constituent U17 emerges as a key active ingredient, which directly targets the RSV-F protein to block viral entry. These findings position U17 as a promising lead candidate for anti-RSV drug development and underscore the multi-target potential of traditional Chinese medicine in treating viral infections.
Q3_target_validation	32	42134501	2026	A	Contains direct engagement or target-specific functional evidence.		binding_engagement;context;docking_only;network_pharmacology	Buyang Huanwu decoction promotes neurological recovery after ischemic stroke by activating the Akt/PAK5/SNPH axis to enhance mitochondrial recruitment and axonal remodeling.	ETHNOPHARMACOLOGICAL RELEVANCE: Buyang Huanwu Decoction (BHD), a classic formula in Chinese medicine, has demonstrated neuroprotective properties in numerous studies on ischemic stroke. However, the specific mechanisms through which BHD promotes neurological recovery during the recovery phase, particularly those linked to axonal remodeling, have yet to be fully elucidated. AIM OF THE STUDY: This study is designed to investigate potential molecular and cellular mechanisms responsible for the beneficial effects of BHD in ischemic stroke. MATERIALS AND METHODS: Characterization of the major chemical constituents in BHD was performed using High-Performance Liquid Chromatography with Ultraviolet Detection (HPLC-UV). A mouse model of ischemic stroke was established by subjecting male C57BL/6 mice to middle cerebral artery occlusion (MCAO). Functional recovery was assessed with the Longa score, cylinder test, and balance beam test. Quantification of brain tissue injury involved 2,3,5-Triphenyltetrazolium Chloride (TTC) staining, Hematoxylin and Eosin (HE) staining, TUNEL staining, Nissl staining, electron microscopy (EM), and laser speckle contrast imaging (LSCI). For mechanistic exploration, we employed network pharmacology, transcriptome sequencing (RNA-seq), immunohistochemistry (IHC), Western blot (WB), immunofluorescence, co-immunoprecipitation (Co-IP), molecular docking, and surface plasmon resonance (SPR) analyses. RESULTS: BHD significantly relieved post-ischemic stroke neurological deficits by enhancing axonal remodeling. BHD treatment lowered infarct volume, curtailed neuronal apoptosis, and upheld neuronal integrity within the ischemic brain. It also improved mitochondrial function and energy metabolism, reflected by increased ATP levels and normalized mitochondrial ultrastructure. Concomitantly, BHD augmented mitochondrial recruitment to axonal compartments, linking mitochondrial dynamics to axonal repair. Mechanistically, BHD triggered the PAK5/SNPH signaling cascade, which augmented mitochondrial recruitment to injured axons and thus facilitated axonal repair. This triggering was mediated by Akt. Inhibition of Akt abrogated both the neuroprotection and the mitochondrial recruitment induced by BHD, highlighting the critical role of the Akt/PAK5/SNPH pathway in mediating BHD's therapeutic efficacy. CONCLUSION: BHD enhances post-stroke neural recovery via activation of the Akt/PAK5/SNPH pathway, which boosts mitochondrial recruitment to damaged axons and facilitates axonal remodeling. These insights elucidate the mechanism underlying BHD's neuroprotective role in the recovery phase of ischemic stroke.
Q3_target_validation	33	42119634	2026	A	Contains direct engagement or target-specific functional evidence.		context;functional_mediation;generic_experiment;method_weak;network_pharmacology	ncRNA network pharmacology integrated with miRNA omics and experimental validation reveal the anti-autophagic effect of Xuefu Zhuyu Decoction in traumatic brain injury.	"ETHNOPHARMACOLOGICAL RELEVANCE: Traumatic brain injury (TBI) is a major cause of death and long-term disability in humans. Xuefu Zhuyu Decoction (XFZYD) has potential therapeutic effects on TBI, but its molecular mechanism involving non-coding RNAs (ncRNAs) remains unclear. AIM OF THE STUDY: To elucidate the mechanism of XFZYD, this study proposed an integrated ncRNA-based network pharmacology (ncRNP) strategy, combined with multi-omics analysis, in vivo and in vitro experiments. Unlike traditional network pharmacology which primarily focuses on protein-coding targets, the ncRNP strategy shifts the regulatory perspective to the transcriptional level, specifically targeting the herb-compound-ncRNA axis to bridge the gap between Traditional Chinese medicine (TCM) multi-component synergy and epigenetic regulation. MATERIALS AND METHODS: The ncRNP framework was established through four integrated modules: 1) construction of herbal-ncRNA regulatory networks; 2) high-throughput miRNA profiling of TBI mice; 3) multi-omics integration to identify core ""herb-miRNA-pathway"" nodes; and 4) experimental validation. Male C57BL/6J TBI mice were treated with different doses of XFZYD, and their neurological functions were examined. The ncRNP integrative strategy was established and used in XFZYD. Electron microscopy, western blotting, qRT-PCR, and immunofluorescence were further performed to confirm the anti-autophagy effects of XFZYD by miR-323-3p. RESULTS: XFZYD treatment significantly improved neurological deficits and reduced neuronal loss and apoptosis. By implementing the ncRNP strategy which filters pharmacological targets through the lens of differential ncRNA expression, we identified a unique profile of 5 potential miRNAs. Through bioinformatics analysis and validation, miR-323-3p was selected as the key miRNA. We further confirmed that XFZYD normalized the pathological over-activation of autophagy after TBI by upregulating miR-323-3p, and subsequently suppressed the excessive activation of the AMPK/ULK1/Beclin-1 signaling axis. Overexpression of miR-323-3p directly inhibited the AMPK-dependent autophagy and restored cellular homeostasis. CONCLUSIONS: XFZYD alleviates TBI-induced neuronal injury by rebalancing the miR-323-3p/AMPK-mediated autophagic flux. The established ncRNP strategy represents a methodological advancement over traditional network pharmacology by incorporating ncRNA-mediated epigenetic signatures, providing a more comprehensive and high-resolution framework for deciphering the complex pharmacological basis of TCM."
Q3_target_validation	34	42114577	2026	A	Contains direct engagement or target-specific functional evidence.		context;docking_only;functional_mediation;generic_experiment;network_pharmacology	Efficacy and mechanism of topical Chinese herbal formulation JieZe-1 on female lower genital tract co-infection with HSV-2 and Candida albicans via upregulating the cGAS/STING/IFN-I pathway.	ETHNOPHARMACOLOGICAL RELEVANCE: JieZe-1 (JZ-1) originates from the classic Chinese gynecological formula Yi Huang Tang and demonstrates efficacy against lower female reproductive tract infections. However, its effects and mechanisms on herpes simplex virus type 2 (HSV-2) and Candida albicans (C. albicans) co-infection remain unclear. AIM OF THE STUDY: This study aimed to investigate the effects and underlying mechanisms of JZ-1 against a co-infection model of HSV-2 and C. albicans. MATERIALS AND METHODS: The co-infection models were established in vitro (VK2, HaCaT) and in vivo (Balb/c mice). The levels of pathogen-related indicators and the expression of the cGAS/STING/IFN-I pathway were assayed via Gram staining, Western blot, qRT-PCR, immunofluorescence, and ELISA, respectively. Penciclovir and amphotericin B were employed as positive control drugs, and the effects of JZ-1 were evaluated via minimum inhibitory concentration assays, CCK8 assays, and transmission electron microscopy. Network pharmacology analysis was employed to explore the potential pathways and targets of JZ-1 in treating HSV-2 and C. albicans co-infection. By introducing siRNA and the STING inhibitor C-176, the mechanisms of JZ-1 against HSV-2 and C. albicans co-infection were explored. RESULTS: In vitro, JZ-1 downregulated gD, ALS1, ALS3, and ECE1 expression, inhibited viral invasion, and reduced fungal adhesion. In vivo, JZ-1 suppressed fungal loading, alleviated genital herpes (GH) symptoms, reduced weight loss, and alleviated pathology in mouse vulvar and vaginal tissues. Network pharmacological analysis revealed 26 overlapping targets between JZ-1 and the co-infection disease, including IFNA1. Molecular docking revealed luteolin and berberine exhibited the strongest binding affinity to stimulator of interferon genes (STING). Mechanistically, JZ-1 upregulated STING, phospho-TANK-binding kinase 1 (P-TBK1), phospho-interferon regulatory factor 3 (P-IRF3), and promoted interferons (IFN) secretion along with the interferon-stimulated genes (ISGs) expression. Upon STING inhibition with siRNA or inhibitors, the efficacy of JZ-1 was diminished. CONCLUSION: JZ-1 exerts effects against HSV-2 and C. albicans co-infection by upregulating the cGAS/STING/IFN-I pathway in a STING-dependent manner.
Q3_target_validation	35	42107750	2026	A	Contains direct engagement or target-specific functional evidence.		binding_engagement;context;docking_only;functional_mediation;generic_experiment;network_pharmacology	From grey relational-network pharmacology screening to mechanism elucidation: 4-methoxy-2- (3-methylethoxyethane) -phenylisobutyrate from Pimpinella diversifolia essential oil alleviates D-GalN/LPS-induced ALI by targeting the GSK-3β/NF-κB axis.	ETHNOPHARMACOLOGICAL RELEVANCE: Pimpinella diversifolia DC. is a traditional medicinal herb used in She and Miao ethnic medicine. Its root essential oil (PDREO) has demonstrated hepatoprotective effects, but its active constituents and the underlying mechanisms against acute liver injury (ALI) remain unclear. AIM OF THE STUDY: This study aimed to systematically identify the key anti-inflammatory and antioxidant components in PDREO and to elucidate their molecular mechanisms of action against ALI. MATERIALS AND METHODS: The protective effect of PDREO was evaluated in a D-galactosamine/lipopolysaccharide (D-GalN/LPS)-induced ALI mouse model. PDREO was fractionated via silica gel chromatography, and the anti-inflammatory and antioxidant activities of the fractions and PDREO were assessed in LPS-stimulated RAW264.7 macrophages. Bioactive components were screened using gas chromatography-mass spectrometry (GC-MS) fingerprinting combined with grey relational analysis. Network pharmacology and molecular docking were employed to predict targets, followed by validation using cellular thermal shift assay (CETSA) and bio-layer interferometry (BLI). The mechanisms of the lead compound were further investigated in vitro and in vivo. RESULTS: PDREO significantly ameliorated D-GalN/LPS-induced liver damage, inflammation, and oxidative stress in mice. Six bioactive compounds were identified, among which 4-methoxy-2-(3-methyloxiranyl)phenyl isobutyrate (compound P59) exhibited the most potent activity. Network pharmacology and molecular docking predicted glycogen synthase kinase 3β (GSK-3β) as a key target. CETSA and BLI confirmed the direct binding of P59 to GSK-3β. Mechanistically, P59 promoted the inhibitory phosphorylation of GSK-3β, subsequently suppressed NF-κB p65 nuclear translocation, and downregulated pro-inflammatory cytokines. These effects were consistently observed in both LPS-stimulated macrophages and the D-GalN/LPS-induced ALI mouse model. Furthermore, p65 overexpression abrogated the inhibitory effect of P59 on pro-inflammatory cytokine secretion, validating NF-κB as the essential downstream effector of the GSK-3β/NF-κB axis. CONCLUSION: This study reveals that PDREO alleviates ALI through its anti-inflammatory and antioxidant properties. Compound P59 is identified as a pivotal active constituent that exerts hepatoprotection by directly targeting GSK-3β and inhibiting the GSK-3β/NF-κB signaling pathway. Our findings provide a pharmacological basis for the traditional use of P. diversifolia and highlight P59 as a promising candidate for ALI drug development.
Q3_target_validation	36	42106018	2026	A	Contains direct engagement or target-specific functional evidence.		context;docking_only;functional_mediation;generic_experiment;network_pharmacology	Euphorbia humifusa Willd. alleviates ulcerative colitis by inhibiting lipid peroxidation via ACSL4/COX-2 axis.	ETHNOPHARMACOLOGICAL RELEVANCE: Herba Euphorbiae Humifusae (Euphorbia humifusa Willd., EH), named Dijincao, a traditional Chinese herbal medicine used to treat dysentery and enteritis, shows therapeutic potential for ulcerative colitis (UC), yet its mechanism remains unclear. AIM OF THE STUDY: To elucidate the efficacy of EH against UC and its mechanism. MATERIALS AND METHODS: The effect of EH extract (EHE) on UC was evaluated using DSS-induced mice. Integrated analysis of metabolomics and network pharmacology based on the colonic exposure of prototypes in EHE predicted key targets and pathways involved in the treatment of UC, while molecular docking and biological experiments investigated the mechanism. Spearman's correlation analysis identified key anti-UC active components, followed by in vitro activity and mechanistic validation in RSL3-induced HCT116 cells and intestinal organoid models. RESULTS: EHE alleviated UC mice in a dose-dependent manner. Network pharmacology predicted the major targets of the 18 colonic exposure components in EHE to be signaling pathways involved in inflammation and lipid metabolism. Metabolomics revealed that EHE primarily regulated glutathione metabolism and arachidonic acid metabolism. Through the integrated analysis of network pharmacology and metabolomics, suggesting that lipid peroxidation involving 11 pivotal targets may mediate the beneficial effect of EHE against UC, while molecular docking analysis and experiments substantiated that the amelioratory action of EHE partially contributed to its inhibition on ACSL4/COX-2 axis mediated lipid peroxidation. Notably, quercetin, kaempferol and naringenin, as key active constituents of EHE against UC, demonstrated the direct regulatory effect on ACSL4/COX-2 axis mediated lipid peroxidation in vitro, which was attenuated upon treatment with overexpressed ACSL4. CONCLUSIONS: This study demonstrated that EH ameliorates UC by modulating ACSL4/COX-2 axis mediated lipid peroxidation, thereby enhancing our understanding of the mechanism underlying EH against UC.
Q3_target_validation	37	42106016	2026	A	Contains direct engagement or target-specific functional evidence.		context;functional_mediation;network_pharmacology	Herb pair of Eucommiae Folium and Gardeniae Fructus enhanced hippocampal PACAP-mediated neuroplasticity via the non-classic downstream PI3K/AKT signaling to exert antidepressant effects.	ETHNOPHARMACOLOGICAL RELEVANCE: Conventional antidepressant therapy necessitates prolonged medication, which can result in a plethora of adverse effects, including osteoporosis. Eucommiae Folium (EF) has been demonstrated to alleviate depressive symptoms and osteoporosis. Gardeniae Fructus (GF) also has remarked antidepressant potential, which is often used together with EF as a herb pair in the clinics. This herb pair is highly valuable in synergistically and safely exerting antidepressant effects. AIM OF THE STUDY: PACAP is a novel antidepressant target, via enhancing neuroplasticity. Here, we aimed to examine the synergistic effects of EF and GF (EG) on depression, and test underlying mechanisms of PACAP and its downstream signaling. MATERIALS AND METHODS: The antidepressant effects of EG were confirmed in both CUMS and LPS depression models, with fluoxetine as a positive control. Network pharmacology analysis was utilized to reveal the associated mechanisms. The key signaling mechanisms were examined with immunoblotting and immunofluorescence, and further verified by knockdown of PACAP with virus-mediated RNAi. RESULTS: EG exhibited synergistic efficacy in antidepressant response. EG alleviated depressive and anxiety symptoms in both the CUMS and LPS models, with effects comparable to fluoxetine. Network pharmacology analysis revealed the important role of PI3K/AKT/mTOR signaling pathway, which was verified in the hippocampus following EG treatment. Moreover, the expression of the potential upstream activator, PACAP, was also upregulated, in addition to enhanced the expressions of the synaptic proteins PSD95 and Synapsin-1. EG reduced the number of Iba-1+ microglial cells and their cell areas, and increased the number of BDNF+ cells in the hippocampus. Importantly, hippocampal PACAP knockdown blunted the antidepressant effects of EG and the PI3K/AKT/mTOR signaling. CONCLUSIONS: The herb pair of Eucommiae Folium and Gardeniae Fructus synergistically elicited antidepressant effects, likely via activating hippocampal PACAP and its downstream PI3K/AKT/mTOR signaling.
Q3_target_validation	38	42092473	2026	A	Contains direct engagement or target-specific functional evidence.		binding_engagement;context;docking_only;network_pharmacology	Comparative pharmacodynamic material basis of oral and colonic administration of Baitouweng decoction in experimental ulcerative colitis.	"ETHNOPHARMACOLOGICAL RELEVANCE: Baitouweng Decoction (BTWD) is a traditional Chinese medicine formula widely used in clinical practice for treating ulcerative colitis (UC). However, its precise therapeutic mechanisms remain unclear. AIM OF THE STUDY: This study investigates the therapeutic effects of BTWD administered via colon and oral routes in a UC model induced by fecal microbiota transplantation (FMT) and dextran sodium sulfate (DSS). It further explores the distinct pharmacological mechanisms associated with each route of administration. MATERIALS AND METHODS: Male rats with UC induced by human-derived FMT and DSS were treated with BTWD via oral or colonic administration. Therapeutic outcomes were evaluated through clinical indicators and histopathology. Drug metabolites in serum and colon contents were analyzed by Ultra Performance Liquid Chromatography-Q Exactive-Orbitrap Mass Spectrometer (UPLC-QE-Orbitrap MS). Serum and fecal metabolomics identified disease-related biomarkers. Potential active substances were screened by correlating serum and fecal biomarkers with BTWD-derived components. Key active substances and targets were identified through network pharmacology and molecular docking, clarifying the pharmacological basis of each administration route. Surface plasmon resonance (SPR) and Western blot were performed to experimentally validate the binding interactions and target protein expression. RESULTS: Both administration routes of BTWD significantly alleviated UC symptoms. Compared to the model group, BTWD-treated rats exhibited reduced weight loss, lower disease activity index (DAI) scores, and recovered colon length. Serum levels of pro-inflammatory cytokines IL-6, IL-17, and IL-1β were decreased, while anti-inflammatory IL-10 was increased. Expression of Occludin and MUC2 proteins in colon tissue was significantly upregulated. In total, 82 serum and 70 colon components were identified following oral administration, while colonic administration yielded 73 serum and 78 colon components. Correlation analysis screened 36 active components associated with colonic administration and 25 with oral administration. Network pharmacology and molecular docking suggested that core components from colon administration (Anemoside B4, Betulonic acid) may act via targets such as EGFR, LCK, and MET, while oral components (Berberine, Oxyepiberberine) may target AURKA, MET, and PTGS2. SPR confirmed direct binding of anemoside B4 and berberine to EGFR with KD values of 9.47E-04 M and 2.96E-04 M, respectively. Western blot revealed route-dependent modulation of EGFR, PTGS2, LCK and AURKA expression, corroborating the predicted targeting. CONCLUSION: BTWD is effective in treating UC through both colonic and oral administration. This study provides a comprehensive ""efficacy-component-metabolism-target"" analysis that reveals distinct pharmacological mechanisms underlying each administration route. These findings support the traditional use of BTWD and offer a theoretical foundation for developing optimized, route-specific therapies for UC."
Q3_target_validation	39	42086154	2026	A	Contains direct engagement or target-specific functional evidence.		context;functional_mediation;network_pharmacology	Processing with Cuscuta chinensis Lam. juice mitigates Tripterygium wilfordii Hook.F. toxicity via a multi-mechanistic approach and enhances its anti-rheumatic efficacy.	ETHNOPHARMACOLOGICAL RELEVANCE: Tripterygium wilfordii Hook.F. (LGT) is a potent anti-rheumatic herb whose clinical utility is severely limited by multi-organ toxicity, particularly to the reproductive system. Detoxification strategies that preserve efficacy are urgently needed. Proper herb-juice excipient processing, a traditional Chinese medicine detoxification strategy, may mitigate toxicity while enhancing efficacy. OBJECTIVE: This study aimed to evaluate whether processing LGT with the juice of Cuscuta chinensis Lam. (TSZ), a kidney-tonifying herb, could reduce toxicity and elucidate the underlying mechanisms. MATERIALS AND METHODS: The optimal processing protocol was determined by measuring triptolide (TP) content via HPLC. The detoxification effects of TSZ-processed LGT (TL) were assessed in mice after 90-day administration through histopathology and serum biomarkers. Mechanisms were investigated using network pharmacology prediction, Western blotting for G protein-coupled estrogen receptor (GPER), 16S rDNA sequencing for gut microbiota, and HPLC for component analysis. Anti-rheumatic efficacy was evaluated in a collagen-induced arthritis (CIA) model. RESULTS: The results demonstrated that Processing with 20% TSZ juice maximally reduced TP content. TL significantly alleviated LGT-induced reproductive, hepatic, and renal toxicity, reversed testicular GPER overexpression, and restored gut microbiota dysbiosis (e.g., increased Ligilactobacillus). Three TSZ-derived flavonoids (hyperoside, astragalin, isoquercitrin) were introduced into TL. In the CIA model, medium-dose TL retained anti-rheumatic efficacy comparable to raw LGT, while high-dose TL exhibited superior efficacy, indicating a broadened therapeutic window. CONCLUSION: In conclusion, TSZ juice processing effectively attenuates LGT toxicity, potentially mediated by a multi-mechanistic approach involving reduction of TP, introduction of protective flavonoids, modulation of gut microbiota, and regulation of testicular GPER. Crucially, this processing strategy broadens the therapeutic window of LGT, offering a promising approach for its safer clinical application.
Q3_target_validation	40	42044778	2026	A	Contains direct engagement or target-specific functional evidence.		binding_engagement;context;docking_only;generic_experiment;network_pharmacology	Elucidation of the mechanisms and therapeutic effects of Sini Decoction on anxiety induced by forced swimming stress in mice.	ETHNOPHARMACOLOGICAL RELEVANCE: Sini Decoction (SND) is a famous prescription from the 'Treatise on Febrile Diseases,' composed of Aconitum carmichaeli Debx., Zingiber officinale Roscoe and Glycyrrhiza uralensis Fisch. It has been widely used in clinical practice within traditional Chinese medicine. According to in-depth studies, SND has demonstrated significant positive effects on psychiatric treatment. However, the efficacy and the mechanisms by which SND treats anxiety remain unclear. AIM OF THE STUDY: This study aimed to investigate the therapeutic effect and mechanisms of SND on anxiety induced by forced swimming (FS) stress in mice. MATERIALS AND METHODS: Based on this, we first evaluated the safety of SND, and then used the anxiety model induced by FS to evaluate the therapeutic potential of SND. To further explore the molecular mechanism of SND in treating anxiety, we used network pharmacology combined with UHPLC-Q-Orbitrap-HRMS to predict the therapeutic targets and action pathways associated with SND. We then verified these predictions using molecular docking, CETSA experiments, immunofluorescence, and Western blotting. Finally, PI3K agonists are given to verify whether SND exerts anxiolytic effects through the PI3K/Akt pathway. RESULTS: The results of this study indicate that SND, at a maximum dose of 273.6 g/kg, does not cause acute toxicity in mice and has no significant effects on body weight, food intake, or histopathology of organs and tissues, demonstrating good safety. It can significantly increase the activity of anxious mice in the central area of the open field and the time spent in the open arms of the elevated plus maze, as well as improve hippocampal neuron damage, confirming its anxiolytic effects. Through network pharmacology and experimental validation, the study elucidated that its core mechanism involves regulating the PI3K/Akt signaling pathway, with 6-gingerol and Licochalcone B stably binding to core targets, experimental validation showed that SND downregulates the expression of PI3K and Akt proteins in this pathway, an effect that can be reversed by a PI3K agonist. CONCLUSION: SND is a safe and effective anxiolytic formula, and its mechanism of action is related to the inhibition of the PI3K/Akt signaling pathway. Our research provides a pharmacological basis for the traditional use of SND and indicates that it is a promising candidate drug for the further development of treatments for anxiety.
Q3_target_validation	41	42190537	2026	A	Contains direct engagement or target-specific functional evidence.		binding_engagement;docking_only;functional_mediation;generic_experiment;network_pharmacology	The manipulation of the cedrol metabolism pathway by baricitinib and its immune interaction mechanism against chemotherapy-induced alopecia.	Cedrol (CE), a bioactive component derived from ginger, has demonstrated a favorable anti-chemical-induced alopecia (CIA) effect, yet the combined therapeutic efficacy and underlying mechanism of CE with baricitinib (BT) remain unreported. This study was designed to explore the key synergistic mechanism through which the co-administration of CE and BT (CE + BT) alleviates cyclophosphamide (CP)-induced immunosuppression and exerts therapeutic effects against CIA. The anti-CIA activity of CE + BT was validated in a CP-induced CIA mouse model; to elucidate the potential synergistic mechanism of CE + BT, molecular docking and molecular dynamics simulations were performed in combination, and additionally, analytical techniques including GC-MS, LC-MS, and HPLC, as well as biological approaches such as qRT-PCR, enzyme inhibition assays, siRNA-mediated interference, cellular thermal shift assay, and mouse imaging, were employed to investigate the synergistic interactions and metabolic crosstalk between CE and BT. The results showed that CE + BT could effectively promote hair regrowth and ameliorate immunosuppression in CIA mice; network pharmacology analysis revealed that CE + BT mediates its synergistic anti-CIA effect via the PTGS2/CDK4 signaling pathway, which was further verified by multi-dimensional experiments; metabolic pathway analysis indicated that when combined with BT, CE + BT could inhibit the formation of CE epoxide and ring-opening metabolites, slow down the in vivo and in vitro metabolism of CE (with no impact on BT metabolism), and enhance the cutaneous retention of CE. CE + BT can alleviate hair loss in CIA mice, and the PTGS2/CDK4 pathway has been identified as the key pathway responsible for its synergistic therapeutic effects, providing novel alternative treatment strategies and insights for the precision clinical application of BT.
Q3_target_validation	42	42501548	2026	A	Contains direct engagement or target-specific functional evidence.		binding_engagement;docking_only;functional_mediation;generic_experiment;network_pharmacology	Rhubarb extract attenuates periodontitis by modulating an MMP3-associated inflammatory-ferroptotic axis: Integrated multi-omics analysis and experimental validation.	BACKGROUND: Periodontitis is a chronic inflammatory disease characterized by dysregulated host immunity, oxidative injury, connective tissue breakdown, and alveolar bone loss. Rhubarb (Rhei Radix et Rhizoma) has anti-inflammatory and redox-modulating properties, but its therapeutic mechanism in periodontitis remains unclear. PURPOSE: This study investigated whether rhubarb extract alleviates periodontal inflammatory injury and explored the role of matrix metalloproteinase 3 (MMP3) in periodontitis and ferroptosis. METHODS: The rhubarb extract was profiled by UPLC-Q-TOF-MS. Network pharmacology, transcriptomics, and untargeted metabolomics were integrated to identify targets and pathways. LPS-stimulated human gingival fibroblasts (HGFs), MMP3 knockdown and overexpression, molecular docking, molecular dynamics simulation, surface plasmon resonance (SPR), and a rat periodontitis model were used for mechanistic validation. RESULTS: The rhubarb extract contained anthraquinone derivatives. Integrated multiomics identified MMP3 as a rhubarb-responsive hub linked to inflammatory activation and ferroptosis-related metabolic disruption. Rhubarb extract inhibited LPS-induced NF-κB activation and cytokine production, restored the SLC7A11/GPX4 antioxidant defense axis, and suppressed ACSL4/LPCAT3-associated lipid remodeling. These effects were accompanied by reduced ROS generation, Fe²⁺ accumulation, lipid peroxidation, and mitochondrial damage. MMP3 silencing partially mimicked the anti-ferroptotic effects of rhubarb extract, whereas MMP3 overexpression weakened its cytoprotective activity. Molecular docking, molecular dynamics simulation, and SPR analyses supported direct interactions between representative rhubarb constituents and MMP3. In vivo, rhubarb extract reduced periodontal inflammation, collagen degradation, iron deposition, osteoclast formation, and alveolar bone loss. CONCLUSION: Rhubarb extract attenuates experimental periodontitis by suppressing inflammation, ferroptosis-related lipid peroxidation, and osteoclast-mediated bone resorption, partly through the modulation of an MMP3-associated inflammatory-ferroptotic axis.
Q3_target_validation	43	42484235	2026	A	Contains direct engagement or target-specific functional evidence.		binding_engagement;context;docking_only;generic_experiment;method_weak;network_pharmacology	Integrated GNPS Molecular Networking and Network Pharmacology Uncover Methylophiopogonanone B as a Novel Anti-Inflammatory Agent From Polygonatum cyrtonema Hua Targeting the SRC-PI3K-Akt Pathway.	Inflammation is a defensive immune response to tissue damage or infection. Polygonatum cyrtonema Hua (P. cyrtonema Hua, PCH) is bioactive on immune homeostasis due to its rich components and reportedly plays a therapeutic role in the treatment and prevention of diabetes. Flavonoids of PCH possess anti-inflammatory properties, but their molecular mechanisms remain elusive. Here, chemical profiling of key flavonoids was conducted using UPLC-QTOF-MS/MS and the Global Natural Products Social Molecular Networking (GNPS) platform. Network pharmacology predicted potential targets and pathways, validated by molecular docking, surface plasmon resonance (SPR), and western blotting. Totally, 67 compounds were identified, with methylophiopogonanone B (MOB) as the key bioactive flavonoid. Although MOB's anti-inflammatory activity has been previously noted, the present study provides the first evidence that this effect may be mediated through targeting SRC and modulating the PI3K/AKT signaling axis. Core therapeutic targets were identified as SRC, TNF, and AKT1 by topological analysis of network pharmacology. Molecular docking and SPR confirmed strong MOB-SRC binding affinity. Western blotting revealed MOB dose-dependently inhibited LPS-induced phosphorylation of SRC, PI3K, and AKT1, without altering total protein levels. Furthermore, MOB significantly suppressed the phosphorylation of NF-κB pathway proteins IκB and p65, confirming the involvement of NF-κB as a downstream effector. In conclusion, this study integrates chemical profiling and network pharmacology with experimental validation to define the flavonoid composition of PCH, and is the first to implicate the SRC-PI3K-Akt pathway in MOB's anti-inflammatory action and providing novel evidence supporting the mechanism and use of PCH in contemporary diabetes treatment.
Q3_target_validation	44	42462532	2026	A	Contains direct engagement or target-specific functional evidence.		docking_only;functional_mediation;generic_experiment;network_pharmacology	Potentially regulating the ApoB RNA editosome via FXR activation: The natural compound continentalic acid alleviates hepatic fibrogenesis.	BACKGROUND: Hepatic fibrosis is a reversible wound-healing response to acute or chronic liver injury, and currently lacks effective therapeutic drugs. Continentalic acid (CNT) is the effective ingredient from Aralia continentalis Kitag., used as medicinal and edible homologous plant, and exhibits anti-inflammatory and hepatoprotective effects. PURPOSE: The study investigates the therapeutic effect of CNT against liver fibrosis and elucidates its potential molecular mechanism. METHODS: HSCs or LX-2 cells were stimulated with TGF-β or conditioned medium from LPS-primed macrophages, and then cultured with CNT, GW4064 or Guggulsterone, or deficient FXR by siRNA. Hepatic fibrosis was induced in mice by TAA and subjected to treatment with CNT, Pirfenidone (PFD). Network pharmacology and molecular docking were used to predict potential targets of CNT. Finally, the necessity of FXR on CNT against hepatic fibrosis was validated in TAA induced model through FXR knockdown mediated by adeno-associated virus (AAV). RESULTS: CNT significantly inhibited the accumulation of extracellular matrix (ECM) and inflammatory factors in activated HSCs. CNT effectively reduced liver collagen deposition and inflammatory response in TAA-induced mice. Network pharmacology and experimental verification showed that CNT could activate FXR to further inhibit Apobec1/A1CF. Validated by agonist, inhibitors, or FXR siRNA, the inhibition or knockdown of FXR significantly weakened the inhibitory effects of CNT on Apobec1/A1CF and HSCs activation. Chromatin immunoprecipitation (ChIP) assay further indicated that FXR can bind to the promoter region of the APOBEC1, implying a potential transcriptional regulatory function. CNT could regulate the crosstalk of macrophages and HSCs by activating FXR and inhibiting Apobec1/A1CF. FXR deficiency also blocked the regulation of CNT on activated HSCs stimulated with conditioned medium from macrophage. FXR knockdown significantly exacerbated TAA induced liver fibrosis formation and weakened the ability of CNT alleviating liver fibrosis in AAV-NR1H4 mice. CONCLUSION: CNT could ameliorate hepatic fibrosis and HSCs activation, which might be potentially implicated in the activating FXR to inhibit ApoB production mediated by Apobec1/A1CF.
Q3_target_validation	45	42462527	2026	A	Contains direct engagement or target-specific functional evidence.		binding_engagement;context;docking_only;functional_mediation;generic_experiment;network_pharmacology	Capillarisin, a coumarin from Artemisia capillaris, alleviates APAP hepatotoxicity by targeting GSK3β/Nrf2 to suppress ferroptosis.	BACKGROUND: Acetaminophen (APAP) overdose is a leading cause of acute liver failure worldwide, characterized by oxidative stress-driven hepatocyte necrosis. Recent evidence implicates ferroptosis, an iron-dependent cell death, as a critical pathogenic event. Artemisia capillaris Thunb. (ACE) is a traditional hepatoprotective herb; however, its bioactive constituents and molecular targets regulating ferroptosis remain elusive. PURPOSE: This study aimed to identify the bioactive compounds of ACE and elucidate the molecular mechanism underlying its protective effect against APAP-induced hepatotoxicity, with a specific focus on the ferroptosis pathway. METHODS: We integrated multi-omics, network pharmacology, and rigorous biophysical assays to decipher the protective mechanism. The ethanol extract of A. capillaris was chemically characterized using UPLC-LTQ-Orbitrap MS. An APAP-induced acute liver injury model in C57BL/6 mice and primary mouse hepatocytes were employed. Transcriptomics (RNA-seq) was utilized to identify key signaling pathways. The direct physical interaction between the active compound and its target was validated using Microscale Thermophoresis (MST), Cellular Thermal Shift Assay (CETSA), Drug Affinity Responsive Target Stability (DARTS), and molecular dynamics (MD) simulations. Functional validation was performed using gene overexpression and specific inhibitors. RESULTS: ACE pretreatment significantly attenuated APAP-induced liver injury, inflammation, and oxidative stress in mice. Transcriptomic profiling identified ferroptosis as a primary target pathway. Through chemical screening, we identified Capillarisin as the key bioactive coumarin responsible for this effect. Capillarisin treatment effectively suppressed lipid peroxidation, iron overload, and the expression of ferroptotic markers (COX2, ACSL4) while restoring GPX4 levels both in vivo and in vitro. Mechanistically, we demonstrated that Capillarisin acts as a direct inhibitor of Glycogen Synthase Kinase 3β (GSK3β). Capillarisin binds stably to the ATP-binding pocket of GSK3β (Kd = 0.87 µM), thereby inhibiting its kinase activity. This inhibition blocks the phosphorylation-dependent degradation of Nrf2, promoting its nuclear translocation and the subsequent transcriptional activation of anti-ferroptotic genes (Gpx4, Slc7a11). Overexpression of GSK3β or pharmacological inhibition of Nrf2 abolished the protective effects of Capillarisin. CONCLUSION: Our study reveals a novel mechanism whereby Capillarisin alleviates APAP-induced hepatotoxicity by directly targeting GSK3β to activate the Nrf2-mediated anti-ferroptosis defense. These findings provide a rigorous scientific basis for the ethnopharmacological use of Artemisia capillaris and highlight Capillarisin as a promising lead candidate for targeting GSK3β in the treatment of drug-induced liver injury.
Q3_target_validation	46	42435524	2026	A	Contains direct engagement or target-specific functional evidence.		binding_engagement;docking_only;generic_experiment;method_weak;network_pharmacology	Shiyiwei Shenqi Pian-derived quercetin reactivates apoptosis in clear cell renal cell carcinoma by destabilizing survivin and x-linked inhibitor of apoptosis protein.	BACKGROUND: Clear cell renal cell carcinoma (ccRCC) strongly resists apoptosis via baculoviral inhibitor of apoptosis repeat-containing 5 (BIRC5) and X-linked inhibitor of apoptosis protein (XIAP). Meanwhile, the specific anti-ccRCC mechanisms of the pro-apoptotic herbal mixture Shiyiwei Shenqi Pian (SSP) remain undefined. PURPOSE: To systematically discover the key bioactive compound within SSP and characterize its precise mechanism of action in uncoupling the oncogenic BIRC5-XIAP complex. STUDY DESIGN: An advanced integrative strategy combining network pharmacology, transcriptomic profiling, machine-learning, and structural dynamic simulations was utilized to screen and predict therapeutic targets. The in silico findings were then rigorously and sequentially validated across multiple experimental platforms, progressing from in vitro cell models to in vivo CDX and PDX settings. METHODS: A multi-omics framework was applied to investigate the mechanisms of SSP in ccRCC. Active compounds and disease-related targets were identified through database mining and UPLC-Q-TOF-MS profiling, followed by machine-learning-based prioritization. Molecular interactions were analyzed using docking, molecular dynamics simulations, and single-cell transcriptomics. Protein interactions and stability were validated by co-immunoprecipitation (Co-IP), microscale thermophoresis (MST), cycloheximide (CHX)-chase, and ubiquitination assays. Cellular effects were assessed by proliferation and apoptosis assays, while in vivo efficacy was evaluated using CDX and PDX models. RESULTS: Shared SSP-ccRCC targets were enriched in apoptosis-related pathways, and intact SSP extract suppressed ccRCC cell proliferation and clonogenic growth in vitro. Multi-cohort machine-learning modeling identified BIRC5 as a key prognostic target. Among the major SSP-derived compounds, quercetin showed favorable binding to BIRC5 and XIAP and was selected for mechanistic validation. Single-cell and bulk transcriptomic analyses confirmed co-enrichment and positive correlation of BIRC5 and XIAP in ccRCC. Mechanistically, quercetin disrupted the BIRC5-XIAP complex, weakened their direct protein interaction, and accelerated ubiquitin-mediated degradation of both proteins. This process restored caspase activation and induced caspase-dependent apoptosis, leading to reduced cell proliferation and colony formation. In CDX and PDX models, quercetin suppressed tumor growth and reduced BIRC5/XIAP pathway activity. CONCLUSION: Quercetin was identified as a major mechanistically validated active constituent of SSP. It suppresses ccRCC growth by destabilizing the BIRC5-XIAP anti-apoptotic complex and reactivating caspase-dependent apoptosis, supporting its potential as a therapeutic lead for ccRCC.
Q3_target_validation	47	42431107	2026	A	Contains direct engagement or target-specific functional evidence.		binding_engagement;context;docking_only;functional_mediation;network_pharmacology	Si-Miao-Yong-An Decoction ameliorates deep vein thrombosis by suppressing NAT10-mediated ac4C modification of HMOX1 mRNA.	BACKGROUND: Deep vein thrombosis (DVT) is a common and clinically significant vascular disorder characterized by abnormal thrombus formation in the peripheral venous system. Si-Miao-Yong-An Decoction (SMYAD), a classic traditional Chinese medicine formula with heat-clearing and detoxifying properties, has been widely used in clinical treatment of DVT, yet its precise molecular mechanisms remain unclear. PURPOSE: To demonstrate that SMYAD alleviates DVT by suppressing vascular endothelial ferroptosis via regulation of N-acetyltransferase 10 (NAT10) mediated N4-acetylcytidine (ac4C) modification. METHODS: The therapeutic efficacy of SMYAD was evaluated by Murine Doppler Ultrasound, hematoxylin and eosin staining, as well as analyses of ferroptosis indicators and inflammatory factors. To elucidate the regulatory mechanism of SMYAD on NAT10, we performed ultra-high performance liquid chromatography-tandem mass spectrometry, network pharmacology analysis, cellular thermal shift assay, molecular docking and surface plasmon resonance analysis. Furthermore, various assays were performed to evaluate ferroptosis-related parameters, including cellular iron content, lipid reactive oxygen species levels, ac4C dot blotting, qRT-PCR, and western blotting. RESULTS: After treatment with SMYAD, ac4C modification and NAT10 mRNA and protein levels in vascular tissues were significantly reduced. Containing serum of SMYAD could inhibit the mRNA and protein levels of NAT10, thereby reducing the mRNA and protein levels of Heme oxygenase 1 (HMOX1), and effectively alleviate ferroptosis. The research further confirmed that endothelial-specific knockout of NAT10 mimicked the protective effects of SMYAD. In addition, we identified kaempferol and calycosin as the bioactive constituents of SMYAD, which bind synergistically to NAT10 and downregulate ac4C modification of HMOX1. CONCLUSION: This finding reveals a novel mechanism by which SMYAD exerts anti-thrombotic effects, offering a scientific rationale for its clinical application and demonstrating its therapeutic potential in targeting NAT10-regulated ac4C modification of HMOX1 against DVT.
Q3_target_validation	48	42425258	2026	A	Contains direct engagement or target-specific functional evidence.		docking_only;functional_mediation;network_pharmacology	Quercetin restores oocyte maturation and embryo development in DEHP-exposed mice via mitochondrial protection and apoptosis inhibition.	Di(2-ethylhexyl) phthalate (DEHP) is a ubiquitous environmental endocrine-disrupting chemical known to impair female reproductive function. However, effective mitigation strategies and their underlying molecular mechanisms remain incompletely understood. Quercetin (QUE), a natural flavonoid with potent antioxidant and anti-apoptotic properties, represents a promising therapeutic candidate. In this study, we established a mouse model to evaluate the protective efficacy of QUE against DEHP-induced oocyte toxicity. Female ICR mice were treated with DEHP (500 mg/kg/day) with or without QUE (100 mg/kg/day) for 45 days. QUE co-treatment significantly alleviated DEHP-induced estrous cycle disruption, restored the ovarian reserve, and enhanced both nuclear and cytoplasmic oocyte maturation. Mechanistically, integrated network pharmacology and molecular docking analyses identified NRF2 and SIRT1 as key targets of QUE. Western blot validation confirmed that QUE reversed the DEHP-induced downregulation of NRF2 and normalized the compensatory overexpression of SIRT1. Functionally, QUE mitigated DEHP-triggered mitochondrial dysfunction, including aberrant clustering and loss of membrane potential, and suppressed the Bax/Caspase-dependent apoptotic pathway by downregulating Bax, Caspase-3, and Caspase-9 while upregulating Bcl-2. These protective effects ultimately led to improved preimplantation embryo development, reduced blastocyst apoptosis, normalized litter size, and prevention of abnormal postnatal catch-up growth trajectories in offspring. Collectively, our findings demonstrate that QUE counteracts DEHP-induced reproductive toxicity by preserving mitochondrial integrity and inhibiting apoptotic signaling via modulation of the SIRT1/NRF2 axis, providing a strong mechanistic foundation for dietary interventions against phthalate-associated female subfertility.
Q3_target_validation	49	42385431	2026	A	Contains direct engagement or target-specific functional evidence.		binding_engagement;docking_only;functional_mediation;generic_experiment;network_pharmacology	Shemazhichuan liquid alleviates airway remodeling by modulating mitochondrial dysfunction via the EIF4E/HIF-1α/ROS pathway.	BACKGROUND: Airway remodeling is a pivotal pathological driver of asthma progression. Shemazhichuan Liquid (SMZCL), a traditional Chinese herbal formulation, has demonstrated clinical efficacy against asthma, but its underlying molecular mechanisms, particularly regarding airway remodeling, remain to be fully elucidated. PURPOSE: This study aimed to evaluate the therapeutic effects of SMZCL on airway remodeling in asthma and to elucidate the potential molecular mechanisms involved. METHODS: A house dust mite (HDM)-induced asthma mouse model and an epithelial-mesenchymal transition (EMT) cell model were used to evaluate the effects of SMZCL. Histological, biochemical and molecular analyses were performed to assess airway inflammation and remodeling. The chemical constituents of SMZCL were characterized by UHPLC-MS/MS, while network pharmacology and bioinformatics were used to predict key targets and pathways, which were further validated in vivo and in vitro. The functional role of EIF4E was further investigated using AAV-mediated shRNA knockdown in mouse lungs. RESULTS: SMZCL alleviated key asthmatic hallmarks, including inflammatory cell infiltration, mucus secretion, and collagen deposition. It also reduced serum IgE levels, pulmonary cytokine/chemokine profiles, and leukocyte counts in bronchoalveolar lavage fluid (BALF), alongside decreasing airway resistance (RI) and improving lung compliance (Cdyn). Furthermore, SMZCL effectively suppressed the EMT process. A total of 162 chemical constituents were identified, and the key targets were predominantly enriched in mitochondrial, oxidative stress and the HIF-1α signaling pathway, with EIF4E emerging as a top candidate. Molecular docking and surface plasmon resonance (SPR) confirmed a strong binding affinity between EIF4E and two SMZCL-derived compounds, irisflorentin and irigenin. Functional studies further demonstrated that SMZCL mitigated mitochondrial structural damage, enhanced ATP content, mtDNA copy number, and mitochondrial membrane potential, thereby ameliorating mitochondrial dysfunction. In addition, SMZCL reduced oxidative stress by reducing EIF4E/HIF-1α/ROS signaling cascade (evidenced by decreased p-EIF4E, HIF-1α, ROS, p-p65, p-IκBα, IL-6, and TNF-α), leading to reduced levels of 8-OHdG and MDA, while increasing SOD and GPx activity. Notably, AAV-mediated EIF4E silencing mimicked the protective effects of SMZCL by inhibiting the EIF4E/HIF-1α/ROS signaling axis, thereby restoring mitochondrial dysfunction, suppressing oxidative stress and EMT progression to attenuate airway remodeling. CONCLUSION: SMZCL attenuates airway remodeling in asthma by suppressing EMT, a process mediated through the inhibition of the EIF4E/HIF-1α/ROS signaling axis, thereby improving mitochondrial dysfunction and reducing oxidative stress. These findings position SMZCL as a promising therapeutic candidate for asthma airway remodeling.
Q3_target_validation	50	42385430	2026	A	Contains direct engagement or target-specific functional evidence.		functional_mediation;generic_experiment;network_pharmacology	Bushen Huoxue Decoction alleviates osteoporosis by promoting the osteogenic differentiation of BMSCs by targeting the OTUD5/PDCD5/p53 signaling pathway.	BACKGROUND: A decline in the osteogenic differentiation capacity of bone marrow mesenchymal stem cells (BMSCs) constitutes a central event in the disruption of bone homeostasis in osteoporosis (OP). Bushen Huoxue Decoction (BSHXD), a traditional Chinese medicinal formula, has demonstrated clinical efficacy; however, its specific therapeutic effects and underlying mechanisms in the treatment of OP remain to be fully elucidated. PURPOSE: This work aimed to elucidate the mechanisms by which BSHXD mitigates OP and to explore its therapeutic potential. METHODS: First, the bioactive constituents of BSHXD were identified using LC-MS/MS analysis. In vivo, the effects of BSHXD on bone mineral density and microarchitecture were evaluated in an ovariectomized (OVX) mouse model through micro-CT, H&E staining, and IHC analysis. In vitro, the pro-osteogenic effects of BSHXD on the differentiation of BMSCs into osteoblasts were assessed using ALP staining, Alizarin Red S staining, Western blotting, and RT-qPCR. Furthermore, to elucidate the underlying mechanisms by which BSHXD regulates osteogenic differentiation of BMSCs, proteomic sequencing, protein co-expression network analysis, network pharmacology, Co-IP, and lentiviral-mediated overexpression assays were performed. RESULTS: In vivo experiments demonstrated that medium- and high-dose BSHXD significantly increased bone mineral density in OVX mice, enhanced bone formation, and attenuated OVX-induced bone loss. In vitro, BSHXD treatment markedly promoted the osteogenic differentiation capacity of BMSCs. Proteomic analysis coupled with protein co-expression network analysis indicated that OTUD5 may represent a key therapeutic target in OP. Mechanistically, at the protein level, BSHXD downregulated OTUD5 expression and facilitated the ubiquitin-dependent degradation of PDCD5, thereby suppressing p53 activation and upregulating osteogenesis-related genes, ultimately enhancing the osteogenic differentiation of BMSCs. Notably, OTUD5 overexpression abrogated the therapeutic effects of BSHXD. CONCLUSION: Collectively, BSHXD exerts a promoting action on BMSCs osteogenic differentiation via the OTUD5/PDCD5/p53 signaling pathway, thereby alleviating osteoporotic bone metabolic imbalance. These observations highlight the therapeutic potential of targeting BMSCs for OP treatment and provide mechanistic evidence supporting the use of BSHXD in the prevention and management of OP.
Q3_target_validation	51	42372601	2026	A	Contains direct engagement or target-specific functional evidence.		functional_mediation;generic_experiment;network_pharmacology	Elucidating the NETs-BNIP3-pyroptosis axis in cerebral ischemia-reperfusion injury and the intervention of Bu Yang Huan Wu decoction.	BACKGROUND: Cerebral ischemia‑reperfusion injury (CIRI) leads to poor stroke outcomes, partly due to sustained endothelial damage triggered by neutrophil extracellular traps (NETs) during the subacute phase. However, the exact downstream pathways through which NETs drive endothelial cell death, and whether Buyang Huanwu Decoction (BHD) intervenes in this process, remain unclear. OBJECTIVE: To investigate how NETs induce endothelial injury in CIRI and to evaluate the protective effects of BHD. METHODS: Chemical profiling of BHD aqueous extract and BHD‑containing serum was performed by UHPLC‑HRMS. A rat transient middle cerebral artery occlusion (tMCAO) model and an in vitro model of primary brain microvascular endothelial cells (BMECs) subjected to oxygen‑glucose deprivation/reperfusion (OGD/R) together with isolated NETs were used. Network pharmacology and transcriptomics were applied to predict key targets. NET formation was dynamically monitored. Functional experiments included a pyroptosis inhibitor, mitophagy modulators, BHD, and lentivirus‑mediated BNIP3 knockdown/overexpression. RESULTS: Absorbable components of BHD included calycosin‑7‑O‑β‑D‑glucoside, hydroxysafflor yellow A, and paeoniflorin. BHD improved neurological deficits, reduced infarct volume, and preserved blood‑brain barrier integrity in tMCAO rats. NETs peaked on day 3 after reperfusion and were suppressed by BHD. Mechanistically, NETs synergized with OGD/R to overactivate BNIP3, leading to dysregulated mitophagic flux and subsequent NLRP3/caspase‑1/GSDMD‑mediated endothelial pyroptosis. BNIP3 knockdown attenuated this cascade, whereas BNIP3 overexpression mimicked the damaging effects. BHD inhibited this NETs‑BNIP3‑pyroptosis cascade. In parallel, BHD partially restored mitochondrial dynamics (p‑DRP1, FIS1, MFN1) and promoted mitochondrial biogenesis (PGC‑1α, SIRT1, TFAM), consistent with its multi‑target regulation of mitochondrial quality control. Furthermore, under BNIP3 overexpression, BHD still reduced mitophagy and pyroptosis markers, indicating BNIP3‑independent protective effects. CONCLUSION: These findings suggest that in CIRI, delayed NET formation overactivates BNIP3‑driven mitophagy and triggers endothelial pyroptosis. BHD exerts neurovascular protection by interfering with this NETs‑BNIP3‑pyroptosis axis while also improving mitochondrial dynamics and biogenesis as parallel protective mechanisms. This study provides experimental evidence for the pathogenic role of NETs and the multi‑target action of BHD in CIRI.
Q3_target_validation	52	42372598	2026	A	Contains direct engagement or target-specific functional evidence.		binding_engagement;docking_only;generic_experiment;network_pharmacology	Ginsenoside F1 as a novel hepatic β3-adrenergic receptor agonist for microbiota-independent cholesterol clearance.	BACKGROUND: Hypercholesterolemia remains a major modifiable risk factor for cardiovascular diseases, calling for innovative strategies to enhance cholesterol clearance beyond conventional approaches. Ginsenoside F1 (GF1), a highly bioavailable ginseng metabolite, shows various pharmacological activities, but its cholesterol-lowering potential remains unclear. METHODS: The target of GF1 was identified via cellular thermal shift assay, molecular docking, and RNA interference. Downstream signaling cascade was mapped using network pharmacology and inhibitor assays. Quantitative proteomics revealed the pathways by which GF1 regulates cholesterol metabolism, validated both in vitro and in vivo. Finally, the oral bioavailability of GF1 was assessed using pseudo germ-free mice model and liver high-performance liquid chromatography analysis. RESULTS: Our findings revealed that GF1 directly targeted the hepatic β3-adrenergic receptor (β3-AR) to activate the cAMP/PKA pathway, thereby upregulating SCP2 and CYP7A1 to promote bile acid synthesis and increasing ABCG5/G8 to drive cholesterol excretion. In hypercholesterolemic mice, GF1 demonstrated superior cholesterol-lowering efficacy compared to simvastatin. This effect persisted in germ-free mice, confirming GF1's direct hepatic mechanism of action independent of the gut microbiota following oral administration. CONCLUSIONS: In this study, we demonstrate that GF1 acts as a potent and selective agonist of β3-AR, promoting cholesterol clearance via a gut microbiota-independent mechanism. These findings provide a molecular basis for the potential application of GF1 in the prevention and treatment of hypercholesterolemia.
Q3_target_validation	53	42370393	2026	B	Contains experiments, but target mediation is not clear from the abstract.	predicted_ADME_or_PK_mimics_measured_exposure;generic_in_vivo_in_vitro_or_validation_without_target_test;docking_or_MD_misread_as_empirical_validation	docking_only;generic_experiment;method_strong;network_pharmacology;predicted_exposure	Integrated Bioinformatics and Molecular Docking Analysis Reveals Potential Mechanisms of Coptidis Rhizoma in Intervertebral Disc Degeneration.	Intervertebral disc degeneration (IVDD) is a major contributor to chronic low back pain and involves extracellular matrix degradation, inflammation, oxidative stress, and immune cell infiltration. This study integrated transcriptomic analysis, network pharmacology, molecular docking, molecular dynamics (MD) simulation, and ADMET prediction to explore potential mechanisms of Coptidis rhizoma (CR) in IVDD. Bioactive CR compounds and predicted targets were identified from TCMSP, SwissADME, and SwissTargetPrediction, and IVDD-related differentially expressed genes were obtained from two GEO datasets after normalization and batch-effect correction. Thirty-six overlapping genes were identified, and network analysis prioritized CCR1, CXCR2, ICAM1, TNF, STAT3, MPO, and MMP9 as core targets. Enrichment analyses highlighted chemokine signaling, cytokine-cytokine receptor interaction, leukocyte transendothelial migration, TNF signaling, IL-17 signaling, and NF-κB signaling. Docking and benchmark analyses indicated favorable predicted binding of Obacunone-CCR1 and Quercetin-MMP9, while 100-ns MD simulation supported the stability of the Obacunone-CCR1 complex. These findings suggest that CR may modulate chemokine-driven immune recruitment and downstream inflammatory-catabolic processes in IVDD, providing a hypothesis-generating basis for experimental validation.
Q3_target_validation	54	42361759	2026	A	Contains direct engagement or target-specific functional evidence.		binding_engagement;context;generic_experiment;network_pharmacology	Natural small molecule evodiamine alleviates liver fibrosis by targeting the ANXA2-p110α axis in hepatic stellate cells.	BACKGROUND: Liver fibrosis is a common consequence of chronic liver injury, whereas pharmacological interventions that directly impede fibrogenesis remain limited. PURPOSE: This study aimed to screen natural compounds that inhibit hepatic stellate cell (HSC) activation from clinically effective antifibrotic traditional Chinese medicine (TCM) formulas and to elucidate the underlying mechanisms. STUDY DESIGN AND METHODS: Using network pharmacology integrated with a TGF-β1-induced HSC activation model to screen natural small molecules, followed by in vivo validation in CCl₄-, DDC-, and HFD+CCl₄-induced mouse fibrosis models. Direct target identification and mechanistic analyses were conducted by drug affinity responsive target stability (DARTS), biolayer interferometry (BLI) and RNA sequencing. RESULTS: Among 23 prioritized candidates, evodiamine (EVO) significantly suppressed HSC activation and proliferation in human LX-2 and rat HSC-T6 cells. In three mouse models, EVO (50 mg/kg) markedly improved liver function and fibrotic pathology without inducing overt toxicity. Annexin A2 (ANXA2) was identified as a direct binding target of EVO, and was enriched in activated HSCs and upregulated in fibrotic mouse livers and human fibrotic specimens. Mechanistically, EVO bound to ANXA2 at a site involving Ser22 and Val27, and promoted NEDD4L-mediated K48-linked ubiquitination and degradation of ANXA2. Furthermore, EVO disrupted the interaction between ANXA2 and the PI3K catalytic subunit p110α, resulting in the suppression of PI3K-AKT signaling in HSCs. CONCLUSION: These findings identified EVO as an active antifibrotic compound and uncovered a previously unrecognized mechanism whereby EVO targets the ANXA2-p110α axis in HSCs to alleviate liver fibrosis.
Q3_target_validation	55	42341522	2026	A	Contains direct engagement or target-specific functional evidence.		context;functional_mediation;generic_experiment;network_pharmacology	Huang-Lian-Jie-Du Decoction alleviates cognitive deficits in Alzheimer's disease via aromatase-mediated regulation of Aβ metabolism.	BACKGROUND: Alzheimer's disease (AD) is a progressive neurodegenerative disorder characterized by cognitive decline and pathological accumulation of amyloid-β (Aβ). Hippocampal aromatase (AROM), a key enzyme for local estrogen biosynthesis, has emerged as an important regulator of Aβ metabolism. Huang-Lian-Jie-Du Decoction (HLJD), a classical traditional Chinese medicine formula, has shown therapeutic potential in AD; however, its molecular mechanism remains largely unclear. METHODS: The effects of HLJD on cognitive function and Aβ metabolism were evaluated in APP/PS1 transgenic mice and Aβ1-42-induced HT22 cells. Behavioral performance was assessed using the Morris water maze. Aβ burden and the expression of Aβ-related metabolic enzymes (BACE1, IDE, and NEP) were analyzed by western blotting, qRT-PCR, and immunofluorescence. Network pharmacology was applied to predict potential targets and pathways of HLJD. Gain and loss of function experiments targeting AROM were performed to determine its mechanistic involvement. RESULTS: HLJD significantly improved learning and memory deficits and reduced hippocampal Aβ accumulation in APP/PS1 mice without altering APP expression. In both in vivo and in vitro models, HLJD significantly upregulated AROM expression. HLJD suppressed Aβ production by downregulating BACE1 while enhancing Aβ degradation through upregulation of IDE and NEP. Importantly, AROM knockdown largely abolished the regulatory effects of HLJD on Aβ metabolism, whereas AROM overexpression reproduced its protective actions. CONCLUSION: These findings demonstrate that HLJD alleviates cognitive impairment in AD models by activating hippocampal aromatase and restoring Aβ homeostasis through coordinated regulation of Aβ production and degradation. This study identifies AROM as a critical mediator of HLJD's neuroprotective effects and highlights AROM-dependent modulation of local estrogen synthesis as a promising therapeutic strategy for Alzheimer's disease.
Q3_target_validation	56	42336299	2026	A	Contains direct engagement or target-specific functional evidence.		binding_engagement;docking_only;functional_mediation;generic_experiment;network_pharmacology	Salidroside suppresses hypoxia-induced ocular angiogenesis by modulating the acetylation of PFKFB3 protein in endothelial cells and regulating glycolytic activity.	BACKGROUND: Pathological ocular angiogenesis represents a leading cause of severe vision impairment, predominantly mediated by hypoxia-induced activation of endothelial glycolysis. Salidroside, the principal bioactive constituent of Rhodiola rosea, has exhibited protective effects in multiple retinal disorders; however, its direct regulatory role in glycolytic metabolism remains poorly understood. This study investigates whether salidroside exerts anti-angiogenic effects through targeting PFKFB3, a key regulator of glycolysis. METHODS: Potential molecular targets were identified via network pharmacology analysis, followed by experimental validation of the interaction between salidroside and PFKFB3 using molecular docking and cellular thermal shift assay (CETSA). In vivo therapeutic efficacy was assessed in an oxygen-induced retinopathy (OIR) mouse model, with evaluation of retinal neovascularization, glycolytic activity, and post-translational modifications of PFKFB3. In vitro studies employed hypoxic human umbilical vein endothelial cells (HUVECs) to elucidate underlying mechanisms through functional assays and metabolic profiling. PFKFB3 overexpression and pharmacological inhibition of deacetylases were performed to confirm target specificity. RESULTS: Network pharmacology analysis highlighted PFKFB3 as a central intersecting target with high binding affinity for salidroside, which was subsequently confirmed experimentally. In OIR mice, salidroside treatment significantly reduced pathological retinal neovascularization, suppressed glycolytic activation, and attenuated PFKFB3 acetylation, phosphorylation at serine 461 (S461), and cytosolic translocation. In vitro, salidroside ameliorated hypoxia-induced endothelial dysfunction and inhibited glycolytic flux-effects that were reversed upon PFKFB3 overexpression. Significantly, concurrent administration of the deacetylase inhibitor nicotinamide (NAM) effectively nullified the effects of salidroside, which is associated with the inhibition of PFKFB3 modifications and glycolytic activity. CONCLUSIONS: Salidroside directly binds to PFKFB3 and promotes its deacetylation, thereby inhibiting downstream phosphorylation, cytosolic translocation, and glycolytic activation in hypoxic endothelial cells. This mechanistic pathway underlies the anti-angiogenic effect of salidroside in the OIR model, supporting its potential as a promising therapeutic agent for neovascular ocular diseases.
Q3_target_validation	57	42336298	2026	A	Contains direct engagement or target-specific functional evidence.		binding_engagement;docking_only;generic_experiment;network_pharmacology	Asiaticoside alleviates metabolic associated fatty liver disease via PI3K/AKT/mTOR signaling pathway.	Metabolic associated fatty liver disease (MAFLD) is a prevalent metabolic disorder worldwide, for which effective therapeutic options remain limited. Asiaticoside, a major bioactive compound derived from Centella asiatica, possesses anti-inflammatory and antioxidant properties; however, its role and underlying mechanisms in MAFLD remain incompletely understood. In the present study, the therapeutic effects and molecular mechanisms of asiaticoside were investigated using both in vivo and in vitro MAFLD models. MAFLD was induced in mice by a high-fat high-cholesterol diet, while palmitic acid-treated AML12 hepatocytes were used to establish an in vitro lipid metabolism disorder model. Asiaticoside treatment markedly alleviated hepatic injury, lipid accumulation, steatosis, and inflammation in vivo, and reduced lipid droplet accumulation, mitochondrial oxidative stress, and inflammatory responses in vitro. Target prediction approaches, including network pharmacology analysis, molecular docking, and cellular thermal shift assay, identified AKT as a key target, which was further validated by molecular experiments. Mechanistically, asiaticoside improved lipid metabolic homeostasis and attenuated mitochondrial dysfunction and inflammation primarily by inhibiting aberrant activation of the PI3K/AKT/mTOR signaling pathway. Collectively, these findings demonstrate that asiaticoside exerts protective effects against MAFLD and highlight its potential as a nutritional regulator for MAFLD prevention and treatment.
Q3_target_validation	58	42235648	2026	A	Contains direct engagement or target-specific functional evidence.		docking_only;functional_mediation;generic_experiment;network_pharmacology	EGFR suppression mediates aurantio-obtusin-induced autophagy-dependent ferroptosis in breast cancer cells.	Emerging evidence suggests that triggering ferroptosis could be a promising approach for combating breast cancer. Here, we investigated the role of aurantio-obtusin (AO), a key bioactive compound sourced from Cassiae semen, in the treatment of breast cancer. Cell viability and death were determined via a CCK-8 assay and propidium iodide (PI) staining. Ferroptosis was determined by the levels of Fe2+, lipid ROS, and GSH. Autophagy was assessed by immunofluorescence staining. An MDA-MB-231 cell transplantation tumor model was established in vivo. AO inhibited breast cancer cell growth in a concentration-dependent manner while promoting cell death. Ferroptotic changes, including blockage of the GSH-GPX4 antioxidation system, massive iron release, and lipid ROS accumulation, were evident in AO-treated breast cancer cells. Antioxidant N-acetylcysteine (NAC) treatment markedly restored GSH content and suppressed lipid ROS overproduction to relieve AO-triggered ferroptosis. The introduction of the iron scavenger deferoxamine or the ferroptosis inhibitor ferrostatin-1 weakened AO-induced ferroptosis in breast cancer cells. Moreover, AO treatment promoted autophagosome formation in breast cancer cells via the mTOR-ULK1 pathway. AO-induced autophagy and ferroptosis were both reversed by Atg7 knockdown or mTOR activator MHY1485 treatment. Network pharmacology and molecular docking investigations suggested that EGFR was a potential target of AO in breast cancer and that its protein expression was suppressed by AO. Selective EGFR inhibitor gefitinib exacerbated AO-mediated ferroptosis and autophagy, while genetic overexpression of EGFR completely reversed these AO-mediated phenotypes. In vivo assays confirmed the antitumor effects of AO. Our study revealed that AO facilitated autophagy-dependent ferroptosis in breast cancer cells through the downregulation of EGFR. This work provides a new perspective on the antitumor activity of AO, which is valuable for further investigations of the practical application of AO in breast cancer.
Q3_target_validation	59	42190415	2026	A	Contains direct engagement or target-specific functional evidence.		binding_engagement;context;docking_only;functional_mediation;generic_experiment;network_pharmacology	Ginsenoside Rh2 inhibits epithelial-mesenchymal transition in triple-negative breast cancer cell via disrupting the HIF-1α/YAP nuclear translocation axis.	Ginsenoside Rh2 (G-Rh2) is a primary bioactive constituent of ginseng (Panax ginseng C.A. Meyer), has been demonstrated to possess anti-tumor potential. However, its specific inhibitory effects on triple-negative breast cancer (TNBC) and the associated molecular mechanisms have not been fully elucidated. The hypoxic microenvironment is a key factor driving TNBC malignancy and dissemination, often leading to enhanced tumor invasiveness and increased metastatic risk. This study aimed to evaluate the inhibitory effects of G-Rh2 on TNBC cells and tumor growth and to identify the key molecular mechanisms responsible. This study integrated multiple experimental techniques, including western blot, immunofluorescence, histopathological staining, co-immunoprecipitation, cellular thermal shift assay, cell scratch assay, and molecular docking. Additionally, network pharmacology, hypoxia inducible factor 1α (HIF-1α) overexpression validation, and HIF-1α small interfering RNA (si-RNA)-mediated knockdown were combined to systematically dissect its key regulatory pathways. G-Rh2 was shown to suppress the growth of breast tumors in mice and concurrently induce apoptosis in TNBC cells. The underlying mechanisms involved downregulation of HIF-1α expression, activation of the Hippo pathway to suppress cell migration and invasion, and intervention in the HIF-1α/YAP nuclear translocation axis, thereby inhibiting epithelial mesenchymal transition (EMT). This study systematically revealed the inhibitory effect of G-Rh2 on TNBC through in vivo and in vitro models, providing new mechanistic evidence and theoretical support for natural product-based antitumor research.
Q3_target_validation	60	42162766	2026	A	Contains direct engagement or target-specific functional evidence.		binding_engagement;docking_only;generic_experiment;network_pharmacology	Naringenin modulate peroxisome proliferator-activated receptorα (PPARα) to ameliorate hepatic ferroptosis by restoring GPX4 during liver regeneration.	Liver regeneration is essential for recovery after major resection or acute injury, yet early regenerative failure remains common. Ferroptosis, an iron-dependent form of lipid peroxidation-driven cell death, impairs hepatocyte survival and may constrain regeneration. Naringenin (NAR), a citrus flavonoid with hepatoprotective activity, has been reported to modulate oxidative stress; however, whether it supports liver regeneration through ferroptosis modulation and which upstream targets are involved remains unclear. Here, hepatocyte models (AML12, Huh7, HepG2) and a murine 70% partial hepatectomy (PHx) model were used to investigate the involvement of PPARα signaling. Proliferation was assessed by CCK-8, EdU, and cell-cycle proteins. Ferroptosis-associated readouts (Fe2+, MDA, ROS, GSH) were measured following RSL3 exposure with or without NAR, ferrostatin-1, fenofibrate, or GW6471. Target identification involved network pharmacology, molecular docking, protease protection assay, and CETSA. In PHx mice, NAR was associated with improved liver regrowth (a 25% increase in LW/BW at 48 h), reduced ALT/AST (∼30-40%), increased proliferation markers, elevated GSH/CAT, and decreased Fe2+/MDA. In vitro, NAR increased GPX4/SLC7A11 expression and attenuated RSL3-induced ferroptosis-associated changes. These effects were mimicked by fenofibrate and attenuated by GW6471. NAR was associated with increased PPARα stability and expression. These findings suggest that NAR is associated with reduced ferroptosis and improved liver regeneration, potentially through modulation of PPARα-related signaling, warranting further validation.
Q3_target_validation	61	41985255	2026	A	Contains direct engagement or target-specific functional evidence.		binding_engagement;generic_experiment;network_pharmacology	Antiproliferative effects of pachymic acid on thyroid cancer cells and characterization of its metabolites.	Thyroid cancer (THCA) is the most prevalent endocrine malignancy, underscoring the need for novel therapies. Pachymic acid (PA), a key bioactive triterpenoid from P. cocos, possesses documented anticancer activity, yet its role in thyroid cancer is poorly understood. In this study, we evaluated PA's effects on THCA in vitro and in vivo. Our results revealed that PA potently suppressed THCA cell proliferation, migration and tumor growth. Metabolite profiling identified seven metabolites and their formation pathways. Network pharmacology predicted 147 therapeutic targets, primarily enriched in PI3K-AKT, MAPK, and EGFR signaling, and PA was shown to exhibit the strong and stable binding affinity with AKT, EGFR, HSP90AA1, which was functionally validated by Western blot showing inhibition of AKT (Ser473) and EGFR (Tyr1068) phosphorylation. Crucially, hydrolytic metabolites M4-M7 exhibited superior binding affinity to AKT and EGFR. In summary, PA inhibits thyroid cancer cell proliferation likely through blocking AKT and EGFR signaling, and its hydrolytic metabolites M4-M7 may mediate enhance antitumor activity via more potent target engagement.
Q3_target_validation	62	41782509	2026	A	Contains direct engagement or target-specific functional evidence.		docking_only;functional_mediation;generic_experiment;method_weak;network_pharmacology	Mechanism and experimental validation of a network pharmacology-based approach of Huoluo Yinao formula in treating chronic cerebral hypoperfusion.	Chronic cerebral hypoperfusion (CCH) is a cerebral dysfunction caused by insufficient cerebral perfusion, and Huoluo Yinao (HLYN) formula is a traditional Chinese medicinal formula used for CCH treatment. We investigated the specific mechanism of HLYN formula on CCH through network pharmacological analysis and in vivo experiments. The active ingredients and drug targets of HLYN formula obtained through network pharmacological analysis were subjected to molecular docking with disease targets of CCH. Wistar male rats (six weeks) were used to establish a CCH rat model by the two-vessel occlusion (2VO) method. The rats were treated with HLYN alone or in combination with the HSP90AA1 overexpression vector before behavior tests. The groups were as follows: Sham group, CCH group, CCH+HLYN group, CCH+HLYN+oe-NC group, and CCH+HLYN+oe-HSP90AA1 group, with six rats in each group. The hippocampal tissues were assessed after Hematoxylin and eosin (H&E) and Nissl stainings. Autophagosomes were observed using immunofluorescence and transmission electron microscopy. There were 83 active ingredients and 1339 potential pharmacological targets in HLYN formula, while 3175 genes were found associated with CCH. A total of 235 overlapped genes were obtained. Rats in the CCH+HLYN group showed shortened escaping latency, increased times in the target quadrant, and increased number of platform crossings, along with attenuated tissue injury, elevated Nissl-positive neurons and less apoptosis. In addition, inflammation and oxidative stress (OS) were decreased in the CCH+HLYN group, evidenced by reduced malondialdehyde (MDA), Tumor Necrosis Factor-alpha (TNF-α), Interleukin (IL)-6 and IL-1β, and increased superoxide dismutase (SOD), catalase (CAT), glutathione peroxidase (GSH-PX), and IL-10 expression. HLYN formula led to suppressed HSP90AA1 expression and autophagy, along with increased p-PI3K/p-AKT/p-mTOR protein expression. The phenotypes in the CCH+HLYN group can be reversed by further treatment with HSP90AA1 overexpression. HLYN formula can inhibit HSP90AA1 expression to inhibit autophagy, inflammation, and OS, which in turn contributes to attenuating cognitive impairment in CCH rats.
Q3_target_validation	63	42161053	2026	A	Contains direct engagement or target-specific functional evidence.		docking_only;functional_mediation;generic_experiment;network_pharmacology	Rb1 exerts anti-inflammatory effects and suppresses BoHV-1 replication by activating Caspase-3 and regulating the NF-κB signaling pathway.	BACKGROUND: Bovine herpesvirus type 1 (BoHV-1) is the pathogen causing infectious bovine rhinotracheitis (IBR), which induces severe respiratory and reproductive system lesions in cattle, resulting in intense inflammation and significant economic losses. Ginsenoside Rb1, as the main active component of ginseng, has significant anti-inflammatory activity and shows potential in immune regulation. However, it remains unclear whether Rb1 is involved in regulating the mechanism of BoHV-1-mediated inflammatory response. Based on this, this study hypothesizes that Rb1 exerts immunomodulatory and other effects during infection, which will be verified through in vitro and in vivo experiments. METHODS: Therefore, this study employs network pharmacology and GO/KEGG enrichment analysis to screen and identify disease-related targets and physiological processes associated with ginseng's active components. Molecular docking and CCK-8 assays determine the affinity and mode of action between key ginseng compounds and their targets. To verify the regulatory effects of key active substances on immune-related processes in infected cells as well as bovine and rabbit animal models through in vitro and in vivo experiments. RESULTS: This study identified active components of ginseng and targets associated with BoHV-1; analyzed core targets and related pathways; observed strong affinity between Rb1 and core targets; clarified BoHV-1's regulatory effects on core targets such as Caspase-3; Rb1 suppresses the upregulation of inflammatory mediators mediated by NF-κB overexpression by promoting Caspase-3 activation during the inflammatory peak, and enhances apoptosis (about 70%) to reduce viral titers (about 1 time). The therapeutic effects of Rb1 were also validated in in vivo experiments. CONCLUSION: Collectively, these findings indicate that Rb1 plays a crucial role in regulating the inflammatory response and viral replication during BoHV-1 infection, suggesting that Rb1 may represent a novel therapeutic approach for clinical applications involving BoHV-1.
Q3_target_validation	64	42069300	2026	A	Contains direct engagement or target-specific functional evidence.		binding_engagement;docking_only;functional_mediation;generic_experiment;network_pharmacology	Calycosin attenuates renal fibrosis by modulating lipid metabolism via the PCK1/TWIST1/CPT1α axis.	AIMS: Renal lipid metabolic dysregulation drives tubular injury and fibrosis in chronic kidney disease (CKD), yet endogenous targets governing tubular lipid homeostasis remain incompletely understood. This study aimed to elucidate how calycosin (CAL), an O-methylated isoflavone from Astragali Radix, corrects renal lipid metabolic dysregulation and attenuates fibrosis in CKD. MATERIALS AND METHODS: An adenine-induced CKD mouse model and TGF-β1-stimulated HK-2 cells were treated with CAL. Lipidomics and network pharmacology screened candidate targets. Surface plasmon resonance (SPR) and molecular dynamics simulations validated target binding. Adeno-associated virus (AAV)-mediated renal phosphoenolpyruvate carboxykinase 1 (PCK1) overexpression in vivo and lentiviral overexpression in vitro established the regulatory relationship. The PCK1 inhibitor 3-mercaptopicolinic acid served as reverse validation. KEY FINDINGS: CAL improved renal function, alleviated fibrosis, and reduced lipid deposition both in vivo and in vitro. Lipidomics revealed that CAL bidirectionally modulated renal lipid metabolism by suppressing glycerophospholipid, sphingolipid, and glycerolipid accumulation while restoring omega-3 PUFA-enriched lipids and decreasing lipid saturation. SPR confirmed direct binding of CAL to PCK1. Gain-of-function experiments demonstrated that PCK1 negatively regulates Twist family BHLH transcription factor 1 (TWIST1) in the kidney. Accordingly, CAL activated the PCK1/TWIST1/carnitine palmitoyltransferase 1 A (CPT1α) axis, restoring fatty acid oxidation and suppressing lipid uptake, thereby attenuating lipotoxicity-driven oxidative stress and tubular apoptosis. SIGNIFICANCE: This study identifies PCK1 as an endogenous binding target of CAL in the kidney and delineates the PCK1/TWIST1/CPT1α axis as the downstream signaling circuitry through which CAL corrects tubular lipid metabolic disorders and attenuates renal fibrosis, providing mechanistic rationale for targeted CKD therapy.
Q3_target_validation	65	42066824	2026	A	Contains direct engagement or target-specific functional evidence.		binding_engagement;context;docking_only;generic_experiment;network_pharmacology	Diosgenin alleviates hepatic fibrosis via PI3K/Akt/mTOR mediated fatty acid metabolic reprogramming and NF-κB activation.	ETHNOPHARMACOLOGICAL RELEVANCE: Dioscorea oppositifolia L., also called Shan Yao in traditional Chinese medicine, is widely used to treat diabetes, hyperthyroidism, and liver damage. Diosgenin (DIO), a natural steroidal sapogenin, found abundantly in Dioscorea oppositifolia L., has historically been used to treat liver disorders. AIM OF THE STUDY: This study aimed to investigate the effect of DIO against hepatic fibrosis and the underlying molecular mechanisms. MATERIALS AND METHODS: We utilized a CCl4-induced mouse model of hepatic fibrosis and TGF-β1-stimulated LX-2 human hepatic stellate cells (HSCs) to determine the anti-fibrotic effect of DIO. Network pharmacology, molecular docking, cellular thermal shift assay (CETSA), and Western blotting were employed to identify the targets and elucidate mechanisms. RESULTS: In vivo, DIO markedly improved CCl4-induced liver damage, collagen deposition and α-SMA expression, while reducing serum levels of ALT, AST, ALP, and hydroxyproline. In vitro, DIO suppressed TGF-β1-induced proliferation, activation, and fibrogenic gene expression in LX2 cells. Network pharmacology and molecular docking identified mTOR and PIK3CA as direct binding targets of DIO, which was further validated by cellular thermal shift assay (CETSA). Consistently, DIO blocked the PI3K/Akt/mTOR signaling cascade in activated HSCs, subsequently inhibiting NF-κB activation and attenuating IL6 and IL8 production. Notably, DIO counteracted TGF-β1-induced fatty acid uptake and de novo lipogenesis (DNL), as evidenced by BODIPY 500/510 C1, C12 and Nile red staining. This regulatory effect of DIO on metabolic reprogramming was attributed to the downregulation of CD36, SREBP1, FASN, SCD1, and CPT1A. Additionally, DIO reduced intracellular reactive oxygen species (ROS) accumulation in TGF-β1-activated HSCs. The anti-fibrotic and fatty acid metabolism-regulating effects of DIO were abrogated by the mTOR agonist MHY1485. CONCLUSION: DIO alleviates hepatic fibrosis by suppressing HSCs activation and modulating fatty acid metabolism through inhibiting the PI3K/Akt/mTOR pathway. Our results suggest that DIO is a promising natural candidate for the treatment of hepatic fibrosis.
Q3_target_validation	66	42000005	2026	A	Contains direct engagement or target-specific functional evidence.		binding_engagement;context;docking_only;functional_mediation;generic_experiment;network_pharmacology	Xin Jia congrong tusizi decoction reverses ferroptosis in granulosa cells to rescue ovarian function decline via p53/Nrf2/SLC7A11/GPX4 signaling pathway.	ETHNOPHARMACOLOGICAL RELEVANCE: Ovarian function decline (OFD) represents a principal contributor to infertility among women of reproductive age, yet no definitive therapy has been established. It has been suggested that ferroptosis exists in OFD. A traditional Chinese medicine formula called Xin Jia Congrong Tusizi Decoction (XJCTD) has shown potential in improving OFD. However, the mechanism remains unclear. AIM OF THE STUDY: This study aims to elucidate the protective effect of XJCTD on ovarian function in OFD and to clarify its underlying molecular mechanisms. MATERIALS AND METHODS: Triptolide (TP)-induced rat and COV434 cell models were established to evaluate XJCTD efficacy. The role of the p53-Nrf2 axis was interrogated using p53 overexpression plasmids, Nrf2 siRNA, and inhibitors Pifithrin-α. Ovarian pathological changes were assessed using H&E staining. The major compounds of XJCTD were identified by UPLC-Q-TOF-MSE analysis and network pharmacology analysis. Direct interactions between core compounds and p53 were validated using molecular docking, surface plasmon resonance (SPR); and the interaction between XJCTD and TP53 was confirmed by cellular thermal shift assay (CETSA). Expression of p53 and Nrf2 was analyzed by Western blot (WB) or immunofluorescence, and their physical interaction validated by co-immunoprecipitation. We evaluated the impact of XJCTD on ferroptosis-related markers in both ovarian tissues and COV434 cells, including Fe2+, MDA, ROS and GSH. Ferroptosis-related proteins were further examined by WB and immunohistochemistry. RESULTS: XJCTD significantly attenuated TP-induced ovarian injury and ferroptosis by suppressing Fe2+, lipid peroxidation, and ROS accumulation while restoring GSH levels. Furthermore, XJCTD facilitated p53 ubiquitination and degradation, consequently alleviating Nrf2 suppression to activate the SLC7A11/GPX4 pathway. Rescue experiments demonstrated that p53 overexpression or Nrf2 silencing reversed these protective benefits. SPR analysis confirmed direct binding between p53 and core XJCTD bioactive components, including Epimedin A, Isoquercitrin, and Isoacteoside. CONCLUSIONS: XJCTD functions as a suppressor of ferroptosis to protect ovarian function. The underlying mechanism involves the targeted degradation of p53, which alleviates the inhibition of Nrf2 nuclear accumulation and enhances the SLC7A11/GPX4 antioxidant defense system.
Q3_target_validation	67	42000002	2026	A	Contains direct engagement or target-specific functional evidence.		binding_engagement;context;docking_only;method_strong;method_weak;network_pharmacology	Multi-component, multi-target actions of Wuzi Yanzong Pill in male infertility: An evidence map linking clinical signals to mechanistic networks.	ETHNOPHARMACOLOGICAL RELEVANCE: Wuzi Yanzong Pill (WZYZP) is a classical Traditional Chinese Medicine (TCM) formula long used for male reproductive disorders, particularly oligoasthenozoospermia (OAT). However, current research is fragmented across formula-level trials, monomer pharmacology, and computational studies, accompanied by inconsistent clinical outcomes and limited translational frameworks. AIM OF THE STUDY: To construct an evidence map linking clinical signals of WZYZP in male infertility to convergent mechanistic networks and actionable research gaps. MATERIALS AND METHODS: ACS Publications, Web of Science, PubMed, Elsevier ScienceDirect, SpringerLink, and CNKI were searched from inception to December 2025. A PRISMA-informed screening workflow was applied for evidence mapping (no meta-analysis). Of 1140 records screened, 135 publications were retained: 64 WZYZP intervention studies (56 preclinical; 8 clinical) and 71 mechanistic publications, comprising published in silico analyses (e.g., network pharmacology and molecular docking/molecular dynamics simulations) and single-constituent studies relevant to WZYZP. RESULTS: Clinical studies frequently reported improvements in semen concentration, motility, morphology, and reproductive hormones, but were heterogeneous in formulation sources, diagnostic criteria, comparators, and endpoints. Preclinical interventions consistently indicated enhanced spermatogenesis and testicular function, with pathway convergence on redox and lipid-peroxidation control, mitochondrial bioenergetics, apoptosis modulation (Bcl-2/Bax-caspase axis), inflammatory signaling, blood-testis barrier (BTB) integrity, and hypothalamic-pituitary-gonadal (HPG)-axis/steroidogenesis support. In silico and monomer studies provided hypothesis-generating links between constituent classes and target engagement. CONCLUSIONS: The mapped evidence suggests that WZYZP may exert multi-component, multi-target effects for OAT, but translation requires formula standardization and quality control, exposure/PK-informed dosing, biomarker-guided target validation, and adequately powered registered trials with pregnancy/live-birth outcomes. Due to the limited number and variable quality of the included clinical trials, our findings should be interpreted with caution.
Q3_target_validation	68	41974236	2026	A	Contains direct engagement or target-specific functional evidence.		binding_engagement;context;docking_only;generic_experiment;measured_exposure;network_pharmacology	Integrating serum pharmacochemistry and network pharmacology to elucidate the bioactive constituents and pharmacological mechanisms of Simiao Yong'an decoction in amelioration of insulin resistance in type 2 diabetes mellitus via PI3K/AKT pathway.	ETHNOPHARMACOLOGICAL RELEVANCE: Simiao Yong'an Decoction (SMYAD) is a classic heat-clearing and detoxifying formula that has been applied for centuries in Traditional Chinese Medicine (TCM). It is clinically employed to treat type 2 diabetes mellitus (T2DM) and associated complications, yet its potential active components and pharmacological mechanism of action remain incompletely defined. OBJECTIVE: This study employed an integrated strategy combining serum pharmacochemistry and network pharmacology, with experimental validation in vivo, to systematically elucidate the potential active components of SMYAD and their mechanisms in ameliorating insulin resistance in T2DM. MATERIALS AND METHODS: The chemical constituents of SMYAD in vitro and its serum migrant components in both normal and T2DM model rats were identified by UPLC-Q-Exactive Orbitrap-MS/MS, with differences between the two groups compared. By focusing on the differential components, network pharmacology was employed to screen for core targets and key pathways. The pharmacodynamic effect of SMYAD alleviating T2DM was demonstrated by in vivo experiments. Furthermore, molecular docking and molecular dynamics (MD) simulations were employed to predict the interaction patterns between the pathologically specific serum migrant components of SMYAD and the key targets, with surface plasmon resonance (SPR) experiments confirming their binding affinities, thereby elucidating the pharmacodynamic basis at the molecular level. RESULTS: In the analysis of SMYAD's in vitro components, a total of 121 constituents were identified. In the serum migration study, 16 prototype components were detected in normal rats and 21 in T2DM model rats, with 14 components common to both groups. These shared components mainly included organic acids, terpenoids, glycosides, amino acids, and their derivatives. The two differential components in normal rats were identified as coumarin derivatives, while the seven differential components in T2DM model rats primarily consisted of flavonoids, terpenoids, and glycosides. Network pharmacology analysis identified 2191 diabetes-related targets, with degree-based screening yielding 32 key targets under physiological conditions and 46 under pathological conditions. GO and KEGG analyses suggested that the PI3K/AKT signaling pathway may play a key role in alleviating T2DM, and the prediction was subsequently validated in the T2DM rat. Molecular docking and MD studies revealed that Formononetin and Licorice saponin K2 exhibited strong binding affinity with AKT1, which was further confirmed by SPR results demonstrating effective interaction between these components and the target. CONCLUSION: Component analysis results indicated that the in vitro constituents of SMYAD were primarily flavonoids, organic acids, amino acids, and terpenoids. Serum pharmacochemistry findings revealed differences in the types of serum migrant components between normal rats and T2DM model rats. Under pathological conditions, the differential components were predominantly flavonoids, terpenoids, and glycosides. This suggests that the pathological state influences the absorption of these components, and that they may be the potential active components responsible for alleviating T2DM. Network pharmacology analysis combined with animal experiments verified that the PI3K/AKT pathway is the key signaling mechanism for ameliorating insulin resistance in T2DM.
Q3_target_validation	69	41967777	2026	A	Contains direct engagement or target-specific functional evidence.		context;functional_mediation;generic_experiment;method_weak;network_pharmacology	Wuling San ameliorates renal fibrosis through modulating S1PR2 activation and suppressing the RhoA/ROCK pathway in adenine-induced chronic kidney disease.	ETHNOPHARMACOLOGICAL RELEVANCE: Wuling San (WLS), a classical formula from Treatise on Febrile Diseases, has significant efficacy in ameliorating the clinical symptoms of chronic kidney disease (CKD) with fluid retention, yet its molecular mechanisms remain unclear. AIM OF THE STUDY: This study aimed to evaluate the anti-fibrotic effect and molecular mechanisms of WLS on CKD. MATERIALS AND METHODS: An adenine-induced CKD model was established to evaluate the effect of WLS. Nephroseq database analysis and the experiments in renal tubular specific conditional knockout of S1PR2 (S1PR2-CKO) mice were performed to explore the relationship between S1PR2 expression and renal fibrosis progression. Network pharmacology analysis predicted the potential molecular targets underlying the efficacy of WLS. Renal function and histopathological changes were examined. The expression of inflammatory factors and epithelial mesenchymal transition (EMT) related fibrosis markers were determined by qRT-PCR, immunohistochemistry, immunofluorescence, and Western blot. In vitro, TGF-β1 induced mRTECs were pretreated with the S1PR2 agonist CYM-5520 or antagonist JTE-013 to further investigate the mechanisms of WLS via S1PR2. RESULTS: WLS improved renal damages in Ade-induced CKD mice. Through network pharmacology, Nephroseq database analysis, and S1PR2-CKO mice studies, we found that S1PR2 not only is critically involved in renal fibrosis progression, but also is a potential therapeutic target of WLS. Both in vivo and vitro, WLS enhanced S1PR2, cAMP and E-cadherin expression, while suppressed RhoA, ROCK and Vimentin expression. These results confirmed that WLS ameliorates fibrosis by activating S1PR2 and inhibiting the RhoA/ROCK-mediated EMT process. CONCLUSION: WLS exerted the improvement on CKD via activating S1PR2 and regulating RhoA/ROCK pathway to inhibit EMT and against renal fibrosis. This study elucidates the therapeutic effect of WLS on CKD and its possible mechanism, and provides novel targets for the CKD treatment.
Q3_target_validation	70	42567984	2026	A	Contains direct engagement or target-specific functional evidence.		docking_only;functional_mediation;generic_experiment;network_pharmacology	Quercetin, an ingredient of Jiedu Xiaozheng Yin, alleviates hepatocellular carcinoma progression by regulating CYP1A2/PTEN/PI3K/Akt axis.	Hepatocellular carcinoma (HCC) has a poor prognosis and limited treatment options. This study investigated the role and mechanism of Jiedu Xiaozheng Yin (JXY) in HCC using network pharmacology and in vivo/in vitro experiments. Active components of JXY and their potential therapeutic targets for HCC were identified via network pharmacology. A protein-protein interaction (PPI) network was constructed to identify core targets, and bioinformatics analysis confirmed their association with HCC. LC-MS/MS was used to isolate major components, which were then subjected to molecular docking with core targets. The effects of JXY on HCC were further validated through in vivo and in vitro experiments. Analysis of 171 core target genes was performed using PPI network screening and enrichment analysis. Quercetin was identified as the primary active component of JXY. Molecular docking confirmed its interaction with CYP1A2, which is overexpressed in HCC tissues. In vivo, JXY and quercetin significantly increased CYP1A2 and PTEN expression, while decreasing p-PI3K and p-Akt levels in HCC-bearing mice, thereby suppressing tumor growth and lung metastasis and promoting apoptosis. In vitro, both JXY and quercetin inhibited HCC cell proliferation and migration. CYP1A2 knockdown partially reversed, while its overexpression enhanced, these inhibitory effects. Quercetin, the main active component of JXY, upregulates CYP1A2 to promote PTEN expression, thereby inhibiting the PI3K/Akt signaling pathway and suppressing HCC progression.
Q3_target_validation	71	42567398	2026	A	Contains direct engagement or target-specific functional evidence.		binding_engagement;docking_only;network_pharmacology	Tetrandrine attenuates hypoxia-induced microglial M1 polarization and microglia-mediated photoreceptor cell injury through modulation of NF-κB/p65 signaling.	Diabetic retinopathy (DR), a primary cause of working-age vision loss, is characterized by neuroinflammation, in which microglial polarization toward the proinflammatory M1 phenotype serves as a pivotal driver. Reprogramming microglia toward an anti-inflammatory and reparative phenotype may therefore represent a promising therapeutic strategy. This study investigated the effects of tetrandrine (Tet) on hypoxia-induced microglial activation and explored the underlying mechanisms. We established a chemical hypoxia model using CoCl2 and evaluated inflammatory mediators and associated molecules by qRT-PCR, western blotting, and immunofluorescence. Microglial migratory and phagocytic functions were assessed by scratch wound and phagocytosis assays, respectively. Potential drug targets were identified through an integrative approach combining network pharmacology, molecular docking, and cellular thermal shift assay (CETSA). Tet suppressed CoCl2-induced M1-associated inflammatory gene expression in BV2 cells and attenuated p65 activation and cytotoxic responses in HMC3 cells. Functionally, Tet restored impaired phagocytic capacity, attenuated aberrant migration, and mitigated microglia-mediated injury to 661W photoreceptor-derived cells. Mechanistic analyses showed that Tet reduced p65 phosphorylation and apparent nuclear accumulation, thereby limiting activation of the HIF-1α/NF-κB signaling axis; docking and CETSA findings further supported a potential interaction between Tet and p65. In summary, Tet alleviates hypoxia-induced microglial M1 polarization and microglia-mediated photoreceptor cell injury, at least partly through modulation of NF-κB/p65 signaling. These findings identify Tet as a candidate compound for further preclinical investigation in retinal neuroinflammation associated with DR.
Q3_target_validation	72	42567347	2026	A	Contains direct engagement or target-specific functional evidence.		binding_engagement;context;docking_only;functional_mediation;network_pharmacology	Targeting DDAH II with Puerarin ameliorates doxorubicin-induced endothelial damage and ferroptosis through ADMA/NOS dysregulation rescue.	INTRODUCTION: The ADMA/DDAHII/eNOS/NO pathway plays a pivotal role in maintaining the vascular endothelial structure and functional integrity, which might become a target attacked doxorubicin (Dox)-induced endotheliotoxicity (DIE). Puerarin (Pue) derived from an active monomer in traditional Chinese medicine has many bioactivities. However, whether it can protect the vascular endothelium against DIE injury and the underlying mechanism remain unclear. OBJECTIVES: We explored that the effects and mechanism of Pue protect the vascular endothelium against DIE injury. METHODS: First, conducting a bioinformatics analysis integrated with network pharmacology focused on Pue protection, potential genes, and related pathways involved in DIE damage. Then, using differential proteomics, molecular docking, molecular dynamics simulation, microscale thermophoresis, cellular thermal shift assay, and drug affinity responsive target stability analysis explored the interaction between Pue and DDAHII. Next, DIE and Pue treatment (Pue-pre) models are established using mice and human umbilical vein endothelial cells (HUVECs). Through a variety of cellular, molecular, enzymatic, functional and morphological indicators as well as related tool drugs, explored that Pue-Pre protects vascular endothelial cells and ameliorates ferroptosis induced by DIE damage and its mechanism. RESULTS: Pue could directly target binding to DDAH II and increase its expression and bioactivity, p-eNOS/eNOS and NO levels, decrease ADMA accumulation, activate adaptive autophagy, and inhibit ROS overgeneration, Fe2+ content, and abnormal lipid metabolism, which could improve mitochondrial function, and end the vicious cycle against DIE damage, whereas, pAD/DDAHⅡ-shRNA, erastin (a ferroptosis inducer), and 3-methyladenine (an autophagic inhibitor) could reverse the effects. CONCLUSIONS: Ferroptosis, apoptosis, and autophagy are involved in DIE damage. Pue could bind to DDAH II, regulate the ADMA/eNOS/NO pathway, activate adaptive autophagy, and protect the vascular endothelium against DIE-induced apoptosis and ferroptosis. Pue provides multiple protective effects against DIE damage.
Q3_target_validation	73	42562998	2026	A	Contains direct engagement or target-specific functional evidence.		functional_mediation;network_pharmacology	Bletilla striata polysaccharide inhibits osteoclast differentiation by suppressing macrophage glycolysis and MMP9 expression.	"Utilizing single-cell RNA sequencing and network pharmacology, this study explored the mechanism by which Bletilla striata polysaccharide (BSP) mitigates peri-implantitis-associated osteolysis. Integrated analyses revealed a significant expansion of pro-inflammatory macrophages and osteoclasts in diseased tissues, with differentially expressed genes enriched in glycolytic pathways. Mechanistic exploration indicated that BSP suppresses osteoclastogenesis primarily by targeting matrix metalloproteinase-9 (MMP9), thereby inhibiting proteolytic activity and cytoskeletal remodeling. Preliminary rescue experiments supported this notion, showing that while BSP effectively downregulated LPS-induced MMP9 upregulation and suppressed macrophage glycolytic metabolism, forced overexpression of MMP9 partially restored MMP9 levels and reversed the inhibitory effect of BSP on osteoclast formation. These findings suggest a potential ""metabolism-protease"" interplay, where BSP concurrently modulates immune metabolism and protease activity to alleviate inflammatory bone loss, providing a foundational basis for developing plant-derived polysaccharide therapeutics."
Q3_target_validation	74	42555272	2026	A	Contains direct engagement or target-specific functional evidence.		binding_engagement;docking_only;functional_mediation;generic_experiment;network_pharmacology	Molecular insights into the anti-inflammatory and antifibrotic effects of licorice-ginger decoction in experimental models of inflammatory arthritis-associated lung fibrosis.	Rheumatoid arthritis-associated interstitial lung disease (RA-ILD) is a severe autoimmune complication lacking effective treatments. This study investigates the molecular mechanisms underlying the therapeutic effects of licorice-ginger decoction (GGD) in experimental models relevant to arthritis-associated lung fibrosis. Utilizing network pharmacology, transcriptomic sequencing, and molecular docking analyses, we identified the STAT1/ICAM1/IL-17A signaling pathway as crucial for GGD efficacy. Experimental validation in both cellular and murine models demonstrated that GGD markedly alleviated body weight loss, reduced arthritis severity, and improved pulmonary pathological injury under inflammatory arthritis conditions. Mechanistic analyses revealed direct binding of Kae and QR to STAT1/ICAM1, leading to IL-17A inhibition and mitigation of epithelial-mesenchymal transition (EMT) and fibroblast activation. Notably, overexpression of STAT1 attenuated the therapeutic effects of GGD. This study provides mechanistic insights into the anti-inflammatory and antifibrotic effects of GGD in experimental models relevant to arthritis-associated lung fibrosis and offers a potential framework for future mechanistic studies and translational research of classical Chinese formulations.
Q3_target_validation	75	42525490	2026	A	Contains direct engagement or target-specific functional evidence.		docking_only;functional_mediation;generic_experiment;method_weak;network_pharmacology	Formulation and evaluation of etoposide-loaded dextran polymeric nanoparticles fabricated with hyaluronic acid for the treatment of colorectal cancer using network pharmacology, in-silico, in-vitro, and in-vivo approaches.	Etoposide (ETP), a Biopharmaceutics Classification System class IV drug with poor aqueous solubility, demonstrates limited therapeutic efficacy against colorectal cancer (CRC) because of inferior absorption and off-target effects. To deliver drugs specifically to cancer cells that overexpress CD44, this study developed hyaluronic acid (HA)-functionalized dextran (DEX) polymeric nanoparticles (ETP-DEX-HA-NPs). Optimised nanoparticles (174.7 ± 3.2 nm, -12.83 ± 1.1 mV) demonstrated significant entrapment efficiency (62.75 ± 2.32%) and drug loading (55.64 ± 3.86%), with partial amorphization validated by FTIR, XRD, Raman, NMR and DSC analyses. The formulation exhibited prolonged, pH-responsive release, markedly improved solubility (p < 0.05), and greater cytotoxicity in HCT-116 cells (IC50: 6.83 ± 0.35 µg/mL compared to 41.89 ± 1.02 µg/mL for free ETP). It facilitated CD44-mediated uptake, enhanced apoptosis, induced G2/M arrest, elevated ROS production and inhibited migration while preserving biocompatibility. Network pharmacology and molecular docking identified key interactions with CRC-related targets (e.g. TOP2A, BCL2). ETP-DEX-HA-NPs offer a promising, targeted nanoplatform that addresses ETP's limitations, boosting therapeutic efficacy and safety for CRC treatment.
Q3_target_validation	76	42054876	2026	A	Contains direct engagement or target-specific functional evidence.		functional_mediation;generic_experiment;network_pharmacology	Puerarin alleviates type 2 diabetes by targeting AKT1 to inhibit ferroptosis: Integrating network pharmacology, proteomics and experimental validation.	The progression of type 2 diabetes mellitus (T2DM) is closely linked to oxidative stress-induced damage. Ferroptosis is a regulated form of cell death driven by iron-dependent lipid peroxidation. Its underlying mechanism involves an imbalance between reactive oxygen species (ROS) accumulation and cellular antioxidant defense, ultimately resulting in cell death. While puerarin has been shown to exhibit antioxidant properties, its ability to ameliorate T2DM via the ferroptosis pathway remains unclear. In this study, we combined network pharmacology, proteomics, and experimental validation to investigate the regulatory mechanisms of puerarin. Potential targets of puerarin in T2DM were identified using network pharmacology and proteomics. Oxidative stress markers-including ROS, malondialdehyde (MDA), manganese-dependent superoxide dismutase (Mn-SOD), and glutathione (GSH)-as well as insulin levels and ferroptosis-related markers such as glutathione peroxidase 4 (GPX4), cyclooxygenase-2 (COX2), and acyl-CoA synthetase long-chain family member 4 (ACSL4) were measured to assess the effect of puerarin on ferroptosis. Protein kinase B (AKT1) overexpression and knockdown models, together with nuclear factor erythroid 2-related factor 2 (NRF2) inhibitors, were used alongside Western blot analysis to investigate the pathway through which puerarin regulates ferroptosis. Results showed that palmitic acid-induced oxidative stress triggered ferroptosis in mouse pancreatic β-cells (MIN6). Under puerarin intervention, ferroptosis biomarkers including ROS, MDA, Mn-SOD, iron ions, and GSH, as well as mitochondrial morphology, were significantly altered. Mechanistic studies revealed that puerarin upregulates AKT1, leading to enhanced phosphorylation of GSK3β and increased expression of NRF2. Consequently, expression of GPX4, a key enzyme in glutathione metabolism, was elevated, thereby suppressing ferroptosis. This study is the first to identify targets of puerarin in T2DM through an integrated network pharmacology and proteomics approach. It demonstrates that puerarin may upregulate GPX4 via the AKT/GSK3β/NRF2 pathway, thereby mitigating oxidative stress damage and reducing ferroptosis, offering novel mechanistic insight for diabetes treatment.
Q3_target_validation	77	42550670	2026	A	Contains direct engagement or target-specific functional evidence.		docking_only;functional_mediation;generic_experiment;network_pharmacology	Taraxasterol alleviates liver fibrosis by suppressing hepatic stellate cell activation via the HSD11B1-ERK MAPK signaling axis.	Taraxasterol (TAR) exerts therapeutic effects on various liver diseases via its inherent hepatoprotective and anti-inflammatory properties. However, the mechanism by which TAR treats hepatic fibrosis remains unclear. This study aims to identify the potential targets and specific molecular mechanisms underlying the therapeutic effects of TAR on hepatic fibrosis. DDC- and CCl 4-induced mouse models of hepatic fibrosis are established. The human hepatic stellate cell (HSC) line LX-2 and primary mouse HSCs are used for in vitro experiments. Transcriptomics, network pharmacology, single-cell transcriptomics, and molecular docking are employed to identify potential therapeutic targets of TAR for hepatic fibrosis. Functional validation is performed via HSD11B1 overexpression and knockdown experiments, and the regulatory role of the ERK MAPK pathway is verified using the specific inhibitor U0126. Histological staining results show that TAR significantly alleviates DDC- and CCl 4-induced hepatic fibrosis in mice and reduces associated liver injury. In vitro assays reveal that TAR effectively reverses TGF-β-induced activation of LX-2 cells and primary mouse HSCs. Multi-omics and docking analyses identify HSD11B1 as a direct target of TAR, whose downregulation in activated HSCs is restored by TAR treatment. Functional experiments demonstrate that overexpression of HSD11B1 attenuates TGF-β-induced HSC activation, while HSD11B1 knockdown abolishes the therapeutic effects of TAR. Subsequent transcriptomic analysis confirms that HSD11B1 suppresses the ERK MAPK pathway, and knockdown of HSD11B1 compromises the therapeutic efficacy of the ERK MAPK inhibitor U0126. In summary, TAR alleviates liver fibrosis by inhibiting HSC activation through the HSD11B1-ERK MAPK axis.
Q3_target_validation	78	42547745	2026	A	Contains direct engagement or target-specific functional evidence.		context;docking_only;functional_mediation;generic_experiment;network_pharmacology	Apigenin in TMG inhibits colorectal tumorigenesis by targeting GSK3β/APC/β-catenin signaling pathway.	Colorectal cancer (CRC) is a malignant tumor with a high global incidence. Tianma granule (TMG) is a traditional Chinese medicine compound. However, its pharmacodynamic material basis and mechanism of action against CRC remained unclear. This study systematically analyzed the anti-CRC mechanism of TMG by integrating metabolomics, network pharmacology, and experimental validation. HPLC-MS identified the main active components of TMG. Core targets and pathways were predicted by network pharmacology. The binding affinity between components and targets was evaluated by molecular docking. In vitro experiments utilized the HCT116 and HCT-8 cells model, where the effects of TMG and its key component Apigenin on cell activity. Apigenin was identified as a key flavonoid component in TMG by metabolomics. Network pharmacology analysis indicated that TMG intervened in CRC through multi-target actions, with the Wnt/β-catenin pathway being the core regulatory pathway. In vitro experiments demonstrated that both TMG and Apigenin inhibited HCT116 and HCT-8 cell proliferation, promoted apoptosis, and weakened invasion and migration capabilities. Apigenin promotes β-catenin degradation and suppresses its nuclear translocation by upregulating GSK3β and APC expression. The ablation or mutation of GSK3β or APC abolishes this effect, whereas β-catenin knockdown alone recapitulates the anti-cancer effects of TMG and Apigenin, demonstrating that their actions are strictly dependent on β-catenin. Apigenin, as the core active ingredient of TMG, was demonstrated to target GSK3β/APC to promote β-catenin degradation and inhibit the activation of the Wnt/β-catenin pathway, thereby exerting anti-CRC effects.
Q3_target_validation	79	42476658	2026	A	Contains direct engagement or target-specific functional evidence.		functional_mediation;generic_experiment;network_pharmacology	Genistein inhibits oxidative stress and alleviates vascular remodeling in hypertension through the GSK3β/FYN/Nrf2 pathway.	Hypertension raises cardiovascular risk via vascular remodeling, worsened by oxidative stress-linked VSMC dysfunction. Genistein (Gen), an antioxidant isoflavone, protects against cardiovascular diseases, but its role in hypertensive remodeling is unclear. This study explores if Gen eases remodeling by inhibiting oxidative stress via the GSK3β/FYN/Nrf2 pathway. In vivo, spontaneously hypertensive rats (SHR) and normotensive WKY rats got Gen (10-20 mg·kg-1·d-1) or valsartan (Val) for 10 weeks; aortic tissues were tested for morphology (HE/Masson), proliferation (PCNA), migration (MMP2/9), oxidative stress (NOX4), and VSMC phenotype (α-SMA/OPN). In vitro, SHR/WKY VSMCs were treated with Gen (10-40 μmol·L-1) to check proliferation (EdU), migration (scratch/Transwell), ROS, and Nrf2 markers. Network pharmacology predicts Gen inhibits vascular remodeling via reducing hypertension-related oxidative stress, verified by EdU, scratch, Transwell, and Western blot. Gen reduced SHR blood pressure, vascular wall thickness, and fibrosis, reversing PCNA, MMP2/9, NOX4, OPN overexpression and α-SMA underexpression. In VSMCs, it dose-dependently inhibited proliferation/migration, reduced ROS, and restored Nrf2 pathway activity. Network analysis found 52 shared targets, with GSK3β, FYN, Nrf2 as key nodes. Gen and pGSK3β inhibitor SNP reversed GSK3β/FYN overexpression and Nrf2 underexpression; Nrf2 inhibitor ML385 barely affected pGSK3β/FYN. Thus, Nrf2 may lie downstream of GSK3β and FYN. Gen inhibits oxidative stress injury in the aortic tissue of SHR rats through the GSK3β/FYN/Nrf2 pathway, thereby reducing vascular remodeling in hypertension, lowering blood pressure, and exerting a protective effect on vascular lesions in hypertension. These findings provide new experimental evidence for Gen as a potential therapeutic agent against hypertensive vascular remodeling.
Q3_target_validation	80	42425401	2026	A	Contains direct engagement or target-specific functional evidence.		docking_only;functional_mediation;generic_experiment;network_pharmacology	Melatonin promotes coronary angiogenesis and ameliorates cardiac dysfunction after myocardial infarction via endothelial LRRC8A.	BACKGROUND: Accumulating evidence suggests that melatonin (MT) protects against myocardial infarction (MI), but its targets and molecular mechanisms remain largely unknown. This study aimed to uncover the endothelial targets and signaling pathways through which MT improves cardiac function in MI. METHODS: An integrated strategy combining network pharmacology, molecular docking, in vitro endothelial cell assays, and endothelial-specific LRRC8A knockout mice was used to elucidate the role and mechanisms of MT in MI. RESULTS: Network analysis identified angiogenesis-related signaling as a major target of MT. Molecular docking and electrophysiology revealed stable binding and functional activation of LRRC8A by MT. In vitro, low-dose MT promoted proliferation, migration, and tube formation via upregulating LRRC8A and activating the downstream AKT/eNOS/HIF1α signaling pathway; these effects were abolished by LRRC8A inhibition or knockdown. In vivo, MT improved cardiac systolic function and coronary angiogenesis in MI mice; however, these benefits were eliminated by endothelial-specific deletion of LRRC8A or the pharmacological blockade. CONCLUSION: Our findings not only identify the LRRC8A as a novel endothelial target for MT's benefits in MI, but also pave the way for its development as a therapeutic agent for ischemic heart disease.
Q3_target_validation	81	42349181	2026	A	Contains direct engagement or target-specific functional evidence.		binding_engagement;docking_only;network_pharmacology	Astilbin attenuated pyroptosis caused by terbuthylazine-induced histone lactylation in grass carp hepatocytes.	Terbuthylazine (TER), a triazine herbicide, can trigger excessive production of reactive oxygen species (ROS) in organisms, leading to liver damage in aquatic species. Under conditions of abnormally elevated ROS, increased glycolysis promotes the lactic acid accumulation, which in turn enhances histone lactylation and ultimately triggers pyroptosis. Meanwhile, N6-methyladenosine (m6A) methylation contributes to the pathogenesis of various diseases by regulating redox states. Astilbin (AST), a flavonoid with powerful antioxidant and anti-inflammatory properties, offers effective protection against injury in organisms. However, whether AST can attenuate TER-induced liver injury and the underlying mechanism remain unclear. Therefore, we treated L8824 cells with siMETTL14, NAC, PX-478, 2-DG, DMOG or Oxamate to achieve it. By integrating network pharmacology with bioinformatics, we found that AST participates in m6A methylation, thereby modulating redox homeostasis, glycolysis process, and pyroptosis. Following experimental verification, AST treatment significantly reduced FOXO1 m6A methylation, leading to decreased expression of HIF-1α and factors related to glycolysis process, histone lactylation, and pyroptosis. Conversely, it effectively promoted the expression of factors related to oxidative stress upon TER exposure. Flow cytometry and ROS staining further demonstrated that AST suppressed excessive ROS production. Molecular docking analysis and CETSA revealed a binding interaction between AST and METTL14. In summary, this study revealed that AST inhibits METTL14-mediated m6A methylation of FOXO1 to maintain redox homeostasis, thereby suppressing histone lactylation and ultimately attenuating pyroptosis in L8824 cells.
Q3_target_validation	82	42341886	2026	A	Contains direct engagement or target-specific functional evidence.		functional_mediation;generic_experiment;network_pharmacology	Narirutin inhibits inflammation and oxidative stress in osteoarthritis via suppressing AKT/NF-κB signaling.	Narirutin is a flavanone with anti-inflammatory and antioxidant properties. The objective of this study was to evaluate its therapeutic potential against osteoarthritis. Anterior cruciate ligament transection (ACLT) rats were administered 10, 30, or 50 mg/kg narirutin by daily oral gavage. ATDC-5 cells were treated with 50, 100, or 200 μM narirutin in the presence of 10 ng/mL IL-1β. Extracellular matrix (ECM) degradation, inflammation, and oxidative stress in vitro and in vivo were assessed by hematoxylin and eosin and Safranin O-Fast Green staining, immunohistochemistry, quantitative reverse transcription polymerase chain reaction, enzyme-linked immunosorbent assay, flow cytometry, western blotting, and immunofluorescence. In ACLT rats, narirutin ameliorated cartilage lesions, reduced the Osteoarthritis Research Society International score, and reduced serum levels of C-telopeptide of type II collagen and cartilage oligomeric matrix protein. In both ACLT rats and ATDC-5 cells, narirutin downregulated A disintegrin and metalloproteinase with thrombospondin motifs 5, matrix metalloproteinase (MMP)-3, and MMP13 and upregulated Collagen II and Aggrecan. In addition, narirutin decreased the levels of tumor necrosis factor-alpha, interleukin (IL)-1β, IL-6, reactive oxygen species, and Malondialdehyde while increasing the levels of superoxide dismutase and glutathione. Network pharmacology analysis identified phosphoinositide 3-kinases/protein kinase B (PI3K/AKT) as a signaling pathway regulated by narirutin in osteoarthritis. Narirutin binds to AKT1 to inhibit AKT and nuclear factor-κB (NF-κB) activation. Furthermore, NF-κB overexpression and SC79 treatment reversed the anti-inflammatory and antioxidant properties of narirutin in ATDC-5 cells. Narirutin exhibited cartilage-protective effects in osteoarthritis models by inhibiting ECM degradation, inflammation, and oxidative stress through suppressing AKT/NF-κB signaling.
Q3_target_validation	83	42275883	2026	A	Contains direct engagement or target-specific functional evidence.		docking_only;functional_mediation;generic_experiment;network_pharmacology	Jianpi Huayu decoction suppresses hepatocellular carcinoma invasion and metastasis by inhibiting SIRT5-regulated Nrf2 activation and mitochondrial metabolic reprogramming.	BACKGROUND: Hepatocellular carcinoma (HCC) and its subsequent lung metastasis represent a significant clinical challenge with limited therapeutic options. Jianpi Huayu Decoction (JPHYD) is an empirically effective formula derived from our clinical practice in treating hepatocellular carcinoma, demonstrating significant efficacy in inhibiting metastasis and improving prognosis. PURPOSE: The research aims to evaluate the therapeutic potential and elucidate the underlying mechanisms of JPHYD against HCC progression and metastasis. STUDY DESIGN AND METHODS: The anti-tumor efficacy of JPHYD was evaluated in an HCCLM3 xenograft model, whereas its anti-metastatic activity was assessed in an H22 experimental lung metastasis model. Proteomics and network pharmacology combined analysis were employed to identify key molecular targets. Functional validation was performed in HCCLM3 and HepG2 cells in vitro. The regulatory effect of JPHYD on the interaction between SIRT5 and Nrf2 was confirmed by co-immunoprecipitation and immunofluorescence. Functional rescue was achieved through transient transfection of a SIRT5 overexpression plasmid in HCCLM3 and HepG2 cells, and the interaction between JPHYD's bioactive compounds and the identified target was verified by molecular docking simulations. RESULTS: JPHYD treatment significantly inhibited the growth of primary HCC tumors and suppressed lung metastasis in vivo. Proteomic and functional analyses identified sirtuin 5 (SIRT5) as a key functional target candidate of JPHYD against HCC. Downregulation of SIRT5 by JPHYD impaired oxidative phosphorylation (OXPHOS) and promoted apoptosis, while molecular docking supported the stable binding of JPHYD-derived bioactive components to SIRT5. Mechanistically, JPHYD disrupted the SIRT5/Nrf2 protein interaction, which suppressed Nrf2 nuclear translocation and decreased its downstream antioxidant proteins. Consequently, this led to reactive oxygen species (ROS) accumulation, mitochondrial dysfunction, and diminished ATP production. Crucially, SIRT5 overexpression partially reversed the anti-metastatic effects of JPHYD, highlighting its pivotal role in the drug's mechanism of action. CONCLUSION: Our findings demonstrated that JPHYD effectively inhibited HCC growth and lung metastasis by dually modulating the SIRT5/Nrf2 signaling axis. This action simultaneously induced oxidative stress and disrupted mitochondrial metabolic reprogramming. JPHYD thus presents a promising multi-target therapeutic strategy for advanced HCC.
Q3_target_validation	84	42251792	2026	A	Contains direct engagement or target-specific functional evidence.		binding_engagement;docking_only;generic_experiment;network_pharmacology	Rehmannioside D prevents estrogen-deficiency induced osteoporosis by interacting with c-Jun to dismantle the AP-1 complex and suppress MAPK/NF-κB signaling.	BACKGROUND: Postmenopausal osteoporosis (PMOP) necessitates novel therapeutics with defined targets. Rehmannioside D (RD), a bioactive compound from Rehmannia glutinosa, exhibits anti-inflammatory properties, yet its anti-osteoporotic mechanism remains unclear. PURPOSE: This study integrated network pharmacology with experimental validation to elucidate the efficacy and mechanism of RD in suppressing osteoclastogenesis. METHODS: Potential targets were screened via network pharmacology. In vitro, the effects of RD on RANKL-induced osteoclast differentiation and function were assessed in bone marrow-derived macrophages (BMDMs). Target interaction was verified using Cellular Thermal Shift Assay (CETSA), molecular docking, and Co-IP. In vivo, osteoprotective efficacy was evaluated in ovariectomized (OVX) mice. RESULTS: Network analysis highlighted c-Jun and c-Fos as core targets. In vitro, RD significantly inhibited osteoclastogenesis and resorptive function without cytotoxicity. Mechanistically, RD exerted a dual inhibitory effect: It suppressed the activation of MAPK and NF-κB signaling pathways, thereby downregulating NFATc1 expression and inhibiting osteoclast differentiation; Distinctly, RD was identified to interact with and stabilize to c-Jun, sterically hindering its heterodimerization with c-Fos to dismantle the AP-1 complex. This disruption of AP-1 subsequently triggered intrinsic apoptosis, evidenced by an elevated Bax/Bcl-2 ratio and Caspase-3 cleavage. In vivo, RD prevented trabecular bone loss and preserved microarchitecture in OVX mice by reducing osteoclast numbers. CONCLUSION: RD attenuates bone loss via a dual mechanism: it inhibits osteoclast differentiation by suppressing MAPK/NF-κB signaling and simultaneously induces mature osteoclast apoptosis by targeting c-Jun to disrupt the AP-1 complex.
Q3_target_validation	85	42128232	2026	A	Contains direct engagement or target-specific functional evidence.		docking_only;functional_mediation;generic_experiment;method_weak;network_pharmacology	Paroxetine attenuates doxorubicin-induced cardiotoxicity: Integrated network pharmacology, molecular modeling, and in vivo evidence consistent with modulation of GRK2/iNOS-related pathways.	Doxorubicin is a potent chemotherapeutic agent whose clinical utility is compromised by dose-dependent, irreversible cardiotoxicity. Given the limitations of current cardioprotective strategies regarding efficacy and safety, repurposing approved medications presents a feasible therapeutic option. This study investigated the cardioprotective potential of paroxetine (PARX), a selective serotonin reuptake inhibitor, against doxorubicin-induced cardiotoxicity (DIC). We employed a multi-disciplinary approach combining network pharmacology, molecular docking, and 300 ns molecular dynamics simulation to identify biologically plausible PARX-associated targets. These in silico predictions were further examined in a murine model of acute DIC (single 15 mg/kg DOX i.p.), where mice received PARX pretreatment (20 mg/kg p.o.) for five days. Network pharmacology identified AKT1 and iNOS as key intersecting targets, while GRK2 was included based on supporting evidence from the literature. Computational modeling suggested that PARX maintains favorable in silico interaction within the ATP-binding region of GRK2 and engages the heme-propionate region of iNOS with a more favorable predicted interaction profile for iNOS. In vivo, PARX pretreatment attenuated biochemical and histopathological markers of cardiac injury, evidenced by reduced serum CK-MB and LDH activities and lower cardiac Troponin and NT-proBNP levels. Mechanistically, PARX reversed the doxorubicin-induced suppression of AKT1 expression, downregulated GRK2 and iNOS overexpression, and mitigated oxidative stress by restoring SOD/CAT activity. Furthermore, PARX alleviated inflammation (reduced NF-κB) and attenuated maladaptive autophagy (reduced LC3-II and Beclin-1). Histological and morphometric analyses confirmed that PARX effectively prevented cardiomyocyte necrosis and interstitial fibrosis. In conclusion, PARX ameliorates DIC via modulation of GRK2/iNOS-related pathways, restoration of AKT1 signaling, and suppression of oxidative stress and maladaptive autophagy. These findings strongly support the cardioprotective potential of PARX and warrant its further investigation during doxorubicin chemotherapy.
Q3_target_validation	86	42119357	2026	A	Contains direct engagement or target-specific functional evidence.		docking_only;functional_mediation;network_pharmacology	Salidroside exerts anti-cancer activity in lung adenocarcinoma by inducing ferroptosis through dual inhibition of the SLC7A11/cystine/GSH/GPX4 axis and the AKT/mTORC1/GPX4 pathway.	BACKGROUND: Salidroside (Sal), a phenolic compound from Rhodiola plants, exhibits the anti-tumor potential in various cancers, including lung adenocarcinoma (LUAD). This study is designed to determine whether its mechanism of action involves the specific induction of ferroptosis in LUAD. METHODS: An integrated suite of computational strategies, including network pharmacology, bioinformatics, and molecular docking, were used to elucidate the functions, targets, and mechanisms of Sal in LUAD. Cell cytotoxicity was assessed by using CCK-8 assay, PI staining, and LDH release assays. Ferroptosis was evaluated by measuring intracellular ROS, Fe2 + , MDA, and lipid ROS. The action mechanism of Sal was examined through metabolite quantification, western blot, and genetic or pharmacological rescue experiments. The involvement of GSH metabolic pathway was specifically examined by quantifying cystine uptake and determining the the levels of cysteine, GSH, and GSH/GSSG. LUAD cell malignant behaviours were examined by colony formation, wound healing, and transwell invasion assays. Western blot was used to determine the levels of SLC7A11, GPX4, and AKT/mTORC1-related protein. Tumor-bearing nude mice were used for exploring the regulation of Sal on LUAD tumorigenicity and ferroptosis. RESULTS: Sal induced ferroptosis to inhibit LUAD cell malignant phenotypes. Sal targeted SLC7A11, disrupting cystine uptake and GSH metabolism, leading to GPX4 inactivation. SLC7A11 overexpression reversed Sal-mediated ferroptosis and anti-tumor activity. Concurrently, Sal suppressed the AKT/mTORC1 signaling pathway to lower GPX4 protein expression, and mTOR activator counteracted Sal's efficiency. Sal also prevented mice tumor growth through ferroptosis induction. CONCLUSION: Sal represses LUAD progression by facilitating ferroptosis through dual inhibition of the SLC7A11/cystine/GSH/GPX4 axis and the AKT/mTORC1/GPX4 pathway. Sal is potentially exploited as a ferroptosis inducer to treat LUAD.
Q3_target_validation	87	42025889	2026	A	Contains direct engagement or target-specific functional evidence.		functional_mediation;generic_experiment;network_pharmacology	NSUN2 restrains renal fibrosis via m5C-stabilized GPX4 and ferroptosis inhibition.	BACKGROUND: Renal fibrosis (RFib) is a final common pathway in chronic kidney disease (CKD) progression. Although 5-methylcytosine (m5C) RNA modification can regulate mRNA fate, its role in RFib and redox-regulated cell death remains incompletely defined. METHODS: Public GEO cohorts were analyzed to identify dysregulated m5C regulators and enriched pathways in RFib. RFib was modeled in vivo using unilateral ureteral obstruction (UUO) and in vitro using TGF-β1-treated HK-2 cells. Gene set enrichment analysis (GSEA) and a ferroptosis-focused qPCR array were used to prioritize downstream programs. NSUN2 knockdown/overexpression experiments, dot blot assays, and m5C RNA immunoprecipitation followed by qPCR (MeRIP-qPCR) were performed to evaluate m5C-associated regulation of GPX4. Network pharmacology and in silico docking/dynamics were used to nominate candidate NSUN2-binding compounds. RESULTS: NSUN2 was consistently downregulated in fibrotic kidneys and TGF-β1-stimulated HK-2 cells, accompanied by ferroptosis activation. NSUN2 increased GPX4 protein abundance primarily by enhancing GPX4 mRNA stability, which correlated with increased m5C enrichment on GPX4 mRNA. Computational screening suggested that ginsenosides, particularly Rh2, may bind the NSUN2 catalytic pocket with favorable predicted affinity and complex stability. CONCLUSIONS: NSUN2 attenuates renal fibrogenesis by sustaining GPX4 expression through m5C-associated post-transcriptional regulation and thereby limiting ferroptosis. The identified ginsenosides provide testable leads for targeting the NSUN2-GPX4 axis, although further experimental validation is required.
Q3_target_validation	88	41830762	2026	A	Contains direct engagement or target-specific functional evidence.		binding_engagement;network_pharmacology	Multi-omics network pharmacology and computational validation reveal amodiaquine and desethylamodiaquine as apoptosis-regulating multi-target candidates in colon adenocarcinoma.	One of the biggest causes of cancer-related mortality worldwide is still colon adenocarcinoma (COAD). Therefore, it is essential to investigate new therapy strategies. This study presents a multi-scale, hypothesis-generating framework that integrates network pharmacology with multi-omics data and quantum chemical analyses to systematically explore the repositioning potential of amodiaquine and desethylamodiaquine in colon adenocarcinoma. Eleven gene targets that were found to be shared across medication, gene expression, and illness databases included several computationally significant central hub genes with high network centrality, including BTK, SIGMAR1, SYK, and KCNH2. Amodiaquine and Desethylamodiaquine both showed high binding scores (-7.9 to -12.6 kcal·mol⁻¹) across all the selected proteins. The protein-ligand complexes' structural stability was confirmed by molecular dynamic simulations lasting more than 100 ns; RMSD, RMSF, and radius of gyration analyses collectively indicate that the protein-ligand complexes maintain structural stability, compactness, and limited conformational fluctuation throughout the simulation, reflecting preserved protein integrity rather than direct binding strength. While density functional theory investigations indicated stable geometries with high electronic polarizability, MM-PBSA calculations yielded binding free energies within a range of ΔG_bind = -59.0 to -67.0 kcal·mol⁻¹ . These results suggest that amodiaquine derivatives have anti-COAD actions due to their disruption of important immune-regulatory and apoptotic pathways. These findings computationally prioritize amodiaquine and desethylamodiaquine as candidate multi-target interactors in colon adenocarcinoma, warranting further experimental investigation rather than implying established therapeutic efficacy.
Q3_target_validation	89	41483318	2026	A	Contains direct engagement or target-specific functional evidence.	predicted_ADME_or_PK_mimics_measured_exposure	functional_mediation;generic_experiment;method_weak;network_pharmacology;predicted_exposure	Uncovering the antiproliferative effects of magnolol in liver cancer: a multi-omics study integrating computational chemistry, network pharmacology, bioinformatics and in vitro experimental validations.	Magnolol, a bioactive principle from Magnolia officinalis, has demonstrated potential anticancer properties. This study investigates the anticancer effects of magnolol on liver cancer cells under in vitro conditions, expounding its molecular mechanisms, target interactions, and therapeutic potential. SwissADME evaluated drug-like physicochemical properties of magnolol while as SwissTargetPrediction, SuperPred, and GeneCards identified potential biological targets of magnolol and disease targets (liver cancer) respectively. Protein-protein interaction (PPI) networks were generated by using STRING database and Cytoscape software with identification of hub genes by using Cytohubba plugin. Functional enrichment analysis, such as gene ontology (GO) and KEGG pathway analyses of the common biological targets was performed in order to identify main biological processes, molecular functions, cellular components and signalling pathways. Hub genes were differentially expressed, staged, and prognosed using GEPIA2. Using CB-Dock2, binding affinities of magnolol with NFKB1, EGFR, and ERBB2 were examined, while MD simulations was performed using Desmond Software. MTT, clonogenic, Transwell, EDU, and flow cytometry assays were implemented to evaluate the therapeutic efficacy of magnolol on HepG2 cell proliferation, cellular morphology, cell migration, DNA synthesis, and cellular apoptosis. Magnolol demonstrated favorable drug-like physicochemical properties, including high GI absorption and BBB permeability. A total of 44 overlapping targets between magnolol and liver cancer were identified, forming a dense PPI network with 10 hub genes, including NFKB1, EGFR, and ERBB2. GO and KEGG analyses revealed enrichment in critical pathways such as PI3K-Akt, MAPK, and ErbB signaling, emphasizing the potential of magnolol in cancer treatment. Hub gene analysis showed differential expression patterns, with NFKB1 and ERBB2 overexpressed in tumors, correlating with advanced stages and poor survival, while EGFR downregulation indicated a favorable prognosis. Docking studies revealed strong binding affinities, particularly for ERBB2 (Vina score - 10.1), with MD simulations confirming stable interactions. Functional assays in HepG2 cells demonstrated dose-dependent inhibition of proliferation, colony formation, migration, and DNA synthesis, alongside significant apoptosis induction. This study highlights magnolol as a possible lead molecule candidate for liver cancer, targeting key molecular pathways and hub genes associated with disease progression. Its ability to modulate critical cellular functions and induce apoptosis, coupled with its strong binding affinity and stability with pivotal proteins, underscores its therapeutic potential.
Q3_target_validation	90	41351812	2026	A	Contains direct engagement or target-specific functional evidence.		functional_mediation;generic_experiment;network_pharmacology	Network Pharmacology and Experimental Validation Reveal Wu Miao Pill's Therapeutic Effects on Acute Gouty Arthritis Through P2X7R Regulation.	Acute gouty arthritis (AGA) is a common inflammatory joint disease with limited therapeutic options and notable side effects from conventional treatments. This study investigated the anti-inflammatory effects and underlying mechanisms of the traditional Chinese herbal formula Wu Miao Pill (WMP) in a rat model of AGA induced by monosodium urate crystals. WMP administration markedly alleviated joint inflammation and swelling, improved synovial histopathology, and reduced the expression of P2X7 receptor (P2X7R) and pro-inflammatory cytokines IL-1β, IL-18, and TNF-α. P2X7R inhibition and knockdown experiments confirmed its central role in the therapeutic effect of WMP. Network pharmacology further revealed multiple active compounds targeting inflammatory pathways, notably IL-17 and NF-κB signaling. Overall, WMP exhibits significant anti-inflammatory efficacy through modulation of P2X7R and related pathways, providing experimental and mechanistic evidence for its potential as a novel therapeutic agent for AGA.
Q3_target_validation	91	42537737	2026	A	Contains direct engagement or target-specific functional evidence.		binding_engagement;docking_only;functional_mediation;network_pharmacology	CTSB-associated inflammation and macrophage interaction in heart failure following myocardial infarction and potential therapeutic implications of quercetin.	Post-myocardial infarction inflammation and maladaptive remodeling are major drivers of heart failure, but the role of cathepsin B (CTSB) in quercetin-associated cardioprotection remains unclear. In this study, public bulk transcriptomic and single-cell RNA sequencing datasets were re-analyzed to characterize CTSB expression across cardiac cell populations and heart failure phenotypes. Network pharmacology and molecular docking were used to explore a potential association between quercetin and CTSB. In lipopolysaccharide-stimulated RAW264.7 macrophage-neonatal rat ventricular myocyte (NRVMs) co-cultures, quercetin reduced nitric oxide production, suppressed inflammatory cytokine expression, promoted a shift toward CD206-positive macrophages, and decreased CTSB expression at both messenger RNA and protein levels. CTSB knockdown reproduced part of the anti-inflammatory phenotype, whereas CTSB overexpression partially attenuated the suppressive effects of quercetin on inflammatory cytokines, supporting CTSB as a functionally relevant mediator contributing to quercetin responsiveness. In a mouse left anterior descending coronary artery ligation model, quercetin improved cardiac functional parameters, reduced infarct-related histopathological injury, decreased myocardial CTSB protein expression, and lowered pro-inflammatory cytokine levels. Molecular docking suggested a potential interaction between quercetin and CTSB, although direct biochemical target engagement was not examined. These findings identify CTSB as a macrophage-associated inflammatory candidate in post-myocardial infarction heart failure and indicate that quercetin exerts anti-inflammatory and cardioprotective effects in association with reduced CTSB expression.
Q3_target_validation	92	42537349	2026	A	Contains direct engagement or target-specific functional evidence.		docking_only;functional_mediation;generic_experiment;network_pharmacology	Mito-TEMPO attenuates LPS-induced acute lung injury accompanied by ferroptosis suppression and reduced HSP90-STING association.	BACKGROUND: Acute lung injury (ALI) lacks effective pharmacological treatments. Ferroptosis and stimulator of interferon genes (STING)-dependent immune activation contribute to ALI, but whether the heat shock protein 90 (HSP90)-STING interface can be modulated to limit ferroptotic injury remains unclear. This study investigated whether Mito-TEMPO protects against lipopolysaccharide (LPS)-induced ALI in relation to the HSP90-STING-ferroptosis axis. METHODS: LPS-induced ALI was established in wild-type and STING-deficient (STING-/-) mice with intratracheal Mito-TEMPO pretreatment. Lung injury, vascular permeability, inflammation, and ferroptosis were evaluated by histology, bronchoalveolar lavage fluid (BALF) analysis, ELISA, qRT-PCR, Western blotting, immunohistochemistry, and immunofluorescence. LPS-stimulated BEAS-2B cells were used for in vitro validation, and additional A549 cells with STING overexpression were employed to further validate STING-dependent signaling and ferroptosis-related mechanisms. Network pharmacology, molecular docking, co-immunoprecipitation, and colocalization analyses were performed to examine HSP90-STING signaling. RESULTS: Mito-TEMPO alleviated LPS-induced pulmonary edema, inflammatory infiltration, tissue injury, BALF protein accumulation, BALF cellularity, and IL-6, IL-1β, and TNF-α expression. It also reversed ferroptosis-associated changes by restoring GPX4 and FTH1 while reducing NCOA4, PTGS2, and 4-HNE, with decreased lipid peroxidation in SFTPC+ alveolar type II (AT2) cells. Similar anti-inflammatory and anti-ferroptotic effects were observed in BEAS-2B cells. Network pharmacology and docking analyses suggested HSP90 as a potential Mito-TEMPO-associated target. Co-immunoprecipitation and immunofluorescence analyses showed reduced HSP90-STING interaction after Mito-TEMPO treatment, accompanied by decreased levels of phosphorylated TBK1 and IRF3. In STING-deficient mice, LPS-induced injury was attenuated and the additional protective effects of Mito-TEMPO were diminished. In A549 cells, STING overexpression aggravated LPS-induced inflammatory and ferroptosis-related changes and partially attenuated the protective effects of Mito-TEMPO. CONCLUSIONS: Mito-TEMPO attenuates LPS-induced experimental ALI in association with reduced inflammation, ferroptosis-related molecular alterations, reduced HSP90-STING interaction, and attenuated downstream STING-TBK1-IRF3 signaling. These findings suggest that the HSP90-STING-ferroptosis axis may represent a mechanistically relevant pathway warranting further investigation.
Q3_target_validation	93	42440300	2026	A	Contains direct engagement or target-specific functional evidence.		binding_engagement;docking_only;generic_experiment;network_pharmacology	Gut-Derived Sodium Butyrate Attenuates Liver Fibrosis by Inhibiting Aerobic Glycolysis via the HDAC3/c-Myc Signaling Axis.	Liver fibrosis remains a major global health challenge, driving interest in bioactive metabolites from natural sources as potential therapies. Sodium butyrate (NaB), a gut microbiota-derived short-chain fatty acid with notable anti-fibrotic activity, shows promise, although its mechanisms remain unclear. This study aims to explore the molecular mechanisms through which NaB attenuates liver fibrosis. This study integrates bioinformatics and network pharmacology to predict the molecular targets through which NaB exerts its anti-fibrotic effects. Candidate targets were validated through molecular docking, histopathology, CETSA, and SPR. The inferred mechanisms were further validated in vitro (LX-2 cells) and in vivo (CCl4-induced mice) using Western blot, IF Co-IP, RT-qPCR, ELISA, and histopathological staining. HDAC3 was identified as a key driver of liver fibrosis. As a natural HDAC3 inhibitor, NaB markedly attenuated CCl4-induced hepatic injury and fibrosis, accompanied by reduced expression of HDAC3, c-Myc, glycolytic enzymes (HK2, PFKFB3, and PKM2), and fibrotic markers (α-SMA and type I collagen) in fibrotic liver tissues and LX-2 cells. Mechanistically, NaB exerts its anti-fibrotic effects by inhibiting HDAC3 expression and deacetylase activity, promoting c-Myc acetylation and downregulating its expression, thereby suppressing glycolytic metabolic reprogramming in hepatic stellate cells. These findings indicate that NaB attenuates liver fibrosis by inhibiting HDAC3/c-Myc-mediated metabolic reprogramming, revealing a gut-derived anti-fibrotic mechanism and potential therapeutic targets.
Q3_target_validation	94	42561509	2026	A	Contains direct engagement or target-specific functional evidence.		binding_engagement;docking_only;generic_experiment;network_pharmacology	Loki Zupa alleviates type 2-high acute asthma airway inflammation by regulating the glutathione metabolism-ferroptosis axis.	BACKGROUND: Oxidative stress-induced disruption of glutathione metabolism triggers ferroptosis in airway epithelial cells, thereby exacerbating type 2-high acute asthma. Loki Zupa (LKZP) is a classic Uyghur formula used for asthma with confirmed anti-inflammatory and antioxidant effects, but its mechanism via the glutathione-ferroptosis axis remains unclear. PURPOSE: This study aimed to characterize LKZP's efficacy against type 2-high acute asthma and to elucidate its mechanism, focusing on the glutathione metabolism-ferroptosis axis. METHODS: An OVA-induced type 2-high acute asthma mouse model was established to evaluate the anti-inflammatory and antioxidant effects of LKZP. UHPLCHRMS was used to identify its active components, and network pharmacology combined with proteomics and metabolomics was applied to predict the underlying mechanisms. An RSL3-induced ferroptosis cell model was employed to verify LKZP's protective effects on cell viability, glutathione (GSH) and malondialdehyde (MDA) levels, as well as the expression of ferroptosis-related proteins. Molecular docking and surface plasmon resonance (SPR) assay were performed to collectively evaluated the binding affinity between Linarin (an active component of LKZP) and GSTM1/GSTM2. RESULTS: LKZP significantly alleviated airway inflammation and oxidative stress injury in asthmatic mice. Its anti-asthmatic effect was linked to the glutathione metabolism-ferroptosis axis. In vivo and in vitro experiments confirmed that LKZP restored glutathione metabolic homeostasis, scavenged excessive reactive oxygen species (ROS), reduced iron overload and lipid peroxidation, and inhibited ferroptosis in lung tissue and airway epithelial cells. Molecular docking and molecular dynamics simulation predicted stable binding of Linarin to GSTM1 and GSTM2. SPR analysis further confirmed these interactions and demonstrated a higher binding affinity of Linarin toward GSTM1 than GSTM2. CONCLUSION: LKZP alleviated airway inflammation and oxidative stress in type 2-high acute asthma by regulating the glutathione metabolism-ferroptosis axis, providing novel mechanistic insights for its asthma therapy.
Q3_target_validation	95	42527947	2026	A	Contains direct engagement or target-specific functional evidence.		binding_engagement;docking_only;functional_mediation;generic_experiment;network_pharmacology	Forsythoside A alleviates experimental autoimmune encephalomyelitis by targeting Tnfaip2.	BACKGROUND: Multiple sclerosis (MS) is a debilitating neuroinflammatory disease. Experimental autoimmune encephalomyelitis (EAE) is a commonly used rodent model for MS. Forsythoside A (FA), a natural compound derived from Forsythia suspensa, exhibits anti-inflammatory and neuroprotective properties; however, its efficacy in EAE and its underlying mechanism remain unclear. PURPOSE: To explore the therapeutic effect of FA on EAE and its mechanism. METHODS: EAE was induced in C57BL/6 mice treated with FA (20/60 mg/kg) from day 7. Clinical scores, histopathology (H&E, LFB, immunofluorescence), flow cytometry, and spinal cord RNA sequencing were analyzed. Network pharmacology, molecular docking, molecular dynamics (MD) simulations, and surface plasmon resonance (SPR) were employed to identify and validate the target of FA. In vitro studies using BV2 microglia with Tnfaip2 knockdown/overexpression confirmed the mechanism via qRT-PCR and Western blot. RESULTS: FA treatment dose-dependently alleviated clinical severity. While the 20 mg/kg dose showed a trend toward improvement without statistical significance, the 60 mg/kg dose significantly reduced CNS inflammation and demyelination. FA decreased peripheral Th1 cells in EAE mice. It suppressed microglial activation and pro-inflammatory markers (IL-1β, TNF-α, iNOS) expression. Transcriptomics and network analysis pinpointed TNF-α-induced protein 2 (Tnfaip2) in the TNF pathway. FA directly bound Tnfaip2 (KD = 28 µM), validated by docking, MD simulations, and SPR. In vitro, FA inhibited LPS-induced pro-inflammatory polarization and the Tnfaip2/NF-κB pathway in BV2 cells. Tnfaip2 overexpression abolished the anti-inflammatory effects of FA. CONCLUSION: FA ameliorates EAE by suppressing pro-inflammatory microglial polarization via directly targeting Tnfaip2 and inhibiting the NF-κB pathway. This identifies the Tnfaip2/NF-κB axis as a potential therapeutic target for MS.
Q3_target_validation	96	42526773	2026	A	Contains direct engagement or target-specific functional evidence.		binding_engagement;docking_only;generic_experiment;method_weak;network_pharmacology	Cordycepin inhibits pancreatic cancer progression and enhances gemcitabine sensitivity by targeting the CDK2/E2F2 axis to modulate TNNI2 expression.	Cordycepin, a natural nucleoside analogue, exhibits anti-inflammatory and antitumor activity in multiple malignancies. However, the molecular basis of its action in pancreatic cancer and its potential role in chemosensitization remain incompletely defined. In this study, the effects of cordycepin on malignant phenotypes of pancreatic cancer cells were investigated in vitro. Network pharmacology was applied to identify candidate targets and construct a disease-drug-target-pathway network. Reverse virtual screening and molecular docking were used to predict key binding proteins, while RNA sequencing identified downstream pathways regulated by cordycepin. Target engagement was validated using cellular thermal shift assays, molecular docking, and molecular dynamics simulations. The underlying mechanistic pathways were further confirmed by functional experiments, and the therapeutic efficacy of cordycepin in combination with gemcitabine was evaluated. Our results demonstrated that cordycepin reduced the growth of pancreatic cancer cells and induced G2/M phase arrest and apoptosis. Network pharmacology identified 56 hub targets enriched in oncogenic pathways, including PI3K/AKT pathway. Reverse virtual screening revealed 111 candidate binding proteins, and intersection with hub targets highlighted five key effectors: CDK2, GSK3B, IL2, NOS3, and PARP1. Transcriptomic profiling showed marked disruption of cell cycle pathways, and CDK2 was validated as a direct molecular target of cordycepin. Cordycepin suppressed TNNI2 transcription by inhibiting the CDK2/E2F2 axis. Furthermore, cordycepin acted synergistically with gemcitabine to enhance antitumor responses and promote apoptosis in pancreatic cancer models. Collectively,cordycepin exerts antitumor activity in pancreatic cancer by targeting the CDK2/E2F2 axis to suppress malignant progression and by concurrently sensitizing cells to gemcitabine, thus holding promise as a therapeutic agent.
Q3_target_validation	97	42525372	2026	A	Contains direct engagement or target-specific functional evidence.		docking_only;functional_mediation;generic_experiment;network_pharmacology	Quercetin exerts radioprotective effects against radiation-induced intestinal injury with involvement of the PI3K-AKT/Caspase-3 axis.	Radiation-induced intestinal injury (RIII) significantly limits the efficacy of abdominal and pelvic radiotherapy while also impairing patient quality of life. This condition is primarily driven by excessive reactive oxygen species (ROS) and dysregulation of Caspase-dependent apoptosis. Quercetin (QUE), a natural antioxidant flavonoid, exhibits radioprotective potential; however, the key signaling pathways it employs to regulate radiation-induced apoptosis remain to be elucidated. In vitro studies, IEC-6 cells (1-10 µg/mL QUE pretreatment followed by 0-8 Gy X-ray exposure) were conducted to analyze proliferation, clonogenic survival, ROS levels, apoptosis, and expression of RIII-related proteins and genes. Network pharmacology identified 47 overlapping targets associated with QUE and RIII, with AKT1 and CASP3 identified as hub targets, and the PI3K-AKT pathway recognized as a key regulatory pathway. A Caspase-3/7 inhibitor (HY-103346, H10) and AutoDock-Vina docking analysis were used to explore the involvement of Caspase-3-related apoptotic signaling. In vivo experiments using Drosophila melanogaster (W1118) involved groups subjected to control, 50 Gy irradiation alone, or 50 Gy combined with 1/5/10/50 µg/mL QUE. Lifespan, locomotor capacity, and intestinal ROS levels were assessed, including validation with DCP-1RNAi transgenic flies (DCP-1: Drosophila Caspase-3 homolog). In vitro findings revealed that QUE enhanced the viability of irradiated IEC-6 cells, reduced ROS and apoptosis, upregulated anti-apoptotic markers (p-AKT, p-PI3K and p-mTOR), and downregulated pro-apoptotic markers (cleaved-Caspase-3 and Cytochrome C), while H10 inhibited the effects of QUE. Molecular docking suggested a potential interaction between QUE and Caspase-3 through hydrogen bonds and hydrophobic interactions to inhibit its activation. In vivo, pre-irradiation gavage of 10 µg/mL QUE mitigated RIII in Drosophila, an effect that was abolished in DCP-1 knockdown flies. In summary, QUE protects against RIII by scavenging ROS and modulating apoptosis-related signaling, with evidence supporting the involvement of the PI3K-AKT/Caspase-3 axis, with the PI3K-AKT/Caspase-3 axis identified as central to these protective effects. This study underscores the clinical potential of QUE for RIII and offers insights into the targeting of apoptosis for radioprotection.
Q3_target_validation	98	42525294	2026	A	Contains direct engagement or target-specific functional evidence.		docking_only;functional_mediation;generic_experiment;network_pharmacology	Integrated computational and in vitro investigation to explore the preliminary anti-proliferative and anti-mitotic potential of γ-oryzanol against breast cancer.	This study investigated the preliminary role of γ-oryzanol (γ-O) against breast cancer through computational and in vitro analyses. Reference protein set (RPS) and functional enrichment set (FES) proteins were identified and subjected to network pharmacology. Pharmacogenomics analysis assessed expression profiles and survival associations. Molecular docking of γ-O with PIK3CA, AKT1, AKR1C3, ESR1, and MAPK1 was performed, followed by molecular dynamics (MD) simulation of the γ-O-PIK3CA complex. Brine shrimp lethality assay (BSLA) evaluated the effect of γ-O on nauplii survival and percentage lethality. Allium cepa root tip assay (ACARTA) assessed the effect of γ-O in number and length of roots. Cell viability assay evaluated MCF-7 cell viability after γ-O treatment. Target validation and network pharmacology suggested the relevance of RPS and FES with cancer-associated pathways. Pharmacogenomics analysis highlighted FES overexpression with reduced survival associations and cancer progression. Molecular docking predicted interaction of γ-O with PIK3CA (- 9.1 kcal/mol), AKT1 (- 7.2 kcal/mol), AKR1C3 (- 12.3 kcal/mol), ESR1 (- 8.3 kcal/mol), and MAPK1 (- 8.9 kcal/mol). MD simulation indicated the stability of γ-O-PIK3CA complex. γ-O treatment significantly (P-value < 0.05) reduced nauplii survival and increased percentage lethality. The number and length of roots reduced significantly (P-value < 0.05) in γ-O-treated roots. γ-O produced a significant (P-value < 0.05) concentration-dependent reduction in cell viability (half-maximal inhibitory concentration = 352.57 ± 48.51 µg/mL). BSLA, ACRTA, and cell viability assay demonstrated preliminary cytotoxic, anti-mitotic, and anti-proliferative effects of γ-O, aligned with computational target and interaction analyses. Further studies are required to validate its mechanistic relevance against breast cancer.
Q3_target_validation	99	42525139	2026	A	Contains direct engagement or target-specific functional evidence.		functional_mediation;generic_experiment;network_pharmacology	TRIM24 Impediment suppresses VSMC modulation and attenuates neointimal hyperplasia via redox and autophagy pathways.	BACKGROUND: Excessive vascular smooth muscle cell (VSMC) proliferation/survival is a critical event underlying restenosis and vascular remodeling. Tripartite motif-containing 24 (TRIM24) is an oncogenic TRIM family protein with E3 ubiquitin ligase and transcriptional co-regulator functions. This study aimed to elucidate the critical role of TRIM24 in modulating VSMC functions and neointimal hyperplasia. METHODS AND RESULTS: Our in-silico network pharmacology analysis revealed that the TRIM24 inhibitor, IACS-9571, engages multiple hub genes and key pathways involved in VSMC proliferation, apoptosis, autophagy, migration, and extracellular matrix remodeling. Using Western blot and immunofluorescence analysis, we found that platelet-derived growth factor-BB (PDGF-BB) stimulation of murine primary aortic VSMCs, significantly upregulated TRIM24 expression. SiRNA-mediated knockdown of TRIM24 attenuated PDGF-BB-induced VSMC proliferation. Pharmacological inhibition of TRIM24 using IACS-9571 markedly suppressed PDGF-BB-induced VSMC proliferation, migration, and phenotypic switching. Furthermore, TRIM24 blockade enhanced autophagy in VSMCs, as evidenced by elevated LC3 and Beclin-1 protein levels, accumulation of LC3 puncta and transcriptional upregulation of autophagy-related genes, namely ATG7 and ATG4B. Also, TRIM24 inhibition reduced AKT and mTOR activation compared to PDGF-BB-stimulated VSMCs. Concurrently, TRIM24 inhibition elevated mitochondrial ROS levels, upregulated BAX expression, a pro-apoptotic gene, and significantly enhanced apoptosis, as confirmed by TUNEL and Annexin V/PI assays. In vivo, Immunofluorescence analysis demonstrated elevated TRIM24 expression within the neointimal regions. Perivascular application of the TRIM24 inhibitor prevented wire injury-induced neointimal hyperplasia. CONCLUSION: These findings identify TRIM24 as a key regulator of VSMC proliferation, migration, and phenotypic switching. Targeting TRIM24 promotes autophagy and induces apoptosis, offering a promising strategy to limit neointimal hyperplasia and pathological vascular remodeling.
Q3_target_validation	100	42503375	2026	A	Contains direct engagement or target-specific functional evidence.		context;docking_only;functional_mediation;generic_experiment;network_pharmacology	Naringenin from Citrus aurantium L. alleviates loperamide-induced constipation by inhibiting excessive autophagy-mediated apoptosis in interstitial cells of Cajal via the AKT1 signaling pathway.	Constipation is a prevalent gastrointestinal disorder frequently associated with the dysfunction and loss of Interstitial Cells of Cajal (ICCs). Zhishi, the dried young fruit of Citrus aurantium L. (CAL), is a traditional medicine used for constipation; however, its specific bioactive constituents and mechanisms of action remain unclear. This study aimed to investigate the therapeutic effects of CAL flavonoid extract and its primary components on constipation. CAL flavonoid extract significantly alleviated symptoms in a loperamide-induced mouse model of constipation by improving fecal parameters, accelerating gastrointestinal transit, ameliorating colonic pathological damage and increasing intestinal barrier integrity. These protective effects were linked to the inhibition of ICCs apoptosis. Combined LC-MS/MS analysis and network pharmacology identified naringenin as a key bioactive flavonoid and AKT1 as its primary molecular target. This interaction was supported by molecular docking, which showed a strong binding affinity between naringenin and AKT1. In vivo experiments confirmed that naringenin administration recapitulated the effects of the CAL flavonoid extract, protecting ICCs from excessive autophagy, apoptosis, and oxidative stress. Further in vitro studies using primary ICCs isolated from constipated mice demonstrated that naringenin enhanced cell viability, inhibited apoptosis, and mitigated mitochondrial dysfunction and oxidative stress. Crucially, these protective effects of naringenin were abolished when AKT1 expression was silenced using siRNA, confirming that naringenin functions through the AKT1 pathway. In conclusion, this study demonstrates that naringenin alleviates constipation by targeting the AKT1 signaling pathway to inhibit excessive autophagy-induced apoptosis and oxidative stress in ICCs, providing a scientific basis for the traditional use of CAL.
Q4_exposure_target_phenotype_chain	1	42173417	2026	A	Combines measured exposure with engagement or functional target evidence.		context;docking_only;functional_mediation;generic_experiment;measured_exposure;network_pharmacology	Mechanistic elucidation of the therapeutic effects of Fushen Xiezhuo formula on chronic kidney disease.	ETHNOPHARMACOLOGICAL RELEVANCE: Fushen Xiezhuo Formula (FSXZF) is a classical traditional Chinese medicine (TCM) prescription used to invigorate the spleen and reinforce the kidney, as well as to activate blood circulation and eliminate turbidity. Clinical practice has demonstrated its beneficial effects in chronic kidney disease (CKD). However, the specific bioactive constituents and molecular mechanisms responsible for its renoprotective actions remain insufficiently defined. OBJECTIVE: The active chemical components and therapeutic mechanisms of FSXZF in an adenine-induced rat model of CKD were systematically investigated. METHODS: A multidisciplinary strategy integrating serum pharmacochemistry, network pharmacology, molecular docking, and metabolomics was employed to comprehensively analyze the pharmacological basis of FSXZF against CKD. First, serum-absorbed constituents following oral administration of FSXZF were characterized using UHPLC-HRMS. CKD-related targets were subsequently predicted, and a component-target interaction network was constructed to identify potential hub targets. Molecular docking between the bioactive compounds and potential targets was conducted. A CKD model was further established by oral administration of adenine to rats (250 mg kg-1·day-1) for three consecutive weeks, a widely accepted protocol that recapitulates sustained renal dysfunction and pronounced tubulointerstitial fibrosis. Successfully modeled animals were randomly allocated to a Model group, a high-dose FSXZF group (FSXZF-H, 32.5 g kg-1·day-1), and a low-dose FSXZF group (FSXZF-L, 16.3 g kg-1·day-1), with treatments administered once daily for four weeks. A healthy Control group was maintained in parallel. At study termination, rats were euthanized for evaluation of body weight and renal functional parameters. Renal inflammatory cytokines (IL-1β, TNF-α, IL-17), oxidative stress markers (MDA, SOD, GSH-Px), and metabolic indicators (ATP, lactate, pyruvate) were quantified by ELISA. Western blotting was applied to assess protein changes related to the PI3K/AKT/mTOR-HIF-1α axis and glycolipid metabolism. Histopathological changes, fibrosis, and lipid accumulation were examined using H&E, Masson's trichrome, and Oil Red O staining, respectively. Mitochondrial ultrastructure was evaluated by transmission electron microscopy, and mitochondrial membrane potential and renal ROS levels were also assessed. Finally, untargeted UHPLC-HRMS-based metabolomics of kidney tissue was performed for the identification of differential metabolites and associated pathways, providing mechanistic insight into FSXZF-mediated metabolic regulation in CKD. RESULTS: UHPLC-HRMS analysis identified 260 FSXZF-related circulating constituents, comprising 39 prototype compounds and 221 metabolites. Network pharmacology analysis based on the 39 parent compounds revealed significant enrichment of pathways related to PI3K/AKT signaling, HIF-1α signaling, and lipid metabolism and atherosclerosis. In vivo studies demonstrated that FSXZF exerted marked renoprotective effects in adenine-induced CKD rats. Treatment with FSXZF significantly increased body weight, reduced the kidney index, alleviated histopathological damage, and improved renal function, as evidenced by reductions in SCr, BUN, UA, and ACR (P < 0.05). In addition, FSXZF markedly suppressed renal overexpression of IL-1β, TNF-α, and IL-17, decreased MDA and ROS levels, enhanced SOD and GSH-Px activities, restored mitochondrial membrane potential, increased ATP production, reduced lactate and pyruvate accumulation, and was associated with lower phosphorylation levels of PI3K/AKT/mTOR and reduced HIF-1α expression (P < 0.05). Untargeted metabolomic analysis identified 32 core differential metabolites, primarily involved in energy and lipid metabolism pathways, including primary bile acid biosynthesis and one-carbon metabolism via the folate pool. These findings provide metabolic evidence supporting an association between FSXZF treatment and coordinated modulation of metabolic networks in CKD. CONCLUSIONS: FSXZF ameliorated renal dysfunction and tubulointerstitial fibrosis in adenine-induced CKD rats. These benefits were associated with reduced activation of the PI3K/AKT/mTOR-HIF-1α axis, attenuated inflammation and oxidative stress, and partial restoration of disturbed energy metabolism. Integrated evidence from serum pharmacochemistry, network analysis, molecular docking, in vivo assays, and renal metabolomics supports FSXZF as a multi-target therapeutic candidate against CKD; however, pathway dependency remains to be validated.
Q4_exposure_target_phenotype_chain	2	41974236	2026	A	Combines measured exposure with engagement or functional target evidence.		binding_engagement;context;docking_only;generic_experiment;measured_exposure;network_pharmacology	Integrating serum pharmacochemistry and network pharmacology to elucidate the bioactive constituents and pharmacological mechanisms of Simiao Yong'an decoction in amelioration of insulin resistance in type 2 diabetes mellitus via PI3K/AKT pathway.	ETHNOPHARMACOLOGICAL RELEVANCE: Simiao Yong'an Decoction (SMYAD) is a classic heat-clearing and detoxifying formula that has been applied for centuries in Traditional Chinese Medicine (TCM). It is clinically employed to treat type 2 diabetes mellitus (T2DM) and associated complications, yet its potential active components and pharmacological mechanism of action remain incompletely defined. OBJECTIVE: This study employed an integrated strategy combining serum pharmacochemistry and network pharmacology, with experimental validation in vivo, to systematically elucidate the potential active components of SMYAD and their mechanisms in ameliorating insulin resistance in T2DM. MATERIALS AND METHODS: The chemical constituents of SMYAD in vitro and its serum migrant components in both normal and T2DM model rats were identified by UPLC-Q-Exactive Orbitrap-MS/MS, with differences between the two groups compared. By focusing on the differential components, network pharmacology was employed to screen for core targets and key pathways. The pharmacodynamic effect of SMYAD alleviating T2DM was demonstrated by in vivo experiments. Furthermore, molecular docking and molecular dynamics (MD) simulations were employed to predict the interaction patterns between the pathologically specific serum migrant components of SMYAD and the key targets, with surface plasmon resonance (SPR) experiments confirming their binding affinities, thereby elucidating the pharmacodynamic basis at the molecular level. RESULTS: In the analysis of SMYAD's in vitro components, a total of 121 constituents were identified. In the serum migration study, 16 prototype components were detected in normal rats and 21 in T2DM model rats, with 14 components common to both groups. These shared components mainly included organic acids, terpenoids, glycosides, amino acids, and their derivatives. The two differential components in normal rats were identified as coumarin derivatives, while the seven differential components in T2DM model rats primarily consisted of flavonoids, terpenoids, and glycosides. Network pharmacology analysis identified 2191 diabetes-related targets, with degree-based screening yielding 32 key targets under physiological conditions and 46 under pathological conditions. GO and KEGG analyses suggested that the PI3K/AKT signaling pathway may play a key role in alleviating T2DM, and the prediction was subsequently validated in the T2DM rat. Molecular docking and MD studies revealed that Formononetin and Licorice saponin K2 exhibited strong binding affinity with AKT1, which was further confirmed by SPR results demonstrating effective interaction between these components and the target. CONCLUSION: Component analysis results indicated that the in vitro constituents of SMYAD were primarily flavonoids, organic acids, amino acids, and terpenoids. Serum pharmacochemistry findings revealed differences in the types of serum migrant components between normal rats and T2DM model rats. Under pathological conditions, the differential components were predominantly flavonoids, terpenoids, and glycosides. This suggests that the pathological state influences the absorption of these components, and that they may be the potential active components responsible for alleviating T2DM. Network pharmacology analysis combined with animal experiments verified that the PI3K/AKT pathway is the key signaling mechanism for ameliorating insulin resistance in T2DM.
Q4_exposure_target_phenotype_chain	3	41935649	2026	A	Combines measured exposure with engagement or functional target evidence.		binding_engagement;context;docking_only;generic_experiment;measured_exposure;network_pharmacology	Sanhuang Xiexin decoction ameliorates acute lung injury by disrupting NEK7-NLRP3 inflammasome activation.	ETHNOPHARMACOLOGICAL RELEVANCE: Acute lung injury (ALI) is a life-threatening condition with high mortality and limited treatment options. While Sanhuang Xiexin Decoction (SHXXD) has shown clinical potential in treating ALI, its molecular mechanism remains incompletely understood. AIM OF THE STUDY: This study investigates whether SHXXD alleviates ALI by targeting the NEK7-NLRP3 axis, thereby inhibiting inflammasome activation and pyroptosis. MATERIALS AND METHODS: The chemical constituents and blood-absorbed components of SHXXD were characterized by UPLC-Q-TOF-MS. Its protective effects were evaluated both in vivo and in vitro. Network pharmacology and transcriptomics were integrated to identify key pathways. Co-immunoprecipitation (Co-IP), Western blotting, and immunofluorescence were used to assess NEK7-NLRP3 inflammasome assembly and pyroptosis. Molecular docking, molecular dynamics simulations, cellular thermal shift assay (CETSA), and surface plasmon resonance (SPR) were employed to evaluate the binding of SHXXD constituents to NEK7. RESULTS: A total of 61 compounds were identified in SHXXD, with 17 prototypes and 77 metabolites detected in circulation. SHXXD markedly attenuated pulmonary inflammation and suppressed NLRP3 inflammasome-driven pyroptosis in vivo and in vitro. Co-IP showed that SHXXD impaired the interaction between NEK7 and NLRP3. Among the blood-absorbed constituents, wogonoside was identified as a NEK7-binding component and showed stable interaction with NEK7, as supported by docking, CETSA, and SPR. CONCLUSION: SHXXD exerts protective effects against ALI by disrupting the NEK7-NLRP3 interaction, which subsequently inhibits inflammasome assembly and pyroptosis. Wogonoside may contribute to this mechanism, although the overall therapeutic efficacy likely results from multi-component synergism.
Q4_exposure_target_phenotype_chain	4	41924844	2026	A	Combines measured exposure with engagement or functional target evidence.		binding_engagement;docking_only;generic_experiment;measured_exposure;network_pharmacology	Targeted screening of phenylpropanoids from Dendropanax proteus for rheumatoid arthritis therapy and mechanistic insights.	Rheumatoid arthritis (RA) is a chronic inflammatory disorder. Toll-like receptor 4 (TLR4) and cyclooxygenase-2 (COX-2) are key mediators in its pathogenesis. Despite their crucial role, few studies have examined inhibitors targeting the TLR4-COX-2 axis. In this study, a combination of affinity ultrafiltration (AUF), surface plasmon resonance (SPR), serum pharmacochemistry, UHPLC-MS/MS, network pharmacology, cellular thermal shift assay (CETSA), isothermal dose-response (ITDR), and drug affinity-responsive target stability (DARTS) techniques were employed to explore TLR4-COX-2 inhibitors from Dendropanax proteus root extract (DPR). As a result, 10 phenylpropanoids were successfully identified from DPR. These constituents exhibited COX-2 inhibitory activity, with IC₅₀ values ranging from 5.2 to 36.2 μM. Molecular docking and molecular dynamics simulations confirmed their strong binding affinity to COX-2. In TNF-α-stimulated MH7A cells, these constituents significantly decreased COX-2 and PGE2 protein expression at concentrations of 2.5 and 5 μM. DPR modulates TLR4-mediated inflammatory signaling pathway against RA through network pharmacology, which was confirmed by CETSA, ITDR, and DARTS experiments. These phenylpropanoids significantly reduced TLR4 protein expression in TNF-α-stimulated MH7A cells at concentrations of 2.5 and 5 μM. Collectively, phenylpropanoids are the major anti-RA constituents of DPR, exerting their effects by inhibition of the TLR4-COX-2 signaling axis. While these findings are limited to in vitro and in silico models, they provide a strong scientific foundation for future in vivo efficacy studies and structural optimization of these phenylpropanoid leads.
Q4_exposure_target_phenotype_chain	5	42083411	2026	A	Combines measured exposure with engagement or functional target evidence.		context;docking_only;functional_mediation;generic_experiment;measured_exposure;network_pharmacology	The Integration of Pharmacokinetics, Cardiac Tissue Distribution, Network Pharmacology, and Experimental Verification to Reveal the Bioactive Components and Pharmacological Mechanisms of Guanxinning Tablet Against Coronary Heart Disease.	INTRODUCTION: Coronary heart disease (CHD) is a leading cause of morbidity and mortality worldwide, yet therapeutic options remain limited. Guanxinning tablet (GXNT), a component-based Chinese medicine containing Danshen and Chuanxiong, has demonstrated clinical efficacy and safety for CHD patients with heart-blood stagnation syndrome. However, its bioactive constituents and underlying pharmacological mechanisms remain undefined. This study aimed to identify the bioactive components of GXNT and elucidate its anti-CHD mechanisms. METHODS: The pharmacokinetics and cardiac distribution of five GXNT constituents were investigated using a validated ultra-performance liquid chromatography-tandem mass spectrometry (UPLC-MS/MS) method. Network pharmacology revealed pivotal targets and pathways against CHD, which were verified by molecular docking and in vitro experiments. RESULTS: A validated UPLC-MS/MS method was developed to quantify danshensu, salvianolic acid B, protocatechuic acid, ferulic acid, and senkyunolide I in biological samples. These compounds showed promising in vivo bioactivity, marked by rapid absorption, high systemic exposure, and efficient cardiac distribution. The detailed network analyses linked GXNT's efficacy to inflammation-related pathways, identifying TLR4, NFKB1, TNF, IL6, IL1B, and AKT1 as hub targets. The docking results confirmed strong binding affinities between five compounds and these targets. Cell experiments demonstrated that GXNT and its bioactive components exerted cardioprotection by normalizing the overexpression of key inflammatory factors. DISCUSSION: Firstly, the pharmacokinetic properties of GXNT's bioactive components require further investigation using a rodent disease model of CHD. Secondly, in vivo follow-up animal experiments are needed to validate the present findings further. Thirdly, beyond inflammation-related signaling pathways, the relationship between GXNT's anti-CHD action and other enriched pathways (e.g., the AGE-RAGE signaling pathway in diabetic complications, the HIF-1 signaling pathway, and the PI3K-Akt signaling pathway) warrants further exploration. CONCLUSION: The favorable pharmacokinetics and cardiac distribution of five GXNT constituents underscored their bioactive potential. GXNT and its bioactive compounds exerted cardioprotective effects against CHD, partly by regulating TLR4/NF-κB-mediated inflammation-related pathways. These findings provide insights into the bioactive components and mechanisms of GXNT against CHD, supporting its further development and quality control.
Q4_exposure_target_phenotype_chain	6	41970211	2026	A	Combines measured exposure with engagement or functional target evidence.		docking_only;functional_mediation;generic_experiment;measured_exposure;network_pharmacology	Integrated Serum Pharmacochemistry, Network Pharmacology, and Transcriptomics Reveal the Mechanisms and Active Constituents of Qingfei Huoxue Decoction Against Bleomycin-Induced Pulmonary Fibrosis.	BACKGROUND: Pulmonary fibrosis (PF) is a progressive and fatal interstitial lung disorder with limited therapeutic options, as current drugs like pirfenidone and nintedanib offer only modest benefits and carry adverse events. Given the lung-protective and anti-inflammatory activities of Qingfei Huoxue decoction (QFHXD), its anti-PF efficacy, pharmacological mechanisms, and active constituents warrant further investigation. METHODS: A bleomycin (BLM)-induced PF mouse model was used to assess QFHXD's efficacy. The bioactive components of QFHXD and their distribution in lung tissue were identified in vivo through serum pharmacochemistry. An integrative approach combining network pharmacology, transcriptomics, and molecular validation was employed to elucidate the QFHXD's therapeutic mechanisms. The anti-PF active substances were defined by cellular immunofluorescence and molecular docking. RESULTS: Treatment with QFHXD effectively preserved alveolar integrity, suppressed inflammation, reduced expression of pro-fibrotic markers, and decreased extracellular matrix deposition, thereby improving histopathology and survival in PF mice. Serum pharmacochemistry identified 46 QFHXD absorbable and lung-distributed compounds. Integrated component-target-disease network and transcriptome analyses revealed a central role of anti-inflammation and anti-apoptosis for QFHXD against PF. Indeed, QFHXD inhibited the overexpression of pivotal inflammatory mediators TLR2, TLR4, NF-κB, IL-1β, IL-6, TNF-α, TGF-β1, CCL2, SPP1, and MMP9 in fibrotic lung tissues. QFHXD also ameliorated the apoptotic phenotype and reduced the dysregulated levels of Bcl2, Bax, and Caspase-3 expression. QFHXD and several of its active components normalized pro-fibrotic markers Fibronectin and Collagen I in TGF-β1-stimulated MRC-5 cells, an effect mediated by their multi-target binding to key PF-related proteins (TGF-β1, TLR4, CCL2, SPP1, MMP9, and Caspase-3), as supported by molecular docking. CONCLUSION: Our findings demonstrated a potent anti-PF efficacy of QFHXD, attributed at least in part to its multi-targeted anti-inflammatory and anti-apoptotic activities. Loganin, baicalein, baicalin, oroxylin A, peimine, peiminine, tanshinone IIA, nobiletin, and paeoniflorin were identified as the primary active components of QFHXD against PF.
Q4_exposure_target_phenotype_chain	7	41977470	2026	A	Combines measured exposure with engagement or functional target evidence.		binding_engagement;context;docking_only;functional_mediation;measured_exposure;network_pharmacology	Multi-Omics and Functional Validation Identify a Quercetin-SLC15A2 Axis That Mediates the Anti-Fibrotic Effect of Shen-Kang Recipe in Diabetic Kidney Disease.	Diabetic kidney disease (DKD) is a leading cause of end-stage renal disease. The Shen-Kang Recipe (SKR) is a traditional Chinese medicine formula used clinically to slow DKD progression, but its bioactive constituents and molecular targets remain unclear. Solute carrier family 15 member 2 (SLC15A2/PEPT2), a high-affinity peptide transporter expressed in renal proximal tubules, has been implicated in kidney pathophysiology, yet its potential role in mediating the therapeutic effects of the SKR has not been explored. Here, we evaluated the effects of the SKR in db/db mice and found that SKR treatment significantly improved renal function, attenuated glomerulosclerosis, and reduced interstitial collagen deposition. Wide-target metabolomics and quantitative proteomics revealed that the SKR broadly reversed DKD-associated metabolic and proteomic disturbances, particularly in pathways related to energy and amino acid metabolism. Proteomic analysis identified SLC15A2 as a key proximal tubule protein downregulated in DKD and selectively restored by the SKR. UPLC-Q-TOF/MS-based serum pharmacochemistry and network pharmacology highlighted quercetin as a principal bioactive component of the SKR. Molecular docking, molecular dynamics simulations, and surface plasmon resonance (SPR) confirmed direct, high-affinity binding between quercetin and SLC15A2 (KD = 7.5 µM). In TGF-β1-stimulated HK-2 cells, quercetin suppressed epithelial-mesenchymal transition (EMT), as evidenced by restored E-cadherin and reduced N-cadherin, vimentin, and α-SMA expression; this effect was abrogated by siRNA-mediated SLC15A2 knockdown, demonstrating the functional necessity of this axis. Collectively, these findings identify a quercetin-SLC15A2 axis through which the SKR inhibits EMT and alleviates renal fibrosis in DKD, providing a mechanistic basis for its clinical application and nominating SLC15A2 as a potential therapeutic target.
Q4_exposure_target_phenotype_chain	8	41389885	2026	A	Combines measured exposure with engagement or functional target evidence.		binding_engagement;context;docking_only;generic_experiment;measured_exposure;method_weak;network_pharmacology	Unraveling the mechanisms of Schisandra Chinensis Mixture against diabetic nephropathy by integrating serum pharmacochemistry, network pharmacology, transcriptomics, and metabolomics.	ETHNOPHARMACOLOGICAL RELEVANCE: Schisandra Chinensis Mixture (SM), a classic TCM formula derived from Bugan Decoction in Zhang Sanxi's Medical Essentials in Six Parts (1615 CE), has demonstrated efficacy in treating diabetic nephropathy (DN), though its underlying mechanisms await full elucidation. AIM OF THE STUDY: To decipher the specific composition of SM and its synergistic mechanisms against DN, focusing on ferroptosis regulation, using an integrative multi-omics approach. MATERIALS AND METHODS: The bioactive components absorbed into the bloodstream (serum pharmacochemistry) after SM administration were identified using UPLC-ESI-MS/MS. Network pharmacology was employed to predict the main therapeutic targets and biological pathways related to SM's anti-DN effects. Molecular docking and surface plasmon resonance (SPR) assays validated interactions between key SM components and core target proteins. A DN rat model was established using a high-sugar, high-fat diet combined with streptozotocin injection. The effectiveness of SM in safeguarding the kidneys was evaluated by the renal index, liver and kidney function, blood glucose and lipid levels, histological analysis, and ferroptosis-related indices in renal tissue. To clarify the mechanism of SM, a combined analysis of metabolomics and transcriptomics was conducted, revealing changes in glycerophospholipid metabolism and the inhibition of ferroptosis. Key findings from multi-omics, serum pharmacochemistry, and network pharmacology were further validated using RT-PCR, western blot, ELISA, immunofluorescence (IF), and immunohistochemistry (IHC). RESULTS: 22 prototype compounds derived from SM were characterized using serum pharmacochemistry. Using network pharmacology, we identified 206 common targets of SM for DN treatment. Notably, protein-protein interaction and enrichment analyses highlighted mitochondrial energy restoration, atherosclerosis, lipid metabolism disorders, and ferroptosis as key mechanisms underlying the anti-DN effects of SM. According to molecular docking and SPR analyses, the principal components strongly bind to the core targets. Pharmacodynamic studies indicated that SM significantly enhanced liver and kidney function, improved lipid metabolism indices, and ameliorated pathological characteristics in DN. SM aided in restoring mitochondrial structure and function while also inhibiting oxidative stress and ferroptosis phenotypes. Integrated metabolomics and transcriptomics analyses revealed significant disruptions in the glycerophospholipid metabolism pathway in DN rats, which SM was able to rectify, thereby restoring the lipid metabolic balance impaired by DN. Further validation through RT-PCR, western blot, ELISA, IF, and IHC experiments confirmed SM's capacity to restore mitochondrial structure and function, reduce lipid peroxidation, and inhibit ferroptosis in DN by regulating key genes, enzymes and metabolites in the glycerophospholipid metabolism pathway. CONCLUSIONS: This study provides initial insights into the mechanism through which SM may inhibit ferroptosis in DN, potentially involving glycerophospholipid reprogramming to support mitochondrial integrity. Our observations contribute to a broader understanding of relevant metabolic pathways and key genes associated with this process. The methodological framework applied here helps clarify the multi-compartmental suppression of lipid peroxidation by SM, laying a tentative foundation for future research on phytotherapeutic strategies targeting ferroptosis.
Q4_exposure_target_phenotype_chain	9	41106101	2025	A	Combines measured exposure with engagement or functional target evidence.		binding_engagement;docking_only;functional_mediation;generic_experiment;measured_exposure;network_pharmacology	Zexieyin formula attenuates Alzheimer's disease via suppressing A1 astrocyte activation: A serum pharmacochemistry and network pharmacology study.	BACKGROUND: Disruption of the blood-brain barrier (BBB) is a critical pathological event in Alzheimer's disease (AD) progression. The ZeXieYin Formula (ZXYF), as described in the ancient Chinese medical text Huangdi Neijing, has shown multitarget neuroprotective effects and promising pharmacokinetics in preclinical studies with transgenic AD rodent models. Despite these findings, the exact molecular mechanisms by which its bioactive components interact with BBB regulatory pathways are not fully understood, necessitating comprehensive analysis through integrated systems pharmacology approaches. PURPOSE: The primary objective of this study is to explore the protective properties of ZXYF against BBB disruption in the context of AD. Additionally, the investigation seeks to elucidate the molecular pathways underlying the therapeutic effects of ZXYF in this scenario. METHODS: In vivo, APP/PS1 mice modeled AD. Y-maze and MWM tests assessed ZXYF's effects on cognition. Transmission electron microscopy (TEM) evaluated ZXYF's impact on BBB ultrastructure, while immunohistochemistry (IHC) and western blotting (WB) quantified tight junction (TJ) protein expression. Immunofluorescence detected GFAP (astrocytic marker), and ELISA measured hippocampal neuroinflammatory cytokines. Bioactive ZXYF components in systemic circulation were identified via UPLC-Q-TOF-MS/MS, followed by compound-target network construction and computational prioritization of AD pathways via multiplex network analysis. In vitro, ZXYF (2/6 mg/ml, 24 h) was applied to two BBB models: (1) LPS+TNF-α+IL-1α-stimulated bEnd.3 monolayers and (2) bEnd.3/C8-D1A astrocyte co-cultures. qPCR and WB assessed A1-specific astrocyte gene and protein expression. Molecular docking, Molecular dynamics (MD), Cellular thermal shift assay (CETSA) and Surface plasmon resonance (SPR) binding analysis simulations characterized ZXYF constituent binding to JAK2. Furthermore, siRNA was applied to knockdown JAK2 in the C8-D1A cell to further verify the role of JAK2/STAT3 pathway in ZXYF inhibition of A1 astrocyte activation. RESULTS: Our findings demonstrated that ZXYF preserved BBB integrity and improved cognitive function in AD mice. Mechanistically, ZXYF restored TJ protein expression (ZO-1, occludin, claudin-5), attenuated astrocyte activation (GFAP↓), and reduced neuroinflammation. Systemic component analysis identified 13 major bioactive constituents of ZXYF. Network pharmacology and GO/KEGG enrichment revealed the JAK2/STAT3 pathway as the core mechanism underlying ZXYF's anti-AD effects. In vitro, ZXYF protected endothelial cells in co-cultured BBB models against LPS/cytokine-induced injury by suppressing A1 astrocyte polarization. Crucially, molecular docking/dynamics confirmed strong binding affinity of key ZXYF components to JAK2, while WB validated ZXYF-mediated inhibition of JAK2/STAT3 phosphorylation (p-JAK2↓, p-STAT3↓) in AD mice. CONCLUSIONS: Our study shows that ZXYF significantly improved cognitive impairments and maintained BBB integrity in an AD mouse model. Compositional analysis revealed 13 major bioactive components of ZXYF. Mechanistically, ZXYF inhibited A1 astrocyte activation by suppressing the JAK2/STAT3 signaling pathway, enhancing endothelial barrier function. These results provide a mechanistic foundation for further investigation of ZXYF's therapeutic potential for AD and other cognitive disorders involving BBB dysfunction.
Q4_exposure_target_phenotype_chain	10	40961540	2025	A	Combines measured exposure with engagement or functional target evidence.		binding_engagement;context;docking_only;generic_experiment;measured_exposure;network_pharmacology	Integrating serum pharmacochemistry, network pharmacology, and metabolomics to explore the protective mechanism of Hua-Feng-Dan in ischemic stroke.	BACKGROUND: The traditional Chinese medicine Hua-Feng-Dan (HFD) has shown efficacy against ischemic stroke, but how it works remains unclear. PURPOSE: To elucidate the mechanisms of action of HFD against ischemic stroke. METHODS: The effects of HFD on ischemic stroke injury were explored in rats subjected to middle cerebral artery occlusion/reperfusion (MCAO/R). The components of HFD and in serum was determined after oral administration using ultra-high performance liquid chromatography followed by mass spectrometry. Potential therapeutic targets of the HFD components in serum were identified through the combination of network pharmacology and metabolomic analysis of serum, then validated through molecular docking and surface plasmon resonance(SPR), as well as immunohistochemistry and western blotting of brain tissue. RESULTS: HFD alleviated nerve function injury, damage to cortical and hippocampal neurons, and oxidative stress induced by MCAO/R, while also shrinking cerebral infarctions and dampening inflammatory responses and neuronal apoptosis. The main ingredients of HFD are flavonoids and alkaloids. Network pharmacology based on chemical components in serum, followed by molecular docking and SPR, identified several potential therapeutic targets, including AKT1 and PIK3CA. Western blotting of brain tissue confirmed that HFD activated PI3K/AKT/mTOR signaling. Metabolomic analysis of serum revealed that HFD helped to renormalize stroke-perturbed metabolic pathways involving glycerophospholipids, arachidonic acid, primary bile acids and tryptophan. It also revealed that HFD downregulated ACHE, PTGS2, CYP19A1 and ALOX5, which immunohistochemistry of brain tissue confirmed. CONCLUSION: HFD exerts therapeutic effects in a rat model of ischemic stroke through multiple pathways and targets, including PI3K/AKT/mTOR signaling; metabolic pathways involving arachidonic and amino acids; and the enzymes encoded by ACHE, MAOA, PTGS2, CYP19A1, and ALOX5. These insights may guide further studies into the mechanisms of HFD, which may help optimize its formulation or lead to next-generation treatments based on individual components.
Q4_exposure_target_phenotype_chain	11	38663783	2024	B	Strong partial chain, but exposure or target-to-phenotype alignment remains unclear.		context;functional_mediation;generic_experiment;network_pharmacology	Sangbaipi decoction exerted in vitro and in vivo anti-influenza effect through inhibiting viral proteins.	HEADINGS ETHNOPHARMACOLOGICAL RELEVANCE: Sangbaipi Decoction (SBPD) is an effective treatment for lung diseases caused by phlegm-heat obstruction according to Jingyue Quanshu, and soothes panting by purging the lung meridian. It is composed of anti-pyretic herbs (e.g., Scutellaria baicalensis Georgi and Coptis chinensis Franch.) and antitussive herbs (e.g., Cortex Mori and Armeniacae Semen Amarum). Therefore, we hypothesized that SBPD has therapeutic effects on lung injury caused by influenza virus. AIM OF THE STUDY: This study aimed to explore anti-influenza activity, active components, and mechanisms of SBPD. MATERIALS AND METHODS: The anti-influenza activities of SBPD were determined in 48 h drug-treated MDCK cell model using CPE and plaque reduction assays, and 24 h drug-treated A549 cells using qRT-PCR. The in vivo efficacy of SBPD (1.0 g/kg/day and 0.5 g/kg/day) was evaluated in PR8 infected BALB/c mice. The chemical component was assessed through HPLC-Q-TOF MS/MS analysis. Network pharmacology was built via TCMSP, GeneCards, DisgeNet, OMIM, DrugBank databases, and Cytoscape software. Additionally, TOA, HI and NAI assays were employed to investigate impact on the virus replication cycle with different concentrations of SBPD (2.5 mg/mL, 1.25 mg/mL, or 0.625 mg/mL). RESULTS: In MDCK infected with viruses A/PR/8/34, A/Hong Kong/1/68, or A/California/4/2009, the IC50 values of SBPD were 0.80 mg/mL, 1.20 mg/mL, and 1.25 mg/mL. In A549 cells, SBPD treatment reduced cytokine expression (e.g., TNF-α, IL-6, IL-1β) (p < 0.05). In PR8 infected BALB/c mice, SBPD improved the survival rate of infected mice, reduced lung index (p < 0.05), protected lung tissue from pathological damage, and regulated cytokine overexpression (p < 0.05). 29 components of SBPD were identified in SBPD treated mouse serum including some phytochemicals targeting influenza proteins. HI and NAI assays suggested the potential antiviral mechanism of SBPD through inhibition of HA and NA. CONCLUSION: This study is the first to demonstrate the anti-influenza and the anti-inflammatory effects of SBPD in vitro and in vivo. Its major anti-influenza phytochemicals were explored and its inhibitory effects on HA and NA protein were proved. It provides more options for anti-influenza drug discovery.
Q4_exposure_target_phenotype_chain	12	38929100	2024	B	Strong partial chain, but exposure or target-to-phenotype alignment remains unclear.		binding_engagement;docking_only;functional_mediation;generic_experiment;network_pharmacology	Lianweng Granules Alleviate Intestinal Barrier Damage via the IL-6/STAT3/PI3K/AKT Signaling Pathway with Dampness-Heat Syndrome Diarrhea.	Dampness-heat syndrome diarrhea (DHSD) is a common clinical disease with a high prevalence but still has no satisfactory therapeutic medicine, so the search for a safe and effective drug candidate is ongoing. This study aims to explore the efficacy and mechanisms of Lianweng granules (LWG) in the treatment of DHSD and to identify the blood transport components of LWG. We assessed the efficacy of LWG in DHSD by various in vivo metrics such as body weight, disease activity index (DAI), histopathologic examination, intestinal barrier function, levels of inflammatory, apoptotic biomarkers, and oxidative stress. We identified the blood components of LWG using ultra-high performance liquid chromatography-mass spectrometry/mass spectrometry (UHPLC-MS/MS), and the resolved key components were used to explore the relevant targets. We next predicted the potential mechanisms of LWG in treating DHSD using network pharmacology and molecular docking based on the relevant targets. Finally, the mechanisms were validated in vivo using RT-qPCR, Western blotting, ELISA, and immunofluorescence and evaluated in vitro using Cell Counting Kit-8 (CCK-8), small interfering RNA, cellular enthusiasm transfer assay (CETSA), and drug affinity response target stability (DARTS). Ninety-one pharmacodynamic components of LWG enter the bloodstream and exert possible therapeutic effects. In vivo, LWG treatment improved body weight, reduced colonic injury and DAI scores, lowered inflammation, oxidative stress, and apoptosis markers, and partially restored intestinal barrier function in DHSD mice. Guided by network pharmacology and molecular docking, it is suggested that LWG may exert therapeutic effects by inhibiting IL-6/STAT3/PI3K/AKT signaling. LWG significantly decreased the expression of IL-6, p-STAT3, p-PI3K, p-AKT, and other proteins. These findings were supported by in vitro experiments, where CETSA, DARTS, and siRNA evidenced LWG's targeting of STAT3. LWG targeted STAT3 to inhibit inflammation, oxidative stress, and apoptosis in the colon, thereby restoring the intestinal barrier function to some extent and exerting a therapeutic effect on DHSD.
Q4_exposure_target_phenotype_chain	13	34464700	2021	A	Combines measured exposure with engagement or functional target evidence.		binding_engagement;context;docking_only;generic_experiment;measured_exposure;method_weak;network_pharmacology	Uncovering the active components, prospective targets, and molecular mechanism of Baihe Zhimu decoction for treating depression using network pharmacology-based analysis.	ETHNOPHARMACOLOGICAL RELEVANCE: Baihe Zhimu decoction (BZD) is a classical traditional Chinese medicinal herbal formula. It consists of two herbal medicines, Rhizoma Anemarrhenae (Zhimu), the rhizomes of Anemarrhena asphodeloides Bge. (Liliaceae), and Bulbus Lilii (Baihe), the bulbs of Lilium brownii var. Viridulum Baker (Liliaceae). BZD has been widely used in China to treat depression and verified to be effective without evident side effects. AIM OF THE STUDY: The aim of this study was to elucidate the active components, potential targets, and molecular mechanism of Baihe Zhimu decoction for treating depression. MATERIALS AND METHODS: In this research, a chronic unpredictable mild stress (CUMS) mice was first established to evaluate the pharmacological effects of BZD for treating depression. A component database was then constructed for BZD. High-performance liquid chromatography coupled with quadrupole time-of-flight mass spectrometry (HPLC-QTOF-MS) technique was used to identify the components in BZD and blood-absorbed components. Further screening and validation of protein targets were performed by molecule docking. The component-target binding affinity was validated by surface plasmon resonance analysis (SPR) assay. The related pathways were predicted by Kyoto Encyclopedia of Genes and Genomes (KEGG) pathway enrichment analysis. Relative proteins in the predicted pathways were finally assessed by Western blot. RESULTS: The pharmacology evaluation experiment demonstrated that BZD could improve depressive-like behavior, inhibit the hippocampal secretion of pro-inflammatory cytokines and reduce neuronal apoptosis in CUMS mice model. A component database containing 163 components and a target database covering 1286 proteins were constructed. HPLC-QTOF-MS assay identified twenty-six components from BZD and ten components absorbed into rat plasma after an intragastric treatment with BZD. Next, 56 underlying targets were screened out by a virtual high-throughput screening approach. Twenty-seven of them were further screened out and confirmed by molecular docking. Afterward, a component-target network was established, and the component-protein binding affinities were validated by SPR assays. By KEGG pathway enrichment analysis, two signaling pathways PI3K/Akt and MAPK were predicted as the potential signaling cascades. Finally, Western blot showed that BZD dramatically reversed the suppression of PI3K/Akt/GSK-3β pathway and the activation of MAPK pathway in CUMS mice model. CONCLUSIONS: BZD demonstrated a substantial pharmacological effect on CUMS mice model. Network pharmacology-based analysis predicted that ten blood-absorbed components can act on 27 target proteins. KEGG and Western blotting analysis suggested that BZD could exert antidepressant effects by regulating the PI3K/Akt and MAPK signaling pathways.
